,"ABM Campaign Planner - organized at job-title level. EVERY distinct title mentioned in Economic Buyer, Champion, or Influencer/User gets its own cluster/campaign, even if it appears only once - a use case can belong to more than one title's cluster. Each cluster's whole email sequence launches as ONE campaign per region on its scheduled day, and only for regions the source data actually names for that use case (see Target Geography column) - before Rakesh's US Master Calendar resumes.",,,,,,,,,,,,,,,,
Campaign Status,Date,Day,Owner,Region,Target Geography (this send),Persona (Job Title),Priority,Stream,Product(s),Sequence Length,Use Cases Covered (Buyer / Champion / Influencer-User),Campaign Name,Audience / Target List,Status,Date Live,Date Done,Notes
Live,31-Jul-2026,Fri,ABM Team,US,USA,CHRO (Empuls),P1,ICP Persona Sequence,Empuls,12 emails,"1. Employee Recognition - Buyer: CHRO / CPO | Champion: VP HR / Head of Total Rewards | Influencer/User: HRBP, Comp & Benefits manager, people managers
2. Total Rewards Strategy - Buyer: CHRO / CPO | Champion: Head of Total Rewards / Comp & Benefits | Influencer/User: VP HR, HR Head
3. Service milestone & anniversary rewards - Buyer: CHRO / Head of Total Rewards | Champion: HR Ops lead | Influencer/User: Procurement head, HR admin / manager
4. Perks, discounts, offers - Buyer: CHRO / Head of Total Rewards | Champion: Engagement / Benefits Head | Influencer/User: HRBP, benefits manager
5. Employee Well-being - Buyer: CHRO / Head of Total Rewards | Champion: Head of Wellbeing / Benefits Head | Influencer/User: Benefits manager, comp & benefits team
6. Lifestyle spending accounts & fringe benefits - Buyer: Head of Total Rewards / CHRO | Champion: Benefits Head / Benefits Manager | Influencer/User: Comp & benefits team, Finance / payroll
7. Employee engagement, experience & culture - Buyer: CHRO / CPO | Champion: Head of Employee Experience / People & Culture | Influencer/User: HRBP, engagement managers
8. Surveys, feedback, eNPS, moodometer, conversational agent - Buyer: CHRO | Champion: People Analytics / EX lead | Influencer/User: HRBP, engagement team
9. AI people-insights & analytics - Buyer: CHRO | Champion: People Analytics lead | Influencer/User: HRBP, HR Ops
10. Social intranet & internal communications - Buyer: CPO / CHRO (or Head of Comms) | Champion: Head of Internal Communications | Influencer/User: Corporate comms manager, IT
11. Frontline / deskless workforce - Buyer: COO / Operations Head (CHRO co-sign) | Champion: VP People / People Ops | Influencer/User: HR Director, engagement lead, site/field managers
12. Fitness challenges / stepathons - Buyer: CHRO / Head of Wellbeing | Champion: Engagement / Experience head | Influencer/User: HRBP, HR manager",P1_ABM_ICPSEQ-CHRO-EMPULS_US_EMAIL-LI_abmteam_31JUL26,CHRO (Empuls) buyer segment (12 use cases spanning Empuls),Planned,,,"Job-title cluster - every use case mentioning 'CHRO' anywhere in Buyer/Champion/Influencer is included, even if this title appears only once overall. Only use cases whose Target Geographies name this region are listed here (0 of 12 excluded as not applicable to this region). Needs account list built + Apollo enrichment before send."
,31-Jul-2026,Fri,ABM Team,ROW,"India, Middle East, SEA, Africa",CHRO (Empuls),P1,ICP Persona Sequence,Empuls,15 emails,"1. Employee Recognition - Buyer: CHRO / CPO | Champion: VP HR / Head of Total Rewards | Influencer/User: HRBP, Comp & Benefits manager, people managers
2. Total Rewards Strategy - Buyer: CHRO / CPO | Champion: Head of Total Rewards / Comp & Benefits | Influencer/User: VP HR, HR Head
3. Service milestone & anniversary rewards - Buyer: CHRO / Head of Total Rewards | Champion: HR Ops lead | Influencer/User: Procurement head, HR admin / manager
4. Perks, discounts, offers - Buyer: CHRO / Head of Total Rewards | Champion: Engagement / Benefits Head | Influencer/User: HRBP, benefits manager
5. Employee Well-being - Buyer: CHRO / Head of Total Rewards | Champion: Head of Wellbeing / Benefits Head | Influencer/User: Benefits manager, comp & benefits team
6. Employee engagement, experience & culture - Buyer: CHRO / CPO | Champion: Head of Employee Experience / People & Culture | Influencer/User: HRBP, engagement managers
7. Surveys, feedback, eNPS, moodometer, conversational agent - Buyer: CHRO | Champion: People Analytics / EX lead | Influencer/User: HRBP, engagement team
8. AI people-insights & analytics - Buyer: CHRO | Champion: People Analytics lead | Influencer/User: HRBP, HR Ops
9. Social intranet & internal communications - Buyer: CPO / CHRO (or Head of Comms) | Champion: Head of Internal Communications | Influencer/User: Corporate comms manager, IT
10. Frontline / deskless workforce - Buyer: COO / Operations Head (CHRO co-sign) | Champion: VP People / People Ops | Influencer/User: HR Director, engagement lead, site/field managers
11. Fitness challenges / stepathons - Buyer: CHRO / Head of Wellbeing | Champion: Engagement / Experience head | Influencer/User: HRBP, HR manager",P1_ABM_ICPSEQ-CHRO-EMPULS_ROW_EMAIL-LI_abmteam_31JUL26,CHRO (Empuls) buyer segment (11 use cases spanning Empuls),Planned,,,"Job-title cluster - every use case mentioning 'CHRO' anywhere in Buyer/Champion/Influencer is included, even if this title appears only once overall. Only use cases whose Target Geographies name this region are listed here (1 of 12 excluded as not applicable to this region). Needs account list built + Apollo enrichment before send."
,31-Jul-2026,Fri,ABM Team,Global,Europe + rest of world,CHRO (Empuls),P1,ICP Persona Sequence,Empuls,12 emails,"1. Employee Recognition - Buyer: CHRO / CPO | Champion: VP HR / Head of Total Rewards | Influencer/User: HRBP, Comp & Benefits manager, people managers
2. Total Rewards Strategy - Buyer: CHRO / CPO | Champion: Head of Total Rewards / Comp & Benefits | Influencer/User: VP HR, HR Head
3. Service milestone & anniversary rewards - Buyer: CHRO / Head of Total Rewards | Champion: HR Ops lead | Influencer/User: Procurement head, HR admin / manager
4. Perks, discounts, offers - Buyer: CHRO / Head of Total Rewards | Champion: Engagement / Benefits Head | Influencer/User: HRBP, benefits manager
5. Employee Well-being - Buyer: CHRO / Head of Total Rewards | Champion: Head of Wellbeing / Benefits Head | Influencer/User: Benefits manager, comp & benefits team
6. Lifestyle spending accounts & fringe benefits - Buyer: Head of Total Rewards / CHRO | Champion: Benefits Head / Benefits Manager | Influencer/User: Comp & benefits team, Finance / payroll
7. Employee engagement, experience & culture - Buyer: CHRO / CPO | Champion: Head of Employee Experience / People & Culture | Influencer/User: HRBP, engagement managers
8. Surveys, feedback, eNPS, moodometer, conversational agent - Buyer: CHRO | Champion: People Analytics / EX lead | Influencer/User: HRBP, engagement team
9. AI people-insights & analytics - Buyer: CHRO | Champion: People Analytics lead | Influencer/User: HRBP, HR Ops
10. Social intranet & internal communications - Buyer: CPO / CHRO (or Head of Comms) | Champion: Head of Internal Communications | Influencer/User: Corporate comms manager, IT
11. Frontline / deskless workforce - Buyer: COO / Operations Head (CHRO co-sign) | Champion: VP People / People Ops | Influencer/User: HR Director, engagement lead, site/field managers
12. Fitness challenges / stepathons - Buyer: CHRO / Head of Wellbeing | Champion: Engagement / Experience head | Influencer/User: HRBP, HR manager",P1_ABM_ICPSEQ-CHRO-EMPULS_GLOBAL_EMAIL-LI_abmteam_31JUL26,CHRO (Empuls) buyer segment (12 use cases spanning Empuls),Planned,,,"Job-title cluster - every use case mentioning 'CHRO' anywhere in Buyer/Champion/Influencer is included, even if this title appears only once overall. Only use cases whose Target Geographies name this region are listed here (0 of 12 excluded as not applicable to this region). Needs account list built + Apollo enrichment before send."
Live,03-Aug-2026,Mon,ABM Team,US,USA,Head of Total Rewards (Empuls),P1,ICP Persona Sequence,Empuls,12 emails,"1. Employee Recognition - Buyer: CHRO / CPO | Champion: VP HR / Head of Total Rewards | Influencer/User: HRBP, Comp & Benefits manager, people managers
2. Total Rewards Strategy - Buyer: CHRO / CPO | Champion: Head of Total Rewards / Comp & Benefits | Influencer/User: VP HR, HR Head
3. Service milestone & anniversary rewards - Buyer: CHRO / Head of Total Rewards | Champion: HR Ops lead | Influencer/User: Procurement head, HR admin / manager
4. Employee gifting (onboarding, festivals, birthdays) - Buyer: Head of Total Rewards / HR Ops | Champion: HR Ops / HR manager | Influencer/User: Procurement head, HR admin
5. Perks, discounts, offers - Buyer: CHRO / Head of Total Rewards | Champion: Engagement / Benefits Head | Influencer/User: HRBP, benefits manager
6. Rewards catalog & global fulfillment - Buyer: Head of Total Rewards / Procurement | Champion: HR Ops | Influencer/User: Comp & benefits team
7. Employee Well-being - Buyer: CHRO / Head of Total Rewards | Champion: Head of Wellbeing / Benefits Head | Influencer/User: Benefits manager, comp & benefits team
8. Lifestyle spending accounts & fringe benefits - Buyer: Head of Total Rewards / CHRO | Champion: Benefits Head / Benefits Manager | Influencer/User: Comp & benefits team, Finance / payroll",P1_ABM_ICPSEQ-HEAD-OF-TOTAL-REWARD_US_EMAIL-LI_abmteam_03AUG26,Head of Total Rewards (Empuls) buyer segment (8 use cases spanning Empuls),Planned,,,"Job-title cluster - every use case mentioning 'Head of Total Rewards' anywhere in Buyer/Champion/Influencer is included, even if this title appears only once overall. Only use cases whose Target Geographies name this region are listed here (0 of 8 excluded as not applicable to this region). Needs account list built + Apollo enrichment before send."
,03-Aug-2026,Mon,ABM Team,ROW,"India, Middle East, SEA, Africa",Head of Total Rewards (Empuls),P1,ICP Persona Sequence,Empuls,10 emails,"1. Employee Recognition - Buyer: CHRO / CPO | Champion: VP HR / Head of Total Rewards | Influencer/User: HRBP, Comp & Benefits manager, people managers
2. Total Rewards Strategy - Buyer: CHRO / CPO | Champion: Head of Total Rewards / Comp & Benefits | Influencer/User: VP HR, HR Head
3. Service milestone & anniversary rewards - Buyer: CHRO / Head of Total Rewards | Champion: HR Ops lead | Influencer/User: Procurement head, HR admin / manager
4. Employee gifting (onboarding, festivals, birthdays) - Buyer: Head of Total Rewards / HR Ops | Champion: HR Ops / HR manager | Influencer/User: Procurement head, HR admin
5. Perks, discounts, offers - Buyer: CHRO / Head of Total Rewards | Champion: Engagement / Benefits Head | Influencer/User: HRBP, benefits manager
6. Rewards catalog & global fulfillment - Buyer: Head of Total Rewards / Procurement | Champion: HR Ops | Influencer/User: Comp & benefits team
7. Employee Well-being - Buyer: CHRO / Head of Total Rewards | Champion: Head of Wellbeing / Benefits Head | Influencer/User: Benefits manager, comp & benefits team",P1_ABM_ICPSEQ-HEAD-OF-TOTAL-REWARD_ROW_EMAIL-LI_abmteam_03AUG26,Head of Total Rewards (Empuls) buyer segment (7 use cases spanning Empuls),Planned,,,"Job-title cluster - every use case mentioning 'Head of Total Rewards' anywhere in Buyer/Champion/Influencer is included, even if this title appears only once overall. Only use cases whose Target Geographies name this region are listed here (1 of 8 excluded as not applicable to this region). Needs account list built + Apollo enrichment before send."
,03-Aug-2026,Mon,ABM Team,Global,Europe + rest of world,Head of Total Rewards (Empuls),P1,ICP Persona Sequence,Empuls,10 emails,"1. Employee Recognition - Buyer: CHRO / CPO | Champion: VP HR / Head of Total Rewards | Influencer/User: HRBP, Comp & Benefits manager, people managers
2. Total Rewards Strategy - Buyer: CHRO / CPO | Champion: Head of Total Rewards / Comp & Benefits | Influencer/User: VP HR, HR Head
3. Service milestone & anniversary rewards - Buyer: CHRO / Head of Total Rewards | Champion: HR Ops lead | Influencer/User: Procurement head, HR admin / manager
4. Perks, discounts, offers - Buyer: CHRO / Head of Total Rewards | Champion: Engagement / Benefits Head | Influencer/User: HRBP, benefits manager
5. Rewards catalog & global fulfillment - Buyer: Head of Total Rewards / Procurement | Champion: HR Ops | Influencer/User: Comp & benefits team
6. Employee Well-being - Buyer: CHRO / Head of Total Rewards | Champion: Head of Wellbeing / Benefits Head | Influencer/User: Benefits manager, comp & benefits team
7. Lifestyle spending accounts & fringe benefits - Buyer: Head of Total Rewards / CHRO | Champion: Benefits Head / Benefits Manager | Influencer/User: Comp & benefits team, Finance / payroll",P1_ABM_ICPSEQ-HEAD-OF-TOTAL-REWARD_GLOBAL_EMAIL-LI_abmteam_03AUG26,Head of Total Rewards (Empuls) buyer segment (7 use cases spanning Empuls),Planned,,,"Job-title cluster - every use case mentioning 'Head of Total Rewards' anywhere in Buyer/Champion/Influencer is included, even if this title appears only once overall. Only use cases whose Target Geographies name this region are listed here (1 of 8 excluded as not applicable to this region). Needs account list built + Apollo enrichment before send."
,04-Aug-2026,Tue,ABM Team,US,USA,HRBP (Empuls),P1,ICP Persona Sequence,Empuls,9 emails,"1. Employee Recognition - Buyer: CHRO / CPO | Champion: VP HR / Head of Total Rewards | Influencer/User: HRBP, Comp & Benefits manager, people managers
2. Perks, discounts, offers - Buyer: CHRO / Head of Total Rewards | Champion: Engagement / Benefits Head | Influencer/User: HRBP, benefits manager
3. Employee engagement, experience & culture - Buyer: CHRO / CPO | Champion: Head of Employee Experience / People & Culture | Influencer/User: HRBP, engagement managers
4. Surveys, feedback, eNPS, moodometer, conversational agent - Buyer: CHRO | Champion: People Analytics / EX lead | Influencer/User: HRBP, engagement team
5. AI people-insights & analytics - Buyer: CHRO | Champion: People Analytics lead | Influencer/User: HRBP, HR Ops
6. Fitness challenges / stepathons - Buyer: CHRO / Head of Wellbeing | Champion: Engagement / Experience head | Influencer/User: HRBP, HR manager",P1_ABM_ICPSEQ-HRBP-EMPULS_US_EMAIL-LI_abmteam_04AUG26,HRBP (Empuls) buyer segment (6 use cases spanning Empuls),Planned,,,"Job-title cluster - every use case mentioning 'HRBP' anywhere in Buyer/Champion/Influencer is included, even if this title appears only once overall. Only use cases whose Target Geographies name this region are listed here (0 of 6 excluded as not applicable to this region). Needs account list built + Apollo enrichment before send."
,04-Aug-2026,Tue,ABM Team,ROW,"India, Middle East",HRBP (Empuls),P1,ICP Persona Sequence,Empuls,9 emails,"1. Employee Recognition - Buyer: CHRO / CPO | Champion: VP HR / Head of Total Rewards | Influencer/User: HRBP, Comp & Benefits manager, people managers
2. Perks, discounts, offers - Buyer: CHRO / Head of Total Rewards | Champion: Engagement / Benefits Head | Influencer/User: HRBP, benefits manager
3. Employee engagement, experience & culture - Buyer: CHRO / CPO | Champion: Head of Employee Experience / People & Culture | Influencer/User: HRBP, engagement managers
4. Surveys, feedback, eNPS, moodometer, conversational agent - Buyer: CHRO | Champion: People Analytics / EX lead | Influencer/User: HRBP, engagement team
5. AI people-insights & analytics - Buyer: CHRO | Champion: People Analytics lead | Influencer/User: HRBP, HR Ops
6. Fitness challenges / stepathons - Buyer: CHRO / Head of Wellbeing | Champion: Engagement / Experience head | Influencer/User: HRBP, HR manager",P1_ABM_ICPSEQ-HRBP-EMPULS_ROW_EMAIL-LI_abmteam_04AUG26,HRBP (Empuls) buyer segment (6 use cases spanning Empuls),Planned,,,"Job-title cluster - every use case mentioning 'HRBP' anywhere in Buyer/Champion/Influencer is included, even if this title appears only once overall. Only use cases whose Target Geographies name this region are listed here (0 of 6 excluded as not applicable to this region). Needs account list built + Apollo enrichment before send."
,04-Aug-2026,Tue,ABM Team,Global,Europe,HRBP (Empuls),P1,ICP Persona Sequence,Empuls,9 emails,"1. Employee Recognition - Buyer: CHRO / CPO | Champion: VP HR / Head of Total Rewards | Influencer/User: HRBP, Comp & Benefits manager, people managers
2. Perks, discounts, offers - Buyer: CHRO / Head of Total Rewards | Champion: Engagement / Benefits Head | Influencer/User: HRBP, benefits manager
3. Employee engagement, experience & culture - Buyer: CHRO / CPO | Champion: Head of Employee Experience / People & Culture | Influencer/User: HRBP, engagement managers
4. Surveys, feedback, eNPS, moodometer, conversational agent - Buyer: CHRO | Champion: People Analytics / EX lead | Influencer/User: HRBP, engagement team
5. AI people-insights & analytics - Buyer: CHRO | Champion: People Analytics lead | Influencer/User: HRBP, HR Ops
6. Fitness challenges / stepathons - Buyer: CHRO / Head of Wellbeing | Champion: Engagement / Experience head | Influencer/User: HRBP, HR manager",P1_ABM_ICPSEQ-HRBP-EMPULS_GLOBAL_EMAIL-LI_abmteam_04AUG26,HRBP (Empuls) buyer segment (6 use cases spanning Empuls),Planned,,,"Job-title cluster - every use case mentioning 'HRBP' anywhere in Buyer/Champion/Influencer is included, even if this title appears only once overall. Only use cases whose Target Geographies name this region are listed here (0 of 6 excluded as not applicable to this region). Needs account list built + Apollo enrichment before send."
,05-Aug-2026,Wed,ABM Team,US,USA,CPO (Empuls),P1,ICP Persona Sequence,Empuls,6 emails,"1. Employee Recognition - Buyer: CHRO / CPO | Champion: VP HR / Head of Total Rewards | Influencer/User: HRBP, Comp & Benefits manager, people managers
2. Total Rewards Strategy - Buyer: CHRO / CPO | Champion: Head of Total Rewards / Comp & Benefits | Influencer/User: VP HR, HR Head
3. Employee engagement, experience & culture - Buyer: CHRO / CPO | Champion: Head of Employee Experience / People & Culture | Influencer/User: HRBP, engagement managers
4. Social intranet & internal communications - Buyer: CPO / CHRO (or Head of Comms) | Champion: Head of Internal Communications | Influencer/User: Corporate comms manager, IT",P1_ABM_ICPSEQ-CPO-EMPULS_US_EMAIL-LI_abmteam_05AUG26,CPO (Empuls) buyer segment (4 use cases spanning Empuls),Planned,,,"Job-title cluster - every use case mentioning 'CPO' anywhere in Buyer/Champion/Influencer is included, even if this title appears only once overall. Only use cases whose Target Geographies name this region are listed here (0 of 4 excluded as not applicable to this region). Needs account list built + Apollo enrichment before send."
,05-Aug-2026,Wed,ABM Team,ROW,"India, Middle East",CPO (Empuls),P1,ICP Persona Sequence,Empuls,6 emails,"1. Employee Recognition - Buyer: CHRO / CPO | Champion: VP HR / Head of Total Rewards | Influencer/User: HRBP, Comp & Benefits manager, people managers
2. Total Rewards Strategy - Buyer: CHRO / CPO | Champion: Head of Total Rewards / Comp & Benefits | Influencer/User: VP HR, HR Head
3. Employee engagement, experience & culture - Buyer: CHRO / CPO | Champion: Head of Employee Experience / People & Culture | Influencer/User: HRBP, engagement managers
4. Social intranet & internal communications - Buyer: CPO / CHRO (or Head of Comms) | Champion: Head of Internal Communications | Influencer/User: Corporate comms manager, IT",P1_ABM_ICPSEQ-CPO-EMPULS_ROW_EMAIL-LI_abmteam_05AUG26,CPO (Empuls) buyer segment (4 use cases spanning Empuls),Planned,,,"Job-title cluster - every use case mentioning 'CPO' anywhere in Buyer/Champion/Influencer is included, even if this title appears only once overall. Only use cases whose Target Geographies name this region are listed here (0 of 4 excluded as not applicable to this region). Needs account list built + Apollo enrichment before send."
,05-Aug-2026,Wed,ABM Team,Global,Europe,CPO (Empuls),P1,ICP Persona Sequence,Empuls,6 emails,"1. Employee Recognition - Buyer: CHRO / CPO | Champion: VP HR / Head of Total Rewards | Influencer/User: HRBP, Comp & Benefits manager, people managers
2. Total Rewards Strategy - Buyer: CHRO / CPO | Champion: Head of Total Rewards / Comp & Benefits | Influencer/User: VP HR, HR Head
3. Employee engagement, experience & culture - Buyer: CHRO / CPO | Champion: Head of Employee Experience / People & Culture | Influencer/User: HRBP, engagement managers
4. Social intranet & internal communications - Buyer: CPO / CHRO (or Head of Comms) | Champion: Head of Internal Communications | Influencer/User: Corporate comms manager, IT",P1_ABM_ICPSEQ-CPO-EMPULS_GLOBAL_EMAIL-LI_abmteam_05AUG26,CPO (Empuls) buyer segment (4 use cases spanning Empuls),Planned,,,"Job-title cluster - every use case mentioning 'CPO' anywhere in Buyer/Champion/Influencer is included, even if this title appears only once overall. Only use cases whose Target Geographies name this region are listed here (0 of 4 excluded as not applicable to this region). Needs account list built + Apollo enrichment before send."
,06-Aug-2026,Thu,ABM Team,US,USA,HR Ops (Empuls),P1,ICP Persona Sequence,Empuls,4 emails,"1. Employee gifting (onboarding, festivals, birthdays) - Buyer: Head of Total Rewards / HR Ops | Champion: HR Ops / HR manager | Influencer/User: Procurement head, HR admin
2. Rewards catalog & global fulfillment - Buyer: Head of Total Rewards / Procurement | Champion: HR Ops | Influencer/User: Comp & benefits team
3. AI people-insights & analytics - Buyer: CHRO | Champion: People Analytics lead | Influencer/User: HRBP, HR Ops",P1_ABM_ICPSEQ-HR-OPS-EMPULS_US_EMAIL-LI_abmteam_06AUG26,HR Ops (Empuls) buyer segment (3 use cases spanning Empuls),Planned,,,"Job-title cluster - every use case mentioning 'HR Ops' anywhere in Buyer/Champion/Influencer is included, even if this title appears only once overall. Only use cases whose Target Geographies name this region are listed here (1 of 4 excluded as not applicable to this region). Needs account list built + Apollo enrichment before send."
,06-Aug-2026,Thu,ABM Team,ROW,"India, Middle East, SEA, Africa",HR Ops (Empuls),P1,ICP Persona Sequence,Empuls,6 emails,"1. Employee gifting (onboarding, festivals, birthdays) - Buyer: Head of Total Rewards / HR Ops | Champion: HR Ops / HR manager | Influencer/User: Procurement head, HR admin
2. Rewards catalog & global fulfillment - Buyer: Head of Total Rewards / Procurement | Champion: HR Ops | Influencer/User: Comp & benefits team
3. Tax benefits and India flexi-benefits - Buyer: CFO / Finance Head | Champion: Payroll Head / HR Ops | Influencer/User: Comp & benefits, payroll team
4. AI people-insights & analytics - Buyer: CHRO | Champion: People Analytics lead | Influencer/User: HRBP, HR Ops",P1_ABM_ICPSEQ-HR-OPS-EMPULS_ROW_EMAIL-LI_abmteam_06AUG26,HR Ops (Empuls) buyer segment (4 use cases spanning Empuls),Planned,,,"Job-title cluster - every use case mentioning 'HR Ops' anywhere in Buyer/Champion/Influencer is included, even if this title appears only once overall. Only use cases whose Target Geographies name this region are listed here (0 of 4 excluded as not applicable to this region). Needs account list built + Apollo enrichment before send."
,06-Aug-2026,Thu,ABM Team,Global,Europe + rest of world,HR Ops (Empuls),P1,ICP Persona Sequence,Empuls,3 emails,"1. Rewards catalog & global fulfillment - Buyer: Head of Total Rewards / Procurement | Champion: HR Ops | Influencer/User: Comp & benefits team
2. AI people-insights & analytics - Buyer: CHRO | Champion: People Analytics lead | Influencer/User: HRBP, HR Ops",P1_ABM_ICPSEQ-HR-OPS-EMPULS_GLOBAL_EMAIL-LI_abmteam_06AUG26,HR Ops (Empuls) buyer segment (2 use cases spanning Empuls),Planned,,,"Job-title cluster - every use case mentioning 'HR Ops' anywhere in Buyer/Champion/Influencer is included, even if this title appears only once overall. Only use cases whose Target Geographies name this region are listed here (2 of 4 excluded as not applicable to this region). Needs account list built + Apollo enrichment before send."
,07-Aug-2026,Fri,ABM Team,US,USA,Benefits Head (Empuls),P1,ICP Persona Sequence,Empuls,4 emails,"1. Perks, discounts, offers - Buyer: CHRO / Head of Total Rewards | Champion: Engagement / Benefits Head | Influencer/User: HRBP, benefits manager
2. Employee Well-being - Buyer: CHRO / Head of Total Rewards | Champion: Head of Wellbeing / Benefits Head | Influencer/User: Benefits manager, comp & benefits team
3. Lifestyle spending accounts & fringe benefits - Buyer: Head of Total Rewards / CHRO | Champion: Benefits Head / Benefits Manager | Influencer/User: Comp & benefits team, Finance / payroll",P1_ABM_ICPSEQ-BENEFITS-HEAD-EMPULS_US_EMAIL-LI_abmteam_07AUG26,Benefits Head (Empuls) buyer segment (3 use cases spanning Empuls),Planned,,,"Job-title cluster - every use case mentioning 'Benefits Head' anywhere in Buyer/Champion/Influencer is included, even if this title appears only once overall. Only use cases whose Target Geographies name this region are listed here (0 of 3 excluded as not applicable to this region). Needs account list built + Apollo enrichment before send."
,07-Aug-2026,Fri,ABM Team,ROW,"India, Middle East",Benefits Head (Empuls),P1,ICP Persona Sequence,Empuls,3 emails,"1. Perks, discounts, offers - Buyer: CHRO / Head of Total Rewards | Champion: Engagement / Benefits Head | Influencer/User: HRBP, benefits manager
2. Employee Well-being - Buyer: CHRO / Head of Total Rewards | Champion: Head of Wellbeing / Benefits Head | Influencer/User: Benefits manager, comp & benefits team",P1_ABM_ICPSEQ-BENEFITS-HEAD-EMPULS_ROW_EMAIL-LI_abmteam_07AUG26,Benefits Head (Empuls) buyer segment (2 use cases spanning Empuls),Planned,,,"Job-title cluster - every use case mentioning 'Benefits Head' anywhere in Buyer/Champion/Influencer is included, even if this title appears only once overall. Only use cases whose Target Geographies name this region are listed here (1 of 3 excluded as not applicable to this region). Needs account list built + Apollo enrichment before send."
,07-Aug-2026,Fri,ABM Team,Global,Europe,Benefits Head (Empuls),P1,ICP Persona Sequence,Empuls,4 emails,"1. Perks, discounts, offers - Buyer: CHRO / Head of Total Rewards | Champion: Engagement / Benefits Head | Influencer/User: HRBP, benefits manager
2. Employee Well-being - Buyer: CHRO / Head of Total Rewards | Champion: Head of Wellbeing / Benefits Head | Influencer/User: Benefits manager, comp & benefits team
3. Lifestyle spending accounts & fringe benefits - Buyer: Head of Total Rewards / CHRO | Champion: Benefits Head / Benefits Manager | Influencer/User: Comp & benefits team, Finance / payroll",P1_ABM_ICPSEQ-BENEFITS-HEAD-EMPULS_GLOBAL_EMAIL-LI_abmteam_07AUG26,Benefits Head (Empuls) buyer segment (3 use cases spanning Empuls),Planned,,,"Job-title cluster - every use case mentioning 'Benefits Head' anywhere in Buyer/Champion/Influencer is included, even if this title appears only once overall. Only use cases whose Target Geographies name this region are listed here (0 of 3 excluded as not applicable to this region). Needs account list built + Apollo enrichment before send."
,10-Aug-2026,Mon,ABM Team,US,USA,Benefits manager (Empuls),P1,ICP Persona Sequence,Empuls,3 emails,"1. Employee Well-being - Buyer: CHRO / Head of Total Rewards | Champion: Head of Wellbeing / Benefits Head | Influencer/User: Benefits manager, comp & benefits team
2. Lifestyle spending accounts & fringe benefits - Buyer: Head of Total Rewards / CHRO | Champion: Benefits Head / Benefits Manager | Influencer/User: Comp & benefits team, Finance / payroll",P1_ABM_ICPSEQ-BENEFITS-MANAGER-EMP_US_EMAIL-LI_abmteam_10AUG26,Benefits manager (Empuls) buyer segment (2 use cases spanning Empuls),Planned,,,"Job-title cluster - every use case mentioning 'Benefits manager' anywhere in Buyer/Champion/Influencer is included, even if this title appears only once overall. Only use cases whose Target Geographies name this region are listed here (0 of 2 excluded as not applicable to this region). Needs account list built + Apollo enrichment before send."
,10-Aug-2026,Mon,ABM Team,ROW,"India, Middle East",Benefits manager (Empuls),P1,ICP Persona Sequence,Empuls,1 emails,"1. Employee Well-being - Buyer: CHRO / Head of Total Rewards | Champion: Head of Wellbeing / Benefits Head | Influencer/User: Benefits manager, comp & benefits team",P1_ABM_ICPSEQ-BENEFITS-MANAGER-EMP_ROW_EMAIL-LI_abmteam_10AUG26,Benefits manager (Empuls) buyer segment (1 use cases spanning Empuls),Planned,,,"Job-title cluster - every use case mentioning 'Benefits manager' anywhere in Buyer/Champion/Influencer is included, even if this title appears only once overall. Only use cases whose Target Geographies name this region are listed here (1 of 2 excluded as not applicable to this region). Needs account list built + Apollo enrichment before send."
,10-Aug-2026,Mon,ABM Team,Global,Europe,Benefits manager (Empuls),P1,ICP Persona Sequence,Empuls,3 emails,"1. Employee Well-being - Buyer: CHRO / Head of Total Rewards | Champion: Head of Wellbeing / Benefits Head | Influencer/User: Benefits manager, comp & benefits team
2. Lifestyle spending accounts & fringe benefits - Buyer: Head of Total Rewards / CHRO | Champion: Benefits Head / Benefits Manager | Influencer/User: Comp & benefits team, Finance / payroll",P1_ABM_ICPSEQ-BENEFITS-MANAGER-EMP_GLOBAL_EMAIL-LI_abmteam_10AUG26,Benefits manager (Empuls) buyer segment (2 use cases spanning Empuls),Planned,,,"Job-title cluster - every use case mentioning 'Benefits manager' anywhere in Buyer/Champion/Influencer is included, even if this title appears only once overall. Only use cases whose Target Geographies name this region are listed here (0 of 2 excluded as not applicable to this region). Needs account list built + Apollo enrichment before send."
,11-Aug-2026,Tue,ABM Team,US,USA,CFO (Empuls),P1,ICP Persona Sequence,Empuls,1 emails,"1. Gamification, incentives, commissions, icm, spm - Buyer: CFO / CRO | Champion: Head of RevOps / Sales Ops | Influencer/User: ICM manager, Finance, VP Sales",P1_ABM_ICPSEQ-CFO-EMPULS_US_EMAIL-LI_abmteam_11AUG26,CFO (Empuls) buyer segment (1 use cases spanning Empuls),Planned,,,"Job-title cluster - every use case mentioning 'CFO' anywhere in Buyer/Champion/Influencer is included, even if this title appears only once overall. Only use cases whose Target Geographies name this region are listed here (1 of 2 excluded as not applicable to this region). Needs account list built + Apollo enrichment before send."
,11-Aug-2026,Tue,ABM Team,ROW,"India, Middle East",CFO (Empuls),P1,ICP Persona Sequence,Empuls,3 emails,"1. Tax benefits and India flexi-benefits - Buyer: CFO / Finance Head | Champion: Payroll Head / HR Ops | Influencer/User: Comp & benefits, payroll team
2. Gamification, incentives, commissions, icm, spm - Buyer: CFO / CRO | Champion: Head of RevOps / Sales Ops | Influencer/User: ICM manager, Finance, VP Sales",P1_ABM_ICPSEQ-CFO-EMPULS_ROW_EMAIL-LI_abmteam_11AUG26,CFO (Empuls) buyer segment (2 use cases spanning Empuls),Planned,,,"Job-title cluster - every use case mentioning 'CFO' anywhere in Buyer/Champion/Influencer is included, even if this title appears only once overall. Only use cases whose Target Geographies name this region are listed here (0 of 2 excluded as not applicable to this region). Needs account list built + Apollo enrichment before send."
,12-Aug-2026,Wed,ABM Team,US,USA,Comp & Benefits (Empuls),P1,ICP Persona Sequence,Empuls,1 emails,"1. Total Rewards Strategy - Buyer: CHRO / CPO | Champion: Head of Total Rewards / Comp & Benefits | Influencer/User: VP HR, HR Head",P1_ABM_ICPSEQ-COMP-BENEFITS-EMPULS_US_EMAIL-LI_abmteam_12AUG26,Comp & Benefits (Empuls) buyer segment (1 use cases spanning Empuls),Planned,,,"Job-title cluster - every use case mentioning 'Comp & Benefits' anywhere in Buyer/Champion/Influencer is included, even if this title appears only once overall. Only use cases whose Target Geographies name this region are listed here (1 of 2 excluded as not applicable to this region). Needs account list built + Apollo enrichment before send."
,12-Aug-2026,Wed,ABM Team,ROW,"India, Middle East",Comp & Benefits (Empuls),P1,ICP Persona Sequence,Empuls,3 emails,"1. Total Rewards Strategy - Buyer: CHRO / CPO | Champion: Head of Total Rewards / Comp & Benefits | Influencer/User: VP HR, HR Head
2. Tax benefits and India flexi-benefits - Buyer: CFO / Finance Head | Champion: Payroll Head / HR Ops | Influencer/User: Comp & benefits, payroll team",P1_ABM_ICPSEQ-COMP-BENEFITS-EMPULS_ROW_EMAIL-LI_abmteam_12AUG26,Comp & Benefits (Empuls) buyer segment (2 use cases spanning Empuls),Planned,,,"Job-title cluster - every use case mentioning 'Comp & Benefits' anywhere in Buyer/Champion/Influencer is included, even if this title appears only once overall. Only use cases whose Target Geographies name this region are listed here (0 of 2 excluded as not applicable to this region). Needs account list built + Apollo enrichment before send."
,12-Aug-2026,Wed,ABM Team,Global,Europe,Comp & Benefits (Empuls),P1,ICP Persona Sequence,Empuls,1 emails,"1. Total Rewards Strategy - Buyer: CHRO / CPO | Champion: Head of Total Rewards / Comp & Benefits | Influencer/User: VP HR, HR Head",P1_ABM_ICPSEQ-COMP-BENEFITS-EMPULS_GLOBAL_EMAIL-LI_abmteam_12AUG26,Comp & Benefits (Empuls) buyer segment (1 use cases spanning Empuls),Planned,,,"Job-title cluster - every use case mentioning 'Comp & Benefits' anywhere in Buyer/Champion/Influencer is included, even if this title appears only once overall. Only use cases whose Target Geographies name this region are listed here (1 of 2 excluded as not applicable to this region). Needs account list built + Apollo enrichment before send."
,13-Aug-2026,Thu,ABM Team,US,USA,Comp & benefits team (Empuls),P1,ICP Persona Sequence,Empuls,3 emails,"1. Rewards catalog & global fulfillment - Buyer: Head of Total Rewards / Procurement | Champion: HR Ops | Influencer/User: Comp & benefits team
2. Lifestyle spending accounts & fringe benefits - Buyer: Head of Total Rewards / CHRO | Champion: Benefits Head / Benefits Manager | Influencer/User: Comp & benefits team, Finance / payroll",P1_ABM_ICPSEQ-COMP-BENEFITS-TEAM-E_US_EMAIL-LI_abmteam_13AUG26,Comp & benefits team (Empuls) buyer segment (2 use cases spanning Empuls),Planned,,,"Job-title cluster - every use case mentioning 'Comp & benefits team' anywhere in Buyer/Champion/Influencer is included, even if this title appears only once overall. Only use cases whose Target Geographies name this region are listed here (0 of 2 excluded as not applicable to this region). Needs account list built + Apollo enrichment before send."
,13-Aug-2026,Thu,ABM Team,ROW,"India, Middle East, SEA, Africa",Comp & benefits team (Empuls),P1,ICP Persona Sequence,Empuls,1 emails,1. Rewards catalog & global fulfillment - Buyer: Head of Total Rewards / Procurement | Champion: HR Ops | Influencer/User: Comp & benefits team,P1_ABM_ICPSEQ-COMP-BENEFITS-TEAM-E_ROW_EMAIL-LI_abmteam_13AUG26,Comp & benefits team (Empuls) buyer segment (1 use cases spanning Empuls),Planned,,,"Job-title cluster - every use case mentioning 'Comp & benefits team' anywhere in Buyer/Champion/Influencer is included, even if this title appears only once overall. Only use cases whose Target Geographies name this region are listed here (1 of 2 excluded as not applicable to this region). Needs account list built + Apollo enrichment before send."
,13-Aug-2026,Thu,ABM Team,Global,Europe + rest of world,Comp & benefits team (Empuls),P1,ICP Persona Sequence,Empuls,3 emails,"1. Rewards catalog & global fulfillment - Buyer: Head of Total Rewards / Procurement | Champion: HR Ops | Influencer/User: Comp & benefits team
2. Lifestyle spending accounts & fringe benefits - Buyer: Head of Total Rewards / CHRO | Champion: Benefits Head / Benefits Manager | Influencer/User: Comp & benefits team, Finance / payroll",P1_ABM_ICPSEQ-COMP-BENEFITS-TEAM-E_GLOBAL_EMAIL-LI_abmteam_13AUG26,Comp & benefits team (Empuls) buyer segment (2 use cases spanning Empuls),Planned,,,"Job-title cluster - every use case mentioning 'Comp & benefits team' anywhere in Buyer/Champion/Influencer is included, even if this title appears only once overall. Only use cases whose Target Geographies name this region are listed here (0 of 2 excluded as not applicable to this region). Needs account list built + Apollo enrichment before send."
,14-Aug-2026,Fri,ABM Team,US,USA,Engagement (Empuls),P1,ICP Persona Sequence,Empuls,3 emails,"1. Perks, discounts, offers - Buyer: CHRO / Head of Total Rewards | Champion: Engagement / Benefits Head | Influencer/User: HRBP, benefits manager
2. Fitness challenges / stepathons - Buyer: CHRO / Head of Wellbeing | Champion: Engagement / Experience head | Influencer/User: HRBP, HR manager",P1_ABM_ICPSEQ-ENGAGEMENT-EMPULS_US_EMAIL-LI_abmteam_14AUG26,Engagement (Empuls) buyer segment (2 use cases spanning Empuls),Planned,,,"Job-title cluster - every use case mentioning 'Engagement' anywhere in Buyer/Champion/Influencer is included, even if this title appears only once overall. Only use cases whose Target Geographies name this region are listed here (0 of 2 excluded as not applicable to this region). Needs account list built + Apollo enrichment before send."
,14-Aug-2026,Fri,ABM Team,ROW,"India, Middle East",Engagement (Empuls),P1,ICP Persona Sequence,Empuls,3 emails,"1. Perks, discounts, offers - Buyer: CHRO / Head of Total Rewards | Champion: Engagement / Benefits Head | Influencer/User: HRBP, benefits manager
2. Fitness challenges / stepathons - Buyer: CHRO / Head of Wellbeing | Champion: Engagement / Experience head | Influencer/User: HRBP, HR manager",P1_ABM_ICPSEQ-ENGAGEMENT-EMPULS_ROW_EMAIL-LI_abmteam_14AUG26,Engagement (Empuls) buyer segment (2 use cases spanning Empuls),Planned,,,"Job-title cluster - every use case mentioning 'Engagement' anywhere in Buyer/Champion/Influencer is included, even if this title appears only once overall. Only use cases whose Target Geographies name this region are listed here (0 of 2 excluded as not applicable to this region). Needs account list built + Apollo enrichment before send."
,14-Aug-2026,Fri,ABM Team,Global,Europe,Engagement (Empuls),P1,ICP Persona Sequence,Empuls,3 emails,"1. Perks, discounts, offers - Buyer: CHRO / Head of Total Rewards | Champion: Engagement / Benefits Head | Influencer/User: HRBP, benefits manager
2. Fitness challenges / stepathons - Buyer: CHRO / Head of Wellbeing | Champion: Engagement / Experience head | Influencer/User: HRBP, HR manager",P1_ABM_ICPSEQ-ENGAGEMENT-EMPULS_GLOBAL_EMAIL-LI_abmteam_14AUG26,Engagement (Empuls) buyer segment (2 use cases spanning Empuls),Planned,,,"Job-title cluster - every use case mentioning 'Engagement' anywhere in Buyer/Champion/Influencer is included, even if this title appears only once overall. Only use cases whose Target Geographies name this region are listed here (0 of 2 excluded as not applicable to this region). Needs account list built + Apollo enrichment before send."
,17-Aug-2026,Mon,ABM Team,US,USA,Finance (Empuls),P1,ICP Persona Sequence,Empuls,3 emails,"1. Lifestyle spending accounts & fringe benefits - Buyer: Head of Total Rewards / CHRO | Champion: Benefits Head / Benefits Manager | Influencer/User: Comp & benefits team, Finance / payroll
2. Gamification, incentives, commissions, icm, spm - Buyer: CFO / CRO | Champion: Head of RevOps / Sales Ops | Influencer/User: ICM manager, Finance, VP Sales",P1_ABM_ICPSEQ-FINANCE-EMPULS_US_EMAIL-LI_abmteam_17AUG26,Finance (Empuls) buyer segment (2 use cases spanning Empuls),Planned,,,"Job-title cluster - every use case mentioning 'Finance' anywhere in Buyer/Champion/Influencer is included, even if this title appears only once overall. Only use cases whose Target Geographies name this region are listed here (0 of 2 excluded as not applicable to this region). Needs account list built + Apollo enrichment before send."
,17-Aug-2026,Mon,ABM Team,ROW,"India, Middle East",Finance (Empuls),P1,ICP Persona Sequence,Empuls,1 emails,"1. Gamification, incentives, commissions, icm, spm - Buyer: CFO / CRO | Champion: Head of RevOps / Sales Ops | Influencer/User: ICM manager, Finance, VP Sales",P1_ABM_ICPSEQ-FINANCE-EMPULS_ROW_EMAIL-LI_abmteam_17AUG26,Finance (Empuls) buyer segment (1 use cases spanning Empuls),Planned,,,"Job-title cluster - every use case mentioning 'Finance' anywhere in Buyer/Champion/Influencer is included, even if this title appears only once overall. Only use cases whose Target Geographies name this region are listed here (1 of 2 excluded as not applicable to this region). Needs account list built + Apollo enrichment before send."
,17-Aug-2026,Mon,ABM Team,Global,Europe,Finance (Empuls),P1,ICP Persona Sequence,Empuls,1 emails,"1. Lifestyle spending accounts & fringe benefits - Buyer: Head of Total Rewards / CHRO | Champion: Benefits Head / Benefits Manager | Influencer/User: Comp & benefits team, Finance / payroll",P1_ABM_ICPSEQ-FINANCE-EMPULS_GLOBAL_EMAIL-LI_abmteam_17AUG26,Finance (Empuls) buyer segment (1 use cases spanning Empuls),Planned,,,"Job-title cluster - every use case mentioning 'Finance' anywhere in Buyer/Champion/Influencer is included, even if this title appears only once overall. Only use cases whose Target Geographies name this region are listed here (1 of 2 excluded as not applicable to this region). Needs account list built + Apollo enrichment before send."
,18-Aug-2026,Tue,ABM Team,US,USA,HR admin (Empuls),P1,ICP Persona Sequence,Empuls,3 emails,"1. Service milestone & anniversary rewards - Buyer: CHRO / Head of Total Rewards | Champion: HR Ops lead | Influencer/User: Procurement head, HR admin / manager
2. Employee gifting (onboarding, festivals, birthdays) - Buyer: Head of Total Rewards / HR Ops | Champion: HR Ops / HR manager | Influencer/User: Procurement head, HR admin",P1_ABM_ICPSEQ-HR-ADMIN-EMPULS_US_EMAIL-LI_abmteam_18AUG26,HR admin (Empuls) buyer segment (2 use cases spanning Empuls),Planned,,,"Job-title cluster - every use case mentioning 'HR admin' anywhere in Buyer/Champion/Influencer is included, even if this title appears only once overall. Only use cases whose Target Geographies name this region are listed here (0 of 2 excluded as not applicable to this region). Needs account list built + Apollo enrichment before send."
,18-Aug-2026,Tue,ABM Team,ROW,"India, Middle East",HR admin (Empuls),P1,ICP Persona Sequence,Empuls,3 emails,"1. Service milestone & anniversary rewards - Buyer: CHRO / Head of Total Rewards | Champion: HR Ops lead | Influencer/User: Procurement head, HR admin / manager
2. Employee gifting (onboarding, festivals, birthdays) - Buyer: Head of Total Rewards / HR Ops | Champion: HR Ops / HR manager | Influencer/User: Procurement head, HR admin",P1_ABM_ICPSEQ-HR-ADMIN-EMPULS_ROW_EMAIL-LI_abmteam_18AUG26,HR admin (Empuls) buyer segment (2 use cases spanning Empuls),Planned,,,"Job-title cluster - every use case mentioning 'HR admin' anywhere in Buyer/Champion/Influencer is included, even if this title appears only once overall. Only use cases whose Target Geographies name this region are listed here (0 of 2 excluded as not applicable to this region). Needs account list built + Apollo enrichment before send."
,18-Aug-2026,Tue,ABM Team,Global,Europe,HR admin (Empuls),P1,ICP Persona Sequence,Empuls,1 emails,"1. Service milestone & anniversary rewards - Buyer: CHRO / Head of Total Rewards | Champion: HR Ops lead | Influencer/User: Procurement head, HR admin / manager",P1_ABM_ICPSEQ-HR-ADMIN-EMPULS_GLOBAL_EMAIL-LI_abmteam_18AUG26,HR admin (Empuls) buyer segment (1 use cases spanning Empuls),Planned,,,"Job-title cluster - every use case mentioning 'HR admin' anywhere in Buyer/Champion/Influencer is included, even if this title appears only once overall. Only use cases whose Target Geographies name this region are listed here (1 of 2 excluded as not applicable to this region). Needs account list built + Apollo enrichment before send."
,19-Aug-2026,Wed,ABM Team,US,USA,HR manager (Empuls),P1,ICP Persona Sequence,Empuls,3 emails,"1. Employee gifting (onboarding, festivals, birthdays) - Buyer: Head of Total Rewards / HR Ops | Champion: HR Ops / HR manager | Influencer/User: Procurement head, HR admin
2. Fitness challenges / stepathons - Buyer: CHRO / Head of Wellbeing | Champion: Engagement / Experience head | Influencer/User: HRBP, HR manager",P1_ABM_ICPSEQ-HR-MANAGER-EMPULS_US_EMAIL-LI_abmteam_19AUG26,HR manager (Empuls) buyer segment (2 use cases spanning Empuls),Planned,,,"Job-title cluster - every use case mentioning 'HR manager' anywhere in Buyer/Champion/Influencer is included, even if this title appears only once overall. Only use cases whose Target Geographies name this region are listed here (0 of 2 excluded as not applicable to this region). Needs account list built + Apollo enrichment before send."
,19-Aug-2026,Wed,ABM Team,ROW,"India, Middle East",HR manager (Empuls),P1,ICP Persona Sequence,Empuls,3 emails,"1. Employee gifting (onboarding, festivals, birthdays) - Buyer: Head of Total Rewards / HR Ops | Champion: HR Ops / HR manager | Influencer/User: Procurement head, HR admin
2. Fitness challenges / stepathons - Buyer: CHRO / Head of Wellbeing | Champion: Engagement / Experience head | Influencer/User: HRBP, HR manager",P1_ABM_ICPSEQ-HR-MANAGER-EMPULS_ROW_EMAIL-LI_abmteam_19AUG26,HR manager (Empuls) buyer segment (2 use cases spanning Empuls),Planned,,,"Job-title cluster - every use case mentioning 'HR manager' anywhere in Buyer/Champion/Influencer is included, even if this title appears only once overall. Only use cases whose Target Geographies name this region are listed here (0 of 2 excluded as not applicable to this region). Needs account list built + Apollo enrichment before send."
,19-Aug-2026,Wed,ABM Team,Global,Europe,HR manager (Empuls),P1,ICP Persona Sequence,Empuls,1 emails,"1. Fitness challenges / stepathons - Buyer: CHRO / Head of Wellbeing | Champion: Engagement / Experience head | Influencer/User: HRBP, HR manager",P1_ABM_ICPSEQ-HR-MANAGER-EMPULS_GLOBAL_EMAIL-LI_abmteam_19AUG26,HR manager (Empuls) buyer segment (1 use cases spanning Empuls),Planned,,,"Job-title cluster - every use case mentioning 'HR manager' anywhere in Buyer/Champion/Influencer is included, even if this title appears only once overall. Only use cases whose Target Geographies name this region are listed here (1 of 2 excluded as not applicable to this region). Needs account list built + Apollo enrichment before send."
,20-Aug-2026,Thu,ABM Team,US,USA,Head of Wellbeing (Empuls),P1,ICP Persona Sequence,Empuls,3 emails,"1. Employee Well-being - Buyer: CHRO / Head of Total Rewards | Champion: Head of Wellbeing / Benefits Head | Influencer/User: Benefits manager, comp & benefits team
2. Fitness challenges / stepathons - Buyer: CHRO / Head of Wellbeing | Champion: Engagement / Experience head | Influencer/User: HRBP, HR manager",P1_ABM_ICPSEQ-HEAD-OF-WELLBEING-EM_US_EMAIL-LI_abmteam_20AUG26,Head of Wellbeing (Empuls) buyer segment (2 use cases spanning Empuls),Planned,,,"Job-title cluster - every use case mentioning 'Head of Wellbeing' anywhere in Buyer/Champion/Influencer is included, even if this title appears only once overall. Only use cases whose Target Geographies name this region are listed here (0 of 2 excluded as not applicable to this region). Needs account list built + Apollo enrichment before send."
,20-Aug-2026,Thu,ABM Team,ROW,"India, Middle East",Head of Wellbeing (Empuls),P1,ICP Persona Sequence,Empuls,3 emails,"1. Employee Well-being - Buyer: CHRO / Head of Total Rewards | Champion: Head of Wellbeing / Benefits Head | Influencer/User: Benefits manager, comp & benefits team
2. Fitness challenges / stepathons - Buyer: CHRO / Head of Wellbeing | Champion: Engagement / Experience head | Influencer/User: HRBP, HR manager",P1_ABM_ICPSEQ-HEAD-OF-WELLBEING-EM_ROW_EMAIL-LI_abmteam_20AUG26,Head of Wellbeing (Empuls) buyer segment (2 use cases spanning Empuls),Planned,,,"Job-title cluster - every use case mentioning 'Head of Wellbeing' anywhere in Buyer/Champion/Influencer is included, even if this title appears only once overall. Only use cases whose Target Geographies name this region are listed here (0 of 2 excluded as not applicable to this region). Needs account list built + Apollo enrichment before send."
,20-Aug-2026,Thu,ABM Team,Global,Europe,Head of Wellbeing (Empuls),P1,ICP Persona Sequence,Empuls,3 emails,"1. Employee Well-being - Buyer: CHRO / Head of Total Rewards | Champion: Head of Wellbeing / Benefits Head | Influencer/User: Benefits manager, comp & benefits team
2. Fitness challenges / stepathons - Buyer: CHRO / Head of Wellbeing | Champion: Engagement / Experience head | Influencer/User: HRBP, HR manager",P1_ABM_ICPSEQ-HEAD-OF-WELLBEING-EM_GLOBAL_EMAIL-LI_abmteam_20AUG26,Head of Wellbeing (Empuls) buyer segment (2 use cases spanning Empuls),Planned,,,"Job-title cluster - every use case mentioning 'Head of Wellbeing' anywhere in Buyer/Champion/Influencer is included, even if this title appears only once overall. Only use cases whose Target Geographies name this region are listed here (0 of 2 excluded as not applicable to this region). Needs account list built + Apollo enrichment before send."
,21-Aug-2026,Fri,ABM Team,US,USA,Procurement head (Empuls),P1,ICP Persona Sequence,Empuls,3 emails,"1. Service milestone & anniversary rewards - Buyer: CHRO / Head of Total Rewards | Champion: HR Ops lead | Influencer/User: Procurement head, HR admin / manager
2. Employee gifting (onboarding, festivals, birthdays) - Buyer: Head of Total Rewards / HR Ops | Champion: HR Ops / HR manager | Influencer/User: Procurement head, HR admin",P1_ABM_ICPSEQ-PROCUREMENT-HEAD-EMP_US_EMAIL-LI_abmteam_21AUG26,Procurement head (Empuls) buyer segment (2 use cases spanning Empuls),Planned,,,"Job-title cluster - every use case mentioning 'Procurement head' anywhere in Buyer/Champion/Influencer is included, even if this title appears only once overall. Only use cases whose Target Geographies name this region are listed here (0 of 2 excluded as not applicable to this region). Needs account list built + Apollo enrichment before send."
,21-Aug-2026,Fri,ABM Team,ROW,"India, Middle East",Procurement head (Empuls),P1,ICP Persona Sequence,Empuls,3 emails,"1. Service milestone & anniversary rewards - Buyer: CHRO / Head of Total Rewards | Champion: HR Ops lead | Influencer/User: Procurement head, HR admin / manager
2. Employee gifting (onboarding, festivals, birthdays) - Buyer: Head of Total Rewards / HR Ops | Champion: HR Ops / HR manager | Influencer/User: Procurement head, HR admin",P1_ABM_ICPSEQ-PROCUREMENT-HEAD-EMP_ROW_EMAIL-LI_abmteam_21AUG26,Procurement head (Empuls) buyer segment (2 use cases spanning Empuls),Planned,,,"Job-title cluster - every use case mentioning 'Procurement head' anywhere in Buyer/Champion/Influencer is included, even if this title appears only once overall. Only use cases whose Target Geographies name this region are listed here (0 of 2 excluded as not applicable to this region). Needs account list built + Apollo enrichment before send."
,21-Aug-2026,Fri,ABM Team,Global,Europe,Procurement head (Empuls),P1,ICP Persona Sequence,Empuls,1 emails,"1. Service milestone & anniversary rewards - Buyer: CHRO / Head of Total Rewards | Champion: HR Ops lead | Influencer/User: Procurement head, HR admin / manager",P1_ABM_ICPSEQ-PROCUREMENT-HEAD-EMP_GLOBAL_EMAIL-LI_abmteam_21AUG26,Procurement head (Empuls) buyer segment (1 use cases spanning Empuls),Planned,,,"Job-title cluster - every use case mentioning 'Procurement head' anywhere in Buyer/Champion/Influencer is included, even if this title appears only once overall. Only use cases whose Target Geographies name this region are listed here (1 of 2 excluded as not applicable to this region). Needs account list built + Apollo enrichment before send."
,24-Aug-2026,Mon,ABM Team,US,USA,VP HR (Empuls),P1,ICP Persona Sequence,Empuls,3 emails,"1. Employee Recognition - Buyer: CHRO / CPO | Champion: VP HR / Head of Total Rewards | Influencer/User: HRBP, Comp & Benefits manager, people managers
2. Total Rewards Strategy - Buyer: CHRO / CPO | Champion: Head of Total Rewards / Comp & Benefits | Influencer/User: VP HR, HR Head",P1_ABM_ICPSEQ-VP-HR-EMPULS_US_EMAIL-LI_abmteam_24AUG26,VP HR (Empuls) buyer segment (2 use cases spanning Empuls),Planned,,,"Job-title cluster - every use case mentioning 'VP HR' anywhere in Buyer/Champion/Influencer is included, even if this title appears only once overall. Only use cases whose Target Geographies name this region are listed here (0 of 2 excluded as not applicable to this region). Needs account list built + Apollo enrichment before send."
,24-Aug-2026,Mon,ABM Team,ROW,"India, Middle East",VP HR (Empuls),P1,ICP Persona Sequence,Empuls,3 emails,"1. Employee Recognition - Buyer: CHRO / CPO | Champion: VP HR / Head of Total Rewards | Influencer/User: HRBP, Comp & Benefits manager, people managers
2. Total Rewards Strategy - Buyer: CHRO / CPO | Champion: Head of Total Rewards / Comp & Benefits | Influencer/User: VP HR, HR Head",P1_ABM_ICPSEQ-VP-HR-EMPULS_ROW_EMAIL-LI_abmteam_24AUG26,VP HR (Empuls) buyer segment (2 use cases spanning Empuls),Planned,,,"Job-title cluster - every use case mentioning 'VP HR' anywhere in Buyer/Champion/Influencer is included, even if this title appears only once overall. Only use cases whose Target Geographies name this region are listed here (0 of 2 excluded as not applicable to this region). Needs account list built + Apollo enrichment before send."
,24-Aug-2026,Mon,ABM Team,Global,Europe,VP HR (Empuls),P1,ICP Persona Sequence,Empuls,3 emails,"1. Employee Recognition - Buyer: CHRO / CPO | Champion: VP HR / Head of Total Rewards | Influencer/User: HRBP, Comp & Benefits manager, people managers
2. Total Rewards Strategy - Buyer: CHRO / CPO | Champion: Head of Total Rewards / Comp & Benefits | Influencer/User: VP HR, HR Head",P1_ABM_ICPSEQ-VP-HR-EMPULS_GLOBAL_EMAIL-LI_abmteam_24AUG26,VP HR (Empuls) buyer segment (2 use cases spanning Empuls),Planned,,,"Job-title cluster - every use case mentioning 'VP HR' anywhere in Buyer/Champion/Influencer is included, even if this title appears only once overall. Only use cases whose Target Geographies name this region are listed here (0 of 2 excluded as not applicable to this region). Needs account list built + Apollo enrichment before send."
,25-Aug-2026,Tue,ABM Team,US,USA,VP Sales (Empuls),P1,ICP Persona Sequence,Empuls,1 emails,"1. Gamification, incentives, commissions, icm, spm - Buyer: CFO / CRO | Champion: Head of RevOps / Sales Ops | Influencer/User: ICM manager, Finance, VP Sales",P1_ABM_ICPSEQ-VP-SALES-EMPULS_US_EMAIL-LI_abmteam_25AUG26,VP Sales (Empuls) buyer segment (1 use cases spanning Empuls),Planned,,,"Job-title cluster - every use case mentioning 'VP Sales' anywhere in Buyer/Champion/Influencer is included, even if this title appears only once overall. Only use cases whose Target Geographies name this region are listed here (1 of 2 excluded as not applicable to this region). Needs account list built + Apollo enrichment before send."
,25-Aug-2026,Tue,ABM Team,ROW,"India, Middle East",VP Sales (Empuls),P1,ICP Persona Sequence,Empuls,1 emails,"1. Gamification, incentives, commissions, icm, spm - Buyer: CFO / CRO | Champion: Head of RevOps / Sales Ops | Influencer/User: ICM manager, Finance, VP Sales",P1_ABM_ICPSEQ-VP-SALES-EMPULS_ROW_EMAIL-LI_abmteam_25AUG26,VP Sales (Empuls) buyer segment (1 use cases spanning Empuls),Planned,,,"Job-title cluster - every use case mentioning 'VP Sales' anywhere in Buyer/Champion/Influencer is included, even if this title appears only once overall. Only use cases whose Target Geographies name this region are listed here (1 of 2 excluded as not applicable to this region). Needs account list built + Apollo enrichment before send."
,26-Aug-2026,Wed,ABM Team,US,USA,COO (Empuls),P1,ICP Persona Sequence,Empuls,1 emails,"1. Frontline / deskless workforce - Buyer: COO / Operations Head (CHRO co-sign) | Champion: VP People / People Ops | Influencer/User: HR Director, engagement lead, site/field managers",P1_ABM_ICPSEQ-COO-EMPULS_US_EMAIL-LI_abmteam_26AUG26,COO (Empuls) buyer segment (1 use cases spanning Empuls),Planned,,,"Job-title cluster - every use case mentioning 'COO' anywhere in Buyer/Champion/Influencer is included, even if this title appears only once overall. Only use cases whose Target Geographies name this region are listed here (0 of 1 excluded as not applicable to this region). Needs account list built + Apollo enrichment before send."
,26-Aug-2026,Wed,ABM Team,ROW,"India, Middle East, SEA, Africa",COO (Empuls),P1,ICP Persona Sequence,Empuls,1 emails,"1. Frontline / deskless workforce - Buyer: COO / Operations Head (CHRO co-sign) | Champion: VP People / People Ops | Influencer/User: HR Director, engagement lead, site/field managers",P1_ABM_ICPSEQ-COO-EMPULS_ROW_EMAIL-LI_abmteam_26AUG26,COO (Empuls) buyer segment (1 use cases spanning Empuls),Planned,,,"Job-title cluster - every use case mentioning 'COO' anywhere in Buyer/Champion/Influencer is included, even if this title appears only once overall. Only use cases whose Target Geographies name this region are listed here (0 of 1 excluded as not applicable to this region). Needs account list built + Apollo enrichment before send."
,26-Aug-2026,Wed,ABM Team,Global,Europe + rest of world,COO (Empuls),P1,ICP Persona Sequence,Empuls,1 emails,"1. Frontline / deskless workforce - Buyer: COO / Operations Head (CHRO co-sign) | Champion: VP People / People Ops | Influencer/User: HR Director, engagement lead, site/field managers",P1_ABM_ICPSEQ-COO-EMPULS_GLOBAL_EMAIL-LI_abmteam_26AUG26,COO (Empuls) buyer segment (1 use cases spanning Empuls),Planned,,,"Job-title cluster - every use case mentioning 'COO' anywhere in Buyer/Champion/Influencer is included, even if this title appears only once overall. Only use cases whose Target Geographies name this region are listed here (0 of 1 excluded as not applicable to this region). Needs account list built + Apollo enrichment before send."
,27-Aug-2026,Thu,ABM Team,US,USA,CRO (Empuls),P1,ICP Persona Sequence,Empuls,1 emails,"1. Gamification, incentives, commissions, icm, spm - Buyer: CFO / CRO | Champion: Head of RevOps / Sales Ops | Influencer/User: ICM manager, Finance, VP Sales",P1_ABM_ICPSEQ-CRO-EMPULS_US_EMAIL-LI_abmteam_27AUG26,CRO (Empuls) buyer segment (1 use cases spanning Empuls),Planned,,,"Job-title cluster - every use case mentioning 'CRO' anywhere in Buyer/Champion/Influencer is included, even if this title appears only once overall. Only use cases whose Target Geographies name this region are listed here (0 of 1 excluded as not applicable to this region). Needs account list built + Apollo enrichment before send."
,27-Aug-2026,Thu,ABM Team,ROW,"India, Middle East",CRO (Empuls),P1,ICP Persona Sequence,Empuls,1 emails,"1. Gamification, incentives, commissions, icm, spm - Buyer: CFO / CRO | Champion: Head of RevOps / Sales Ops | Influencer/User: ICM manager, Finance, VP Sales",P1_ABM_ICPSEQ-CRO-EMPULS_ROW_EMAIL-LI_abmteam_27AUG26,CRO (Empuls) buyer segment (1 use cases spanning Empuls),Planned,,,"Job-title cluster - every use case mentioning 'CRO' anywhere in Buyer/Champion/Influencer is included, even if this title appears only once overall. Only use cases whose Target Geographies name this region are listed here (0 of 1 excluded as not applicable to this region). Needs account list built + Apollo enrichment before send."
,28-Aug-2026,Fri,ABM Team,US,USA,Comp & Benefits manager (Empuls),P1,ICP Persona Sequence,Empuls,1 emails,"1. Employee Recognition - Buyer: CHRO / CPO | Champion: VP HR / Head of Total Rewards | Influencer/User: HRBP, Comp & Benefits manager, people managers",P1_ABM_ICPSEQ-COMP-BENEFITS-MANAGE_US_EMAIL-LI_abmteam_28AUG26,Comp & Benefits manager (Empuls) buyer segment (1 use cases spanning Empuls),Planned,,,"Job-title cluster - every use case mentioning 'Comp & Benefits manager' anywhere in Buyer/Champion/Influencer is included, even if this title appears only once overall. Only use cases whose Target Geographies name this region are listed here (0 of 1 excluded as not applicable to this region). Needs account list built + Apollo enrichment before send."
,28-Aug-2026,Fri,ABM Team,ROW,"India, Middle East",Comp & Benefits manager (Empuls),P1,ICP Persona Sequence,Empuls,1 emails,"1. Employee Recognition - Buyer: CHRO / CPO | Champion: VP HR / Head of Total Rewards | Influencer/User: HRBP, Comp & Benefits manager, people managers",P1_ABM_ICPSEQ-COMP-BENEFITS-MANAGE_ROW_EMAIL-LI_abmteam_28AUG26,Comp & Benefits manager (Empuls) buyer segment (1 use cases spanning Empuls),Planned,,,"Job-title cluster - every use case mentioning 'Comp & Benefits manager' anywhere in Buyer/Champion/Influencer is included, even if this title appears only once overall. Only use cases whose Target Geographies name this region are listed here (0 of 1 excluded as not applicable to this region). Needs account list built + Apollo enrichment before send."
,28-Aug-2026,Fri,ABM Team,Global,Europe,Comp & Benefits manager (Empuls),P1,ICP Persona Sequence,Empuls,1 emails,"1. Employee Recognition - Buyer: CHRO / CPO | Champion: VP HR / Head of Total Rewards | Influencer/User: HRBP, Comp & Benefits manager, people managers",P1_ABM_ICPSEQ-COMP-BENEFITS-MANAGE_GLOBAL_EMAIL-LI_abmteam_28AUG26,Comp & Benefits manager (Empuls) buyer segment (1 use cases spanning Empuls),Planned,,,"Job-title cluster - every use case mentioning 'Comp & Benefits manager' anywhere in Buyer/Champion/Influencer is included, even if this title appears only once overall. Only use cases whose Target Geographies name this region are listed here (0 of 1 excluded as not applicable to this region). Needs account list built + Apollo enrichment before send."
,31-Aug-2026,Mon,ABM Team,US,USA,Corporate comms manager (Empuls),P1,ICP Persona Sequence,Empuls,1 emails,"1. Social intranet & internal communications - Buyer: CPO / CHRO (or Head of Comms) | Champion: Head of Internal Communications | Influencer/User: Corporate comms manager, IT",P1_ABM_ICPSEQ-CORPORATE-COMMS-MANA_US_EMAIL-LI_abmteam_31AUG26,Corporate comms manager (Empuls) buyer segment (1 use cases spanning Empuls),Planned,,,"Job-title cluster - every use case mentioning 'Corporate comms manager' anywhere in Buyer/Champion/Influencer is included, even if this title appears only once overall. Only use cases whose Target Geographies name this region are listed here (0 of 1 excluded as not applicable to this region). Needs account list built + Apollo enrichment before send."
,31-Aug-2026,Mon,ABM Team,ROW,India,Corporate comms manager (Empuls),P1,ICP Persona Sequence,Empuls,1 emails,"1. Social intranet & internal communications - Buyer: CPO / CHRO (or Head of Comms) | Champion: Head of Internal Communications | Influencer/User: Corporate comms manager, IT",P1_ABM_ICPSEQ-CORPORATE-COMMS-MANA_ROW_EMAIL-LI_abmteam_31AUG26,Corporate comms manager (Empuls) buyer segment (1 use cases spanning Empuls),Planned,,,"Job-title cluster - every use case mentioning 'Corporate comms manager' anywhere in Buyer/Champion/Influencer is included, even if this title appears only once overall. Only use cases whose Target Geographies name this region are listed here (0 of 1 excluded as not applicable to this region). Needs account list built + Apollo enrichment before send."
,31-Aug-2026,Mon,ABM Team,Global,Europe,Corporate comms manager (Empuls),P1,ICP Persona Sequence,Empuls,1 emails,"1. Social intranet & internal communications - Buyer: CPO / CHRO (or Head of Comms) | Champion: Head of Internal Communications | Influencer/User: Corporate comms manager, IT",P1_ABM_ICPSEQ-CORPORATE-COMMS-MANA_GLOBAL_EMAIL-LI_abmteam_31AUG26,Corporate comms manager (Empuls) buyer segment (1 use cases spanning Empuls),Planned,,,"Job-title cluster - every use case mentioning 'Corporate comms manager' anywhere in Buyer/Champion/Influencer is included, even if this title appears only once overall. Only use cases whose Target Geographies name this region are listed here (0 of 1 excluded as not applicable to this region). Needs account list built + Apollo enrichment before send."
,01-Sep-2026,Tue,ABM Team,US,USA,EX lead (Empuls),P1,ICP Persona Sequence,Empuls,1 emails,"1. Surveys, feedback, eNPS, moodometer, conversational agent - Buyer: CHRO | Champion: People Analytics / EX lead | Influencer/User: HRBP, engagement team",P1_ABM_ICPSEQ-EX-LEAD-EMPULS_US_EMAIL-LI_abmteam_01SEP26,EX lead (Empuls) buyer segment (1 use cases spanning Empuls),Planned,,,"Job-title cluster - every use case mentioning 'EX lead' anywhere in Buyer/Champion/Influencer is included, even if this title appears only once overall. Only use cases whose Target Geographies name this region are listed here (0 of 1 excluded as not applicable to this region). Needs account list built + Apollo enrichment before send."
,01-Sep-2026,Tue,ABM Team,ROW,"India, Middle East",EX lead (Empuls),P1,ICP Persona Sequence,Empuls,1 emails,"1. Surveys, feedback, eNPS, moodometer, conversational agent - Buyer: CHRO | Champion: People Analytics / EX lead | Influencer/User: HRBP, engagement team",P1_ABM_ICPSEQ-EX-LEAD-EMPULS_ROW_EMAIL-LI_abmteam_01SEP26,EX lead (Empuls) buyer segment (1 use cases spanning Empuls),Planned,,,"Job-title cluster - every use case mentioning 'EX lead' anywhere in Buyer/Champion/Influencer is included, even if this title appears only once overall. Only use cases whose Target Geographies name this region are listed here (0 of 1 excluded as not applicable to this region). Needs account list built + Apollo enrichment before send."
,01-Sep-2026,Tue,ABM Team,Global,Europe,EX lead (Empuls),P1,ICP Persona Sequence,Empuls,1 emails,"1. Surveys, feedback, eNPS, moodometer, conversational agent - Buyer: CHRO | Champion: People Analytics / EX lead | Influencer/User: HRBP, engagement team",P1_ABM_ICPSEQ-EX-LEAD-EMPULS_GLOBAL_EMAIL-LI_abmteam_01SEP26,EX lead (Empuls) buyer segment (1 use cases spanning Empuls),Planned,,,"Job-title cluster - every use case mentioning 'EX lead' anywhere in Buyer/Champion/Influencer is included, even if this title appears only once overall. Only use cases whose Target Geographies name this region are listed here (0 of 1 excluded as not applicable to this region). Needs account list built + Apollo enrichment before send."
,02-Sep-2026,Wed,ABM Team,US,USA,Experience head (Empuls),P1,ICP Persona Sequence,Empuls,1 emails,"1. Fitness challenges / stepathons - Buyer: CHRO / Head of Wellbeing | Champion: Engagement / Experience head | Influencer/User: HRBP, HR manager",P1_ABM_ICPSEQ-EXPERIENCE-HEAD-EMPU_US_EMAIL-LI_abmteam_02SEP26,Experience head (Empuls) buyer segment (1 use cases spanning Empuls),Planned,,,"Job-title cluster - every use case mentioning 'Experience head' anywhere in Buyer/Champion/Influencer is included, even if this title appears only once overall. Only use cases whose Target Geographies name this region are listed here (0 of 1 excluded as not applicable to this region). Needs account list built + Apollo enrichment before send."
,02-Sep-2026,Wed,ABM Team,ROW,"India, Middle East",Experience head (Empuls),P1,ICP Persona Sequence,Empuls,1 emails,"1. Fitness challenges / stepathons - Buyer: CHRO / Head of Wellbeing | Champion: Engagement / Experience head | Influencer/User: HRBP, HR manager",P1_ABM_ICPSEQ-EXPERIENCE-HEAD-EMPU_ROW_EMAIL-LI_abmteam_02SEP26,Experience head (Empuls) buyer segment (1 use cases spanning Empuls),Planned,,,"Job-title cluster - every use case mentioning 'Experience head' anywhere in Buyer/Champion/Influencer is included, even if this title appears only once overall. Only use cases whose Target Geographies name this region are listed here (0 of 1 excluded as not applicable to this region). Needs account list built + Apollo enrichment before send."
,02-Sep-2026,Wed,ABM Team,Global,Europe,Experience head (Empuls),P1,ICP Persona Sequence,Empuls,1 emails,"1. Fitness challenges / stepathons - Buyer: CHRO / Head of Wellbeing | Champion: Engagement / Experience head | Influencer/User: HRBP, HR manager",P1_ABM_ICPSEQ-EXPERIENCE-HEAD-EMPU_GLOBAL_EMAIL-LI_abmteam_02SEP26,Experience head (Empuls) buyer segment (1 use cases spanning Empuls),Planned,,,"Job-title cluster - every use case mentioning 'Experience head' anywhere in Buyer/Champion/Influencer is included, even if this title appears only once overall. Only use cases whose Target Geographies name this region are listed here (0 of 1 excluded as not applicable to this region). Needs account list built + Apollo enrichment before send."
,03-Sep-2026,Thu,ABM Team,ROW,India,Finance Head (Empuls),P1,ICP Persona Sequence,Empuls,1 emails,"1. Tax benefits and India flexi-benefits - Buyer: CFO / Finance Head | Champion: Payroll Head / HR Ops | Influencer/User: Comp & benefits, payroll team",P1_ABM_ICPSEQ-FINANCE-HEAD-EMPULS_ROW_EMAIL-LI_abmteam_03SEP26,Finance Head (Empuls) buyer segment (1 use cases spanning Empuls),Planned,,,"Job-title cluster - every use case mentioning 'Finance Head' anywhere in Buyer/Champion/Influencer is included, even if this title appears only once overall. Only use cases whose Target Geographies name this region are listed here (0 of 1 excluded as not applicable to this region). Needs account list built + Apollo enrichment before send."
,04-Sep-2026,Fri,ABM Team,US,USA,HR Director (Empuls),P1,ICP Persona Sequence,Empuls,1 emails,"1. Frontline / deskless workforce - Buyer: COO / Operations Head (CHRO co-sign) | Champion: VP People / People Ops | Influencer/User: HR Director, engagement lead, site/field managers",P1_ABM_ICPSEQ-HR-DIRECTOR-EMPULS_US_EMAIL-LI_abmteam_04SEP26,HR Director (Empuls) buyer segment (1 use cases spanning Empuls),Planned,,,"Job-title cluster - every use case mentioning 'HR Director' anywhere in Buyer/Champion/Influencer is included, even if this title appears only once overall. Only use cases whose Target Geographies name this region are listed here (0 of 1 excluded as not applicable to this region). Needs account list built + Apollo enrichment before send."
,04-Sep-2026,Fri,ABM Team,ROW,"India, Middle East, SEA, Africa",HR Director (Empuls),P1,ICP Persona Sequence,Empuls,1 emails,"1. Frontline / deskless workforce - Buyer: COO / Operations Head (CHRO co-sign) | Champion: VP People / People Ops | Influencer/User: HR Director, engagement lead, site/field managers",P1_ABM_ICPSEQ-HR-DIRECTOR-EMPULS_ROW_EMAIL-LI_abmteam_04SEP26,HR Director (Empuls) buyer segment (1 use cases spanning Empuls),Planned,,,"Job-title cluster - every use case mentioning 'HR Director' anywhere in Buyer/Champion/Influencer is included, even if this title appears only once overall. Only use cases whose Target Geographies name this region are listed here (0 of 1 excluded as not applicable to this region). Needs account list built + Apollo enrichment before send."
,04-Sep-2026,Fri,ABM Team,Global,Europe + rest of world,HR Director (Empuls),P1,ICP Persona Sequence,Empuls,1 emails,"1. Frontline / deskless workforce - Buyer: COO / Operations Head (CHRO co-sign) | Champion: VP People / People Ops | Influencer/User: HR Director, engagement lead, site/field managers",P1_ABM_ICPSEQ-HR-DIRECTOR-EMPULS_GLOBAL_EMAIL-LI_abmteam_04SEP26,HR Director (Empuls) buyer segment (1 use cases spanning Empuls),Planned,,,"Job-title cluster - every use case mentioning 'HR Director' anywhere in Buyer/Champion/Influencer is included, even if this title appears only once overall. Only use cases whose Target Geographies name this region are listed here (0 of 1 excluded as not applicable to this region). Needs account list built + Apollo enrichment before send."
,07-Sep-2026,Mon,ABM Team,US,USA,HR Head (Empuls),P1,ICP Persona Sequence,Empuls,1 emails,"1. Total Rewards Strategy - Buyer: CHRO / CPO | Champion: Head of Total Rewards / Comp & Benefits | Influencer/User: VP HR, HR Head",P1_ABM_ICPSEQ-HR-HEAD-EMPULS_US_EMAIL-LI_abmteam_07SEP26,HR Head (Empuls) buyer segment (1 use cases spanning Empuls),Planned,,,"Job-title cluster - every use case mentioning 'HR Head' anywhere in Buyer/Champion/Influencer is included, even if this title appears only once overall. Only use cases whose Target Geographies name this region are listed here (0 of 1 excluded as not applicable to this region). Needs account list built + Apollo enrichment before send."
,07-Sep-2026,Mon,ABM Team,ROW,"India, Middle East",HR Head (Empuls),P1,ICP Persona Sequence,Empuls,1 emails,"1. Total Rewards Strategy - Buyer: CHRO / CPO | Champion: Head of Total Rewards / Comp & Benefits | Influencer/User: VP HR, HR Head",P1_ABM_ICPSEQ-HR-HEAD-EMPULS_ROW_EMAIL-LI_abmteam_07SEP26,HR Head (Empuls) buyer segment (1 use cases spanning Empuls),Planned,,,"Job-title cluster - every use case mentioning 'HR Head' anywhere in Buyer/Champion/Influencer is included, even if this title appears only once overall. Only use cases whose Target Geographies name this region are listed here (0 of 1 excluded as not applicable to this region). Needs account list built + Apollo enrichment before send."
,07-Sep-2026,Mon,ABM Team,Global,Europe,HR Head (Empuls),P1,ICP Persona Sequence,Empuls,1 emails,"1. Total Rewards Strategy - Buyer: CHRO / CPO | Champion: Head of Total Rewards / Comp & Benefits | Influencer/User: VP HR, HR Head",P1_ABM_ICPSEQ-HR-HEAD-EMPULS_GLOBAL_EMAIL-LI_abmteam_07SEP26,HR Head (Empuls) buyer segment (1 use cases spanning Empuls),Planned,,,"Job-title cluster - every use case mentioning 'HR Head' anywhere in Buyer/Champion/Influencer is included, even if this title appears only once overall. Only use cases whose Target Geographies name this region are listed here (0 of 1 excluded as not applicable to this region). Needs account list built + Apollo enrichment before send."
,08-Sep-2026,Tue,ABM Team,US,USA,HR Ops lead (Empuls),P1,ICP Persona Sequence,Empuls,1 emails,"1. Service milestone & anniversary rewards - Buyer: CHRO / Head of Total Rewards | Champion: HR Ops lead | Influencer/User: Procurement head, HR admin / manager",P1_ABM_ICPSEQ-HR-OPS-LEAD-EMPULS_US_EMAIL-LI_abmteam_08SEP26,HR Ops lead (Empuls) buyer segment (1 use cases spanning Empuls),Planned,,,"Job-title cluster - every use case mentioning 'HR Ops lead' anywhere in Buyer/Champion/Influencer is included, even if this title appears only once overall. Only use cases whose Target Geographies name this region are listed here (0 of 1 excluded as not applicable to this region). Needs account list built + Apollo enrichment before send."
,08-Sep-2026,Tue,ABM Team,ROW,India,HR Ops lead (Empuls),P1,ICP Persona Sequence,Empuls,1 emails,"1. Service milestone & anniversary rewards - Buyer: CHRO / Head of Total Rewards | Champion: HR Ops lead | Influencer/User: Procurement head, HR admin / manager",P1_ABM_ICPSEQ-HR-OPS-LEAD-EMPULS_ROW_EMAIL-LI_abmteam_08SEP26,HR Ops lead (Empuls) buyer segment (1 use cases spanning Empuls),Planned,,,"Job-title cluster - every use case mentioning 'HR Ops lead' anywhere in Buyer/Champion/Influencer is included, even if this title appears only once overall. Only use cases whose Target Geographies name this region are listed here (0 of 1 excluded as not applicable to this region). Needs account list built + Apollo enrichment before send."
,08-Sep-2026,Tue,ABM Team,Global,Europe,HR Ops lead (Empuls),P1,ICP Persona Sequence,Empuls,1 emails,"1. Service milestone & anniversary rewards - Buyer: CHRO / Head of Total Rewards | Champion: HR Ops lead | Influencer/User: Procurement head, HR admin / manager",P1_ABM_ICPSEQ-HR-OPS-LEAD-EMPULS_GLOBAL_EMAIL-LI_abmteam_08SEP26,HR Ops lead (Empuls) buyer segment (1 use cases spanning Empuls),Planned,,,"Job-title cluster - every use case mentioning 'HR Ops lead' anywhere in Buyer/Champion/Influencer is included, even if this title appears only once overall. Only use cases whose Target Geographies name this region are listed here (0 of 1 excluded as not applicable to this region). Needs account list built + Apollo enrichment before send."
,09-Sep-2026,Wed,ABM Team,US,USA,Head of Employee Experience (Empuls),P1,ICP Persona Sequence,Empuls,1 emails,"1. Employee engagement, experience & culture - Buyer: CHRO / CPO | Champion: Head of Employee Experience / People & Culture | Influencer/User: HRBP, engagement managers",P1_ABM_ICPSEQ-HEAD-OF-EMPLOYEE-EXP_US_EMAIL-LI_abmteam_09SEP26,Head of Employee Experience (Empuls) buyer segment (1 use cases spanning Empuls),Planned,,,"Job-title cluster - every use case mentioning 'Head of Employee Experience' anywhere in Buyer/Champion/Influencer is included, even if this title appears only once overall. Only use cases whose Target Geographies name this region are listed here (0 of 1 excluded as not applicable to this region). Needs account list built + Apollo enrichment before send."
,09-Sep-2026,Wed,ABM Team,ROW,"India, Middle East",Head of Employee Experience (Empuls),P1,ICP Persona Sequence,Empuls,1 emails,"1. Employee engagement, experience & culture - Buyer: CHRO / CPO | Champion: Head of Employee Experience / People & Culture | Influencer/User: HRBP, engagement managers",P1_ABM_ICPSEQ-HEAD-OF-EMPLOYEE-EXP_ROW_EMAIL-LI_abmteam_09SEP26,Head of Employee Experience (Empuls) buyer segment (1 use cases spanning Empuls),Planned,,,"Job-title cluster - every use case mentioning 'Head of Employee Experience' anywhere in Buyer/Champion/Influencer is included, even if this title appears only once overall. Only use cases whose Target Geographies name this region are listed here (0 of 1 excluded as not applicable to this region). Needs account list built + Apollo enrichment before send."
,09-Sep-2026,Wed,ABM Team,Global,Europe,Head of Employee Experience (Empuls),P1,ICP Persona Sequence,Empuls,1 emails,"1. Employee engagement, experience & culture - Buyer: CHRO / CPO | Champion: Head of Employee Experience / People & Culture | Influencer/User: HRBP, engagement managers",P1_ABM_ICPSEQ-HEAD-OF-EMPLOYEE-EXP_GLOBAL_EMAIL-LI_abmteam_09SEP26,Head of Employee Experience (Empuls) buyer segment (1 use cases spanning Empuls),Planned,,,"Job-title cluster - every use case mentioning 'Head of Employee Experience' anywhere in Buyer/Champion/Influencer is included, even if this title appears only once overall. Only use cases whose Target Geographies name this region are listed here (0 of 1 excluded as not applicable to this region). Needs account list built + Apollo enrichment before send."
,10-Sep-2026,Thu,ABM Team,US,USA,Head of Internal Communications (Empuls),P1,ICP Persona Sequence,Empuls,1 emails,"1. Social intranet & internal communications - Buyer: CPO / CHRO (or Head of Comms) | Champion: Head of Internal Communications | Influencer/User: Corporate comms manager, IT",P1_ABM_ICPSEQ-HEAD-OF-INTERNAL-COM_US_EMAIL-LI_abmteam_10SEP26,Head of Internal Communications (Empuls) buyer segment (1 use cases spanning Empuls),Planned,,,"Job-title cluster - every use case mentioning 'Head of Internal Communications' anywhere in Buyer/Champion/Influencer is included, even if this title appears only once overall. Only use cases whose Target Geographies name this region are listed here (0 of 1 excluded as not applicable to this region). Needs account list built + Apollo enrichment before send."
,10-Sep-2026,Thu,ABM Team,ROW,India,Head of Internal Communications (Empuls),P1,ICP Persona Sequence,Empuls,1 emails,"1. Social intranet & internal communications - Buyer: CPO / CHRO (or Head of Comms) | Champion: Head of Internal Communications | Influencer/User: Corporate comms manager, IT",P1_ABM_ICPSEQ-HEAD-OF-INTERNAL-COM_ROW_EMAIL-LI_abmteam_10SEP26,Head of Internal Communications (Empuls) buyer segment (1 use cases spanning Empuls),Planned,,,"Job-title cluster - every use case mentioning 'Head of Internal Communications' anywhere in Buyer/Champion/Influencer is included, even if this title appears only once overall. Only use cases whose Target Geographies name this region are listed here (0 of 1 excluded as not applicable to this region). Needs account list built + Apollo enrichment before send."
,10-Sep-2026,Thu,ABM Team,Global,Europe,Head of Internal Communications (Empuls),P1,ICP Persona Sequence,Empuls,1 emails,"1. Social intranet & internal communications - Buyer: CPO / CHRO (or Head of Comms) | Champion: Head of Internal Communications | Influencer/User: Corporate comms manager, IT",P1_ABM_ICPSEQ-HEAD-OF-INTERNAL-COM_GLOBAL_EMAIL-LI_abmteam_10SEP26,Head of Internal Communications (Empuls) buyer segment (1 use cases spanning Empuls),Planned,,,"Job-title cluster - every use case mentioning 'Head of Internal Communications' anywhere in Buyer/Champion/Influencer is included, even if this title appears only once overall. Only use cases whose Target Geographies name this region are listed here (0 of 1 excluded as not applicable to this region). Needs account list built + Apollo enrichment before send."
,11-Sep-2026,Fri,ABM Team,US,USA,Head of RevOps (Empuls),P1,ICP Persona Sequence,Empuls,1 emails,"1. Gamification, incentives, commissions, icm, spm - Buyer: CFO / CRO | Champion: Head of RevOps / Sales Ops | Influencer/User: ICM manager, Finance, VP Sales",P1_ABM_ICPSEQ-HEAD-OF-REVOPS-EMPUL_US_EMAIL-LI_abmteam_11SEP26,Head of RevOps (Empuls) buyer segment (1 use cases spanning Empuls),Planned,,,"Job-title cluster - every use case mentioning 'Head of RevOps' anywhere in Buyer/Champion/Influencer is included, even if this title appears only once overall. Only use cases whose Target Geographies name this region are listed here (0 of 1 excluded as not applicable to this region). Needs account list built + Apollo enrichment before send."
,11-Sep-2026,Fri,ABM Team,ROW,"India, Middle East",Head of RevOps (Empuls),P1,ICP Persona Sequence,Empuls,1 emails,"1. Gamification, incentives, commissions, icm, spm - Buyer: CFO / CRO | Champion: Head of RevOps / Sales Ops | Influencer/User: ICM manager, Finance, VP Sales",P1_ABM_ICPSEQ-HEAD-OF-REVOPS-EMPUL_ROW_EMAIL-LI_abmteam_11SEP26,Head of RevOps (Empuls) buyer segment (1 use cases spanning Empuls),Planned,,,"Job-title cluster - every use case mentioning 'Head of RevOps' anywhere in Buyer/Champion/Influencer is included, even if this title appears only once overall. Only use cases whose Target Geographies name this region are listed here (0 of 1 excluded as not applicable to this region). Needs account list built + Apollo enrichment before send."
,14-Sep-2026,Mon,ABM Team,US,USA,ICM manager (Empuls),P1,ICP Persona Sequence,Empuls,1 emails,"1. Gamification, incentives, commissions, icm, spm - Buyer: CFO / CRO | Champion: Head of RevOps / Sales Ops | Influencer/User: ICM manager, Finance, VP Sales",P1_ABM_ICPSEQ-ICM-MANAGER-EMPULS_US_EMAIL-LI_abmteam_14SEP26,ICM manager (Empuls) buyer segment (1 use cases spanning Empuls),Planned,,,"Job-title cluster - every use case mentioning 'ICM manager' anywhere in Buyer/Champion/Influencer is included, even if this title appears only once overall. Only use cases whose Target Geographies name this region are listed here (0 of 1 excluded as not applicable to this region). Needs account list built + Apollo enrichment before send."
,14-Sep-2026,Mon,ABM Team,ROW,"India, Middle East",ICM manager (Empuls),P1,ICP Persona Sequence,Empuls,1 emails,"1. Gamification, incentives, commissions, icm, spm - Buyer: CFO / CRO | Champion: Head of RevOps / Sales Ops | Influencer/User: ICM manager, Finance, VP Sales",P1_ABM_ICPSEQ-ICM-MANAGER-EMPULS_ROW_EMAIL-LI_abmteam_14SEP26,ICM manager (Empuls) buyer segment (1 use cases spanning Empuls),Planned,,,"Job-title cluster - every use case mentioning 'ICM manager' anywhere in Buyer/Champion/Influencer is included, even if this title appears only once overall. Only use cases whose Target Geographies name this region are listed here (0 of 1 excluded as not applicable to this region). Needs account list built + Apollo enrichment before send."
,15-Sep-2026,Tue,ABM Team,US,USA,IT (Empuls),P1,ICP Persona Sequence,Empuls,1 emails,"1. Social intranet & internal communications - Buyer: CPO / CHRO (or Head of Comms) | Champion: Head of Internal Communications | Influencer/User: Corporate comms manager, IT",P1_ABM_ICPSEQ-IT-EMPULS_US_EMAIL-LI_abmteam_15SEP26,IT (Empuls) buyer segment (1 use cases spanning Empuls),Planned,,,"Job-title cluster - every use case mentioning 'IT' anywhere in Buyer/Champion/Influencer is included, even if this title appears only once overall. Only use cases whose Target Geographies name this region are listed here (0 of 1 excluded as not applicable to this region). Needs account list built + Apollo enrichment before send."
,15-Sep-2026,Tue,ABM Team,ROW,India,IT (Empuls),P1,ICP Persona Sequence,Empuls,1 emails,"1. Social intranet & internal communications - Buyer: CPO / CHRO (or Head of Comms) | Champion: Head of Internal Communications | Influencer/User: Corporate comms manager, IT",P1_ABM_ICPSEQ-IT-EMPULS_ROW_EMAIL-LI_abmteam_15SEP26,IT (Empuls) buyer segment (1 use cases spanning Empuls),Planned,,,"Job-title cluster - every use case mentioning 'IT' anywhere in Buyer/Champion/Influencer is included, even if this title appears only once overall. Only use cases whose Target Geographies name this region are listed here (0 of 1 excluded as not applicable to this region). Needs account list built + Apollo enrichment before send."
,15-Sep-2026,Tue,ABM Team,Global,Europe,IT (Empuls),P1,ICP Persona Sequence,Empuls,1 emails,"1. Social intranet & internal communications - Buyer: CPO / CHRO (or Head of Comms) | Champion: Head of Internal Communications | Influencer/User: Corporate comms manager, IT",P1_ABM_ICPSEQ-IT-EMPULS_GLOBAL_EMAIL-LI_abmteam_15SEP26,IT (Empuls) buyer segment (1 use cases spanning Empuls),Planned,,,"Job-title cluster - every use case mentioning 'IT' anywhere in Buyer/Champion/Influencer is included, even if this title appears only once overall. Only use cases whose Target Geographies name this region are listed here (0 of 1 excluded as not applicable to this region). Needs account list built + Apollo enrichment before send."
,16-Sep-2026,Wed,ABM Team,US,USA,Operations Head (Empuls),P1,ICP Persona Sequence,Empuls,1 emails,"1. Frontline / deskless workforce - Buyer: COO / Operations Head (CHRO co-sign) | Champion: VP People / People Ops | Influencer/User: HR Director, engagement lead, site/field managers",P1_ABM_ICPSEQ-OPERATIONS-HEAD-EMPU_US_EMAIL-LI_abmteam_16SEP26,Operations Head (Empuls) buyer segment (1 use cases spanning Empuls),Planned,,,"Job-title cluster - every use case mentioning 'Operations Head' anywhere in Buyer/Champion/Influencer is included, even if this title appears only once overall. Only use cases whose Target Geographies name this region are listed here (0 of 1 excluded as not applicable to this region). Needs account list built + Apollo enrichment before send."
,16-Sep-2026,Wed,ABM Team,ROW,"India, Middle East, SEA, Africa",Operations Head (Empuls),P1,ICP Persona Sequence,Empuls,1 emails,"1. Frontline / deskless workforce - Buyer: COO / Operations Head (CHRO co-sign) | Champion: VP People / People Ops | Influencer/User: HR Director, engagement lead, site/field managers",P1_ABM_ICPSEQ-OPERATIONS-HEAD-EMPU_ROW_EMAIL-LI_abmteam_16SEP26,Operations Head (Empuls) buyer segment (1 use cases spanning Empuls),Planned,,,"Job-title cluster - every use case mentioning 'Operations Head' anywhere in Buyer/Champion/Influencer is included, even if this title appears only once overall. Only use cases whose Target Geographies name this region are listed here (0 of 1 excluded as not applicable to this region). Needs account list built + Apollo enrichment before send."
,16-Sep-2026,Wed,ABM Team,Global,Europe + rest of world,Operations Head (Empuls),P1,ICP Persona Sequence,Empuls,1 emails,"1. Frontline / deskless workforce - Buyer: COO / Operations Head (CHRO co-sign) | Champion: VP People / People Ops | Influencer/User: HR Director, engagement lead, site/field managers",P1_ABM_ICPSEQ-OPERATIONS-HEAD-EMPU_GLOBAL_EMAIL-LI_abmteam_16SEP26,Operations Head (Empuls) buyer segment (1 use cases spanning Empuls),Planned,,,"Job-title cluster - every use case mentioning 'Operations Head' anywhere in Buyer/Champion/Influencer is included, even if this title appears only once overall. Only use cases whose Target Geographies name this region are listed here (0 of 1 excluded as not applicable to this region). Needs account list built + Apollo enrichment before send."
,18-Sep-2026,Fri,ABM Team,ROW,India,Payroll Head (Empuls),P1,ICP Persona Sequence,Empuls,1 emails,"1. Tax benefits and India flexi-benefits - Buyer: CFO / Finance Head | Champion: Payroll Head / HR Ops | Influencer/User: Comp & benefits, payroll team",P1_ABM_ICPSEQ-PAYROLL-HEAD-EMPULS_ROW_EMAIL-LI_abmteam_18SEP26,Payroll Head (Empuls) buyer segment (1 use cases spanning Empuls),Planned,,,"Job-title cluster - every use case mentioning 'Payroll Head' anywhere in Buyer/Champion/Influencer is included, even if this title appears only once overall. Only use cases whose Target Geographies name this region are listed here (0 of 1 excluded as not applicable to this region). Needs account list built + Apollo enrichment before send."
,21-Sep-2026,Mon,ABM Team,US,USA,People & Culture (Empuls),P1,ICP Persona Sequence,Empuls,1 emails,"1. Employee engagement, experience & culture - Buyer: CHRO / CPO | Champion: Head of Employee Experience / People & Culture | Influencer/User: HRBP, engagement managers",P1_ABM_ICPSEQ-PEOPLE-CULTURE-EMPUL_US_EMAIL-LI_abmteam_21SEP26,People & Culture (Empuls) buyer segment (1 use cases spanning Empuls),Planned,,,"Job-title cluster - every use case mentioning 'People & Culture' anywhere in Buyer/Champion/Influencer is included, even if this title appears only once overall. Only use cases whose Target Geographies name this region are listed here (0 of 1 excluded as not applicable to this region). Needs account list built + Apollo enrichment before send."
,21-Sep-2026,Mon,ABM Team,ROW,"India, Middle East",People & Culture (Empuls),P1,ICP Persona Sequence,Empuls,1 emails,"1. Employee engagement, experience & culture - Buyer: CHRO / CPO | Champion: Head of Employee Experience / People & Culture | Influencer/User: HRBP, engagement managers",P1_ABM_ICPSEQ-PEOPLE-CULTURE-EMPUL_ROW_EMAIL-LI_abmteam_21SEP26,People & Culture (Empuls) buyer segment (1 use cases spanning Empuls),Planned,,,"Job-title cluster - every use case mentioning 'People & Culture' anywhere in Buyer/Champion/Influencer is included, even if this title appears only once overall. Only use cases whose Target Geographies name this region are listed here (0 of 1 excluded as not applicable to this region). Needs account list built + Apollo enrichment before send."
,21-Sep-2026,Mon,ABM Team,Global,Europe,People & Culture (Empuls),P1,ICP Persona Sequence,Empuls,1 emails,"1. Employee engagement, experience & culture - Buyer: CHRO / CPO | Champion: Head of Employee Experience / People & Culture | Influencer/User: HRBP, engagement managers",P1_ABM_ICPSEQ-PEOPLE-CULTURE-EMPUL_GLOBAL_EMAIL-LI_abmteam_21SEP26,People & Culture (Empuls) buyer segment (1 use cases spanning Empuls),Planned,,,"Job-title cluster - every use case mentioning 'People & Culture' anywhere in Buyer/Champion/Influencer is included, even if this title appears only once overall. Only use cases whose Target Geographies name this region are listed here (0 of 1 excluded as not applicable to this region). Needs account list built + Apollo enrichment before send."
,22-Sep-2026,Tue,ABM Team,US,USA,People Analytics (Empuls),P1,ICP Persona Sequence,Empuls,1 emails,"1. Surveys, feedback, eNPS, moodometer, conversational agent - Buyer: CHRO | Champion: People Analytics / EX lead | Influencer/User: HRBP, engagement team",P1_ABM_ICPSEQ-PEOPLE-ANALYTICS-EMP_US_EMAIL-LI_abmteam_22SEP26,People Analytics (Empuls) buyer segment (1 use cases spanning Empuls),Planned,,,"Job-title cluster - every use case mentioning 'People Analytics' anywhere in Buyer/Champion/Influencer is included, even if this title appears only once overall. Only use cases whose Target Geographies name this region are listed here (0 of 1 excluded as not applicable to this region). Needs account list built + Apollo enrichment before send."
,22-Sep-2026,Tue,ABM Team,ROW,"India, Middle East",People Analytics (Empuls),P1,ICP Persona Sequence,Empuls,1 emails,"1. Surveys, feedback, eNPS, moodometer, conversational agent - Buyer: CHRO | Champion: People Analytics / EX lead | Influencer/User: HRBP, engagement team",P1_ABM_ICPSEQ-PEOPLE-ANALYTICS-EMP_ROW_EMAIL-LI_abmteam_22SEP26,People Analytics (Empuls) buyer segment (1 use cases spanning Empuls),Planned,,,"Job-title cluster - every use case mentioning 'People Analytics' anywhere in Buyer/Champion/Influencer is included, even if this title appears only once overall. Only use cases whose Target Geographies name this region are listed here (0 of 1 excluded as not applicable to this region). Needs account list built + Apollo enrichment before send."
,22-Sep-2026,Tue,ABM Team,Global,Europe,People Analytics (Empuls),P1,ICP Persona Sequence,Empuls,1 emails,"1. Surveys, feedback, eNPS, moodometer, conversational agent - Buyer: CHRO | Champion: People Analytics / EX lead | Influencer/User: HRBP, engagement team",P1_ABM_ICPSEQ-PEOPLE-ANALYTICS-EMP_GLOBAL_EMAIL-LI_abmteam_22SEP26,People Analytics (Empuls) buyer segment (1 use cases spanning Empuls),Planned,,,"Job-title cluster - every use case mentioning 'People Analytics' anywhere in Buyer/Champion/Influencer is included, even if this title appears only once overall. Only use cases whose Target Geographies name this region are listed here (0 of 1 excluded as not applicable to this region). Needs account list built + Apollo enrichment before send."
,23-Sep-2026,Wed,ABM Team,US,USA,People Analytics lead (Empuls),P1,ICP Persona Sequence,Empuls,1 emails,"1. AI people-insights & analytics - Buyer: CHRO | Champion: People Analytics lead | Influencer/User: HRBP, HR Ops",P1_ABM_ICPSEQ-PEOPLE-ANALYTICS-LEA_US_EMAIL-LI_abmteam_23SEP26,People Analytics lead (Empuls) buyer segment (1 use cases spanning Empuls),Planned,,,"Job-title cluster - every use case mentioning 'People Analytics lead' anywhere in Buyer/Champion/Influencer is included, even if this title appears only once overall. Only use cases whose Target Geographies name this region are listed here (0 of 1 excluded as not applicable to this region). Needs account list built + Apollo enrichment before send."
,23-Sep-2026,Wed,ABM Team,ROW,India,People Analytics lead (Empuls),P1,ICP Persona Sequence,Empuls,1 emails,"1. AI people-insights & analytics - Buyer: CHRO | Champion: People Analytics lead | Influencer/User: HRBP, HR Ops",P1_ABM_ICPSEQ-PEOPLE-ANALYTICS-LEA_ROW_EMAIL-LI_abmteam_23SEP26,People Analytics lead (Empuls) buyer segment (1 use cases spanning Empuls),Planned,,,"Job-title cluster - every use case mentioning 'People Analytics lead' anywhere in Buyer/Champion/Influencer is included, even if this title appears only once overall. Only use cases whose Target Geographies name this region are listed here (0 of 1 excluded as not applicable to this region). Needs account list built + Apollo enrichment before send."
,23-Sep-2026,Wed,ABM Team,Global,Europe,People Analytics lead (Empuls),P1,ICP Persona Sequence,Empuls,1 emails,"1. AI people-insights & analytics - Buyer: CHRO | Champion: People Analytics lead | Influencer/User: HRBP, HR Ops",P1_ABM_ICPSEQ-PEOPLE-ANALYTICS-LEA_GLOBAL_EMAIL-LI_abmteam_23SEP26,People Analytics lead (Empuls) buyer segment (1 use cases spanning Empuls),Planned,,,"Job-title cluster - every use case mentioning 'People Analytics lead' anywhere in Buyer/Champion/Influencer is included, even if this title appears only once overall. Only use cases whose Target Geographies name this region are listed here (0 of 1 excluded as not applicable to this region). Needs account list built + Apollo enrichment before send."
,24-Sep-2026,Thu,ABM Team,US,USA,People Ops (Empuls),P1,ICP Persona Sequence,Empuls,1 emails,"1. Frontline / deskless workforce - Buyer: COO / Operations Head (CHRO co-sign) | Champion: VP People / People Ops | Influencer/User: HR Director, engagement lead, site/field managers",P1_ABM_ICPSEQ-PEOPLE-OPS-EMPULS_US_EMAIL-LI_abmteam_24SEP26,People Ops (Empuls) buyer segment (1 use cases spanning Empuls),Planned,,,"Job-title cluster - every use case mentioning 'People Ops' anywhere in Buyer/Champion/Influencer is included, even if this title appears only once overall. Only use cases whose Target Geographies name this region are listed here (0 of 1 excluded as not applicable to this region). Needs account list built + Apollo enrichment before send."
,24-Sep-2026,Thu,ABM Team,ROW,"India, Middle East, SEA, Africa",People Ops (Empuls),P1,ICP Persona Sequence,Empuls,1 emails,"1. Frontline / deskless workforce - Buyer: COO / Operations Head (CHRO co-sign) | Champion: VP People / People Ops | Influencer/User: HR Director, engagement lead, site/field managers",P1_ABM_ICPSEQ-PEOPLE-OPS-EMPULS_ROW_EMAIL-LI_abmteam_24SEP26,People Ops (Empuls) buyer segment (1 use cases spanning Empuls),Planned,,,"Job-title cluster - every use case mentioning 'People Ops' anywhere in Buyer/Champion/Influencer is included, even if this title appears only once overall. Only use cases whose Target Geographies name this region are listed here (0 of 1 excluded as not applicable to this region). Needs account list built + Apollo enrichment before send."
,24-Sep-2026,Thu,ABM Team,Global,Europe + rest of world,People Ops (Empuls),P1,ICP Persona Sequence,Empuls,1 emails,"1. Frontline / deskless workforce - Buyer: COO / Operations Head (CHRO co-sign) | Champion: VP People / People Ops | Influencer/User: HR Director, engagement lead, site/field managers",P1_ABM_ICPSEQ-PEOPLE-OPS-EMPULS_GLOBAL_EMAIL-LI_abmteam_24SEP26,People Ops (Empuls) buyer segment (1 use cases spanning Empuls),Planned,,,"Job-title cluster - every use case mentioning 'People Ops' anywhere in Buyer/Champion/Influencer is included, even if this title appears only once overall. Only use cases whose Target Geographies name this region are listed here (0 of 1 excluded as not applicable to this region). Needs account list built + Apollo enrichment before send."
,25-Sep-2026,Fri,ABM Team,US,USA,Procurement (Empuls),P1,ICP Persona Sequence,Empuls,1 emails,1. Rewards catalog & global fulfillment - Buyer: Head of Total Rewards / Procurement | Champion: HR Ops | Influencer/User: Comp & benefits team,P1_ABM_ICPSEQ-PROCUREMENT-EMPULS_US_EMAIL-LI_abmteam_25SEP26,Procurement (Empuls) buyer segment (1 use cases spanning Empuls),Planned,,,"Job-title cluster - every use case mentioning 'Procurement' anywhere in Buyer/Champion/Influencer is included, even if this title appears only once overall. Only use cases whose Target Geographies name this region are listed here (0 of 1 excluded as not applicable to this region). Needs account list built + Apollo enrichment before send."
,25-Sep-2026,Fri,ABM Team,ROW,"India, Middle East, SEA, Africa",Procurement (Empuls),P1,ICP Persona Sequence,Empuls,1 emails,1. Rewards catalog & global fulfillment - Buyer: Head of Total Rewards / Procurement | Champion: HR Ops | Influencer/User: Comp & benefits team,P1_ABM_ICPSEQ-PROCUREMENT-EMPULS_ROW_EMAIL-LI_abmteam_25SEP26,Procurement (Empuls) buyer segment (1 use cases spanning Empuls),Planned,,,"Job-title cluster - every use case mentioning 'Procurement' anywhere in Buyer/Champion/Influencer is included, even if this title appears only once overall. Only use cases whose Target Geographies name this region are listed here (0 of 1 excluded as not applicable to this region). Needs account list built + Apollo enrichment before send."
,25-Sep-2026,Fri,ABM Team,Global,Europe + rest of world,Procurement (Empuls),P1,ICP Persona Sequence,Empuls,1 emails,1. Rewards catalog & global fulfillment - Buyer: Head of Total Rewards / Procurement | Champion: HR Ops | Influencer/User: Comp & benefits team,P1_ABM_ICPSEQ-PROCUREMENT-EMPULS_GLOBAL_EMAIL-LI_abmteam_25SEP26,Procurement (Empuls) buyer segment (1 use cases spanning Empuls),Planned,,,"Job-title cluster - every use case mentioning 'Procurement' anywhere in Buyer/Champion/Influencer is included, even if this title appears only once overall. Only use cases whose Target Geographies name this region are listed here (0 of 1 excluded as not applicable to this region). Needs account list built + Apollo enrichment before send."
,29-Sep-2026,Tue,ABM Team,US,USA,Sales Ops (Empuls),P1,ICP Persona Sequence,Empuls,1 emails,"1. Gamification, incentives, commissions, icm, spm - Buyer: CFO / CRO | Champion: Head of RevOps / Sales Ops | Influencer/User: ICM manager, Finance, VP Sales",P1_ABM_ICPSEQ-SALES-OPS-EMPULS_US_EMAIL-LI_abmteam_29SEP26,Sales Ops (Empuls) buyer segment (1 use cases spanning Empuls),Planned,,,"Job-title cluster - every use case mentioning 'Sales Ops' anywhere in Buyer/Champion/Influencer is included, even if this title appears only once overall. Only use cases whose Target Geographies name this region are listed here (0 of 1 excluded as not applicable to this region). Needs account list built + Apollo enrichment before send."
,29-Sep-2026,Tue,ABM Team,ROW,"India, Middle East",Sales Ops (Empuls),P1,ICP Persona Sequence,Empuls,1 emails,"1. Gamification, incentives, commissions, icm, spm - Buyer: CFO / CRO | Champion: Head of RevOps / Sales Ops | Influencer/User: ICM manager, Finance, VP Sales",P1_ABM_ICPSEQ-SALES-OPS-EMPULS_ROW_EMAIL-LI_abmteam_29SEP26,Sales Ops (Empuls) buyer segment (1 use cases spanning Empuls),Planned,,,"Job-title cluster - every use case mentioning 'Sales Ops' anywhere in Buyer/Champion/Influencer is included, even if this title appears only once overall. Only use cases whose Target Geographies name this region are listed here (0 of 1 excluded as not applicable to this region). Needs account list built + Apollo enrichment before send."
,01-Oct-2026,Thu,ABM Team,US,USA,VP People (Empuls),P1,ICP Persona Sequence,Empuls,1 emails,"1. Frontline / deskless workforce - Buyer: COO / Operations Head (CHRO co-sign) | Champion: VP People / People Ops | Influencer/User: HR Director, engagement lead, site/field managers",P1_ABM_ICPSEQ-VP-PEOPLE-EMPULS_US_EMAIL-LI_abmteam_01OCT26,VP People (Empuls) buyer segment (1 use cases spanning Empuls),Planned,,,"Job-title cluster - every use case mentioning 'VP People' anywhere in Buyer/Champion/Influencer is included, even if this title appears only once overall. Only use cases whose Target Geographies name this region are listed here (0 of 1 excluded as not applicable to this region). Needs account list built + Apollo enrichment before send."
,01-Oct-2026,Thu,ABM Team,ROW,"India, Middle East, SEA, Africa",VP People (Empuls),P1,ICP Persona Sequence,Empuls,1 emails,"1. Frontline / deskless workforce - Buyer: COO / Operations Head (CHRO co-sign) | Champion: VP People / People Ops | Influencer/User: HR Director, engagement lead, site/field managers",P1_ABM_ICPSEQ-VP-PEOPLE-EMPULS_ROW_EMAIL-LI_abmteam_01OCT26,VP People (Empuls) buyer segment (1 use cases spanning Empuls),Planned,,,"Job-title cluster - every use case mentioning 'VP People' anywhere in Buyer/Champion/Influencer is included, even if this title appears only once overall. Only use cases whose Target Geographies name this region are listed here (0 of 1 excluded as not applicable to this region). Needs account list built + Apollo enrichment before send."
,01-Oct-2026,Thu,ABM Team,Global,Europe + rest of world,VP People (Empuls),P1,ICP Persona Sequence,Empuls,1 emails,"1. Frontline / deskless workforce - Buyer: COO / Operations Head (CHRO co-sign) | Champion: VP People / People Ops | Influencer/User: HR Director, engagement lead, site/field managers",P1_ABM_ICPSEQ-VP-PEOPLE-EMPULS_GLOBAL_EMAIL-LI_abmteam_01OCT26,VP People (Empuls) buyer segment (1 use cases spanning Empuls),Planned,,,"Job-title cluster - every use case mentioning 'VP People' anywhere in Buyer/Champion/Influencer is included, even if this title appears only once overall. Only use cases whose Target Geographies name this region are listed here (0 of 1 excluded as not applicable to this region). Needs account list built + Apollo enrichment before send."
,02-Oct-2026,Fri,ABM Team,US,USA,manager (Empuls),P1,ICP Persona Sequence,Empuls,1 emails,"1. Service milestone & anniversary rewards - Buyer: CHRO / Head of Total Rewards | Champion: HR Ops lead | Influencer/User: Procurement head, HR admin / manager",P1_ABM_ICPSEQ-MANAGER-EMPULS_US_EMAIL-LI_abmteam_02OCT26,manager (Empuls) buyer segment (1 use cases spanning Empuls),Planned,,,"Job-title cluster - every use case mentioning 'manager' anywhere in Buyer/Champion/Influencer is included, even if this title appears only once overall. Only use cases whose Target Geographies name this region are listed here (0 of 1 excluded as not applicable to this region). Needs account list built + Apollo enrichment before send."
,02-Oct-2026,Fri,ABM Team,ROW,India,manager (Empuls),P1,ICP Persona Sequence,Empuls,1 emails,"1. Service milestone & anniversary rewards - Buyer: CHRO / Head of Total Rewards | Champion: HR Ops lead | Influencer/User: Procurement head, HR admin / manager",P1_ABM_ICPSEQ-MANAGER-EMPULS_ROW_EMAIL-LI_abmteam_02OCT26,manager (Empuls) buyer segment (1 use cases spanning Empuls),Planned,,,"Job-title cluster - every use case mentioning 'manager' anywhere in Buyer/Champion/Influencer is included, even if this title appears only once overall. Only use cases whose Target Geographies name this region are listed here (0 of 1 excluded as not applicable to this region). Needs account list built + Apollo enrichment before send."
,02-Oct-2026,Fri,ABM Team,Global,Europe,manager (Empuls),P1,ICP Persona Sequence,Empuls,1 emails,"1. Service milestone & anniversary rewards - Buyer: CHRO / Head of Total Rewards | Champion: HR Ops lead | Influencer/User: Procurement head, HR admin / manager",P1_ABM_ICPSEQ-MANAGER-EMPULS_GLOBAL_EMAIL-LI_abmteam_02OCT26,manager (Empuls) buyer segment (1 use cases spanning Empuls),Planned,,,"Job-title cluster - every use case mentioning 'manager' anywhere in Buyer/Champion/Influencer is included, even if this title appears only once overall. Only use cases whose Target Geographies name this region are listed here (0 of 1 excluded as not applicable to this region). Needs account list built + Apollo enrichment before send."
,05-Oct-2026,Mon,ABM Team,US,USA,payroll (Empuls),P1,ICP Persona Sequence,Empuls,1 emails,"1. Lifestyle spending accounts & fringe benefits - Buyer: Head of Total Rewards / CHRO | Champion: Benefits Head / Benefits Manager | Influencer/User: Comp & benefits team, Finance / payroll",P1_ABM_ICPSEQ-PAYROLL-EMPULS_US_EMAIL-LI_abmteam_05OCT26,payroll (Empuls) buyer segment (1 use cases spanning Empuls),Planned,,,"Job-title cluster - every use case mentioning 'payroll' anywhere in Buyer/Champion/Influencer is included, even if this title appears only once overall. Only use cases whose Target Geographies name this region are listed here (0 of 1 excluded as not applicable to this region). Needs account list built + Apollo enrichment before send."
,05-Oct-2026,Mon,ABM Team,Global,Europe,payroll (Empuls),P1,ICP Persona Sequence,Empuls,1 emails,"1. Lifestyle spending accounts & fringe benefits - Buyer: Head of Total Rewards / CHRO | Champion: Benefits Head / Benefits Manager | Influencer/User: Comp & benefits team, Finance / payroll",P1_ABM_ICPSEQ-PAYROLL-EMPULS_GLOBAL_EMAIL-LI_abmteam_05OCT26,payroll (Empuls) buyer segment (1 use cases spanning Empuls),Planned,,,"Job-title cluster - every use case mentioning 'payroll' anywhere in Buyer/Champion/Influencer is included, even if this title appears only once overall. Only use cases whose Target Geographies name this region are listed here (0 of 1 excluded as not applicable to this region). Needs account list built + Apollo enrichment before send."
,06-Oct-2026,Tue,ABM Team,US,USA,site (Empuls),P1,ICP Persona Sequence,Empuls,1 emails,"1. Frontline / deskless workforce - Buyer: COO / Operations Head (CHRO co-sign) | Champion: VP People / People Ops | Influencer/User: HR Director, engagement lead, site/field managers",P1_ABM_ICPSEQ-SITE-EMPULS_US_EMAIL-LI_abmteam_06OCT26,site (Empuls) buyer segment (1 use cases spanning Empuls),Planned,,,"Job-title cluster - every use case mentioning 'site' anywhere in Buyer/Champion/Influencer is included, even if this title appears only once overall. Only use cases whose Target Geographies name this region are listed here (0 of 1 excluded as not applicable to this region). Needs account list built + Apollo enrichment before send."
,06-Oct-2026,Tue,ABM Team,ROW,"India, Middle East, SEA, Africa",site (Empuls),P1,ICP Persona Sequence,Empuls,1 emails,"1. Frontline / deskless workforce - Buyer: COO / Operations Head (CHRO co-sign) | Champion: VP People / People Ops | Influencer/User: HR Director, engagement lead, site/field managers",P1_ABM_ICPSEQ-SITE-EMPULS_ROW_EMAIL-LI_abmteam_06OCT26,site (Empuls) buyer segment (1 use cases spanning Empuls),Planned,,,"Job-title cluster - every use case mentioning 'site' anywhere in Buyer/Champion/Influencer is included, even if this title appears only once overall. Only use cases whose Target Geographies name this region are listed here (0 of 1 excluded as not applicable to this region). Needs account list built + Apollo enrichment before send."
,06-Oct-2026,Tue,ABM Team,Global,Europe + rest of world,site (Empuls),P1,ICP Persona Sequence,Empuls,1 emails,"1. Frontline / deskless workforce - Buyer: COO / Operations Head (CHRO co-sign) | Champion: VP People / People Ops | Influencer/User: HR Director, engagement lead, site/field managers",P1_ABM_ICPSEQ-SITE-EMPULS_GLOBAL_EMAIL-LI_abmteam_06OCT26,site (Empuls) buyer segment (1 use cases spanning Empuls),Planned,,,"Job-title cluster - every use case mentioning 'site' anywhere in Buyer/Champion/Influencer is included, even if this title appears only once overall. Only use cases whose Target Geographies name this region are listed here (0 of 1 excluded as not applicable to this region). Needs account list built + Apollo enrichment before send."
,07-Oct-2026,Wed,ABM Team,US,USA,CMO (Loyalife),P1,ICP Persona Sequence,"Loyalife, Loyalife USA/Europe",12 emails,"1. Retail, Apparel, fashion & Department Stores - Points, tiers & paid membership - Buyer: CMO / Head of Loyalty | Champion: CRM / loyalty program manager | Influencer/User: Retail shoppers, paid & free members
2. QSR / Restaurants / F&B - App-based & subscription loyalty - Buyer: CMO / Head of Digital | Champion: Loyalty / app product manager | Influencer/User: Diners, app users, delivery customers
3. Utilities & Energy - Engagement & efficiency rewards - Buyer: Head of Customer / CMO | Champion: Retention manager | Influencer/User: Household & utility customers
4. E-commerce / D2C - Points, referrals & VIP tiers - Buyer: Head of Growth / CMO | Champion: CRM / retention manager | Influencer/User: Online shoppers
5. Healthcare - Pharmacy Retail - Pharmacy & wellness loyalty - Buyer: Head of Loyalty / CMO (pharmacy chain) | Champion: Loyalty manager | Influencer/User: Pharmacy customers, patients
6. Healthcare - Providers & Diagnostics - Patient engagement & adherence - Buyer: Head of Patient Experience / CMO | Champion: Engagement manager | Influencer/User: Patients, health-plan members
7. Subscription / paid membership loyalty - Buyer: Head of Membership / CMO | Champion: Subscription product manager | Influencer/User: Paid members (retail, QSR, services)
8. QSR & restaurant loyalty (mature) - Buyer: CMO / Head of Digital | Champion: Loyalty / app product manager | Influencer/User: Diners, app users, delivery customers
9. Fashion & lifestyle experiential loyalty - Buyer: CMO / Head of Loyalty | Champion: CRM manager | Influencer/User: Brand shoppers, members",P1_ABM_ICPSEQ-CMO-LOYALIFE_US_EMAIL-LI_abmteam_07OCT26,"CMO (Loyalife) buyer segment (9 use cases spanning Loyalife, Loyalife USA/Europe)",Planned,,,"Job-title cluster - every use case mentioning 'CMO' anywhere in Buyer/Champion/Influencer is included, even if this title appears only once overall. Only use cases whose Target Geographies name this region are listed here (2 of 11 excluded as not applicable to this region). Needs account list built + Apollo enrichment before send."
,07-Oct-2026,Wed,ABM Team,ROW,"India, Middle East, SEA",CMO (Loyalife),P1,ICP Persona Sequence,Loyalife,10 emails,"1. Retail, Apparel, fashion & Department Stores - Points, tiers & paid membership - Buyer: CMO / Head of Loyalty | Champion: CRM / loyalty program manager | Influencer/User: Retail shoppers, paid & free members
2. QSR / Restaurants / F&B - App-based & subscription loyalty - Buyer: CMO / Head of Digital | Champion: Loyalty / app product manager | Influencer/User: Diners, app users, delivery customers
3. Utilities & Energy - Engagement & efficiency rewards - Buyer: Head of Customer / CMO | Champion: Retention manager | Influencer/User: Household & utility customers
4. E-commerce / D2C - Points, referrals & VIP tiers - Buyer: Head of Growth / CMO | Champion: CRM / retention manager | Influencer/User: Online shoppers
5. Healthcare - Pharmacy Retail - Pharmacy & wellness loyalty - Buyer: Head of Loyalty / CMO (pharmacy chain) | Champion: Loyalty manager | Influencer/User: Pharmacy customers, patients
6. Healthcare - Providers & Diagnostics - Patient engagement & adherence - Buyer: Head of Patient Experience / CMO | Champion: Engagement manager | Influencer/User: Patients, health-plan members
7. Insurance - Policyholder Retention - Persistency & wellness engagement - Buyer: Head of Customer Engagement / CMO | Champion: Retention manager | Influencer/User: Policyholders (health & life)",P1_ABM_ICPSEQ-CMO-LOYALIFE_ROW_EMAIL-LI_abmteam_07OCT26,CMO (Loyalife) buyer segment (7 use cases spanning Loyalife),Planned,,,"Job-title cluster - every use case mentioning 'CMO' anywhere in Buyer/Champion/Influencer is included, even if this title appears only once overall. Only use cases whose Target Geographies name this region are listed here (4 of 11 excluded as not applicable to this region). Needs account list built + Apollo enrichment before send."
,07-Oct-2026,Wed,ABM Team,Global,"Europe, Australia",CMO (Loyalife),P1,ICP Persona Sequence,"Loyalife, Loyalife USA/Europe",12 emails,"1. Retail, Apparel, fashion & Department Stores - Points, tiers & paid membership - Buyer: CMO / Head of Loyalty | Champion: CRM / loyalty program manager | Influencer/User: Retail shoppers, paid & free members
2. QSR / Restaurants / F&B - App-based & subscription loyalty - Buyer: CMO / Head of Digital | Champion: Loyalty / app product manager | Influencer/User: Diners, app users, delivery customers
3. Utilities & Energy - Engagement & efficiency rewards - Buyer: Head of Customer / CMO | Champion: Retention manager | Influencer/User: Household & utility customers
4. E-commerce / D2C - Points, referrals & VIP tiers - Buyer: Head of Growth / CMO | Champion: CRM / retention manager | Influencer/User: Online shoppers
5. Healthcare - Pharmacy Retail - Pharmacy & wellness loyalty - Buyer: Head of Loyalty / CMO (pharmacy chain) | Champion: Loyalty manager | Influencer/User: Pharmacy customers, patients
6. Subscription / paid membership loyalty - Buyer: Head of Membership / CMO | Champion: Subscription product manager | Influencer/User: Paid members (retail, QSR, services)
7. QSR & restaurant loyalty (mature) - Buyer: CMO / Head of Digital | Champion: Loyalty / app product manager | Influencer/User: Diners, app users, delivery customers
8. Grocery loyalty & data (very mature) - Buyer: Head of Loyalty / CMO | Champion: Loyalty manager | Influencer/User: Grocery shoppers
9. Fashion & lifestyle experiential loyalty - Buyer: CMO / Head of Loyalty | Champion: CRM manager | Influencer/User: Brand shoppers, members",P1_ABM_ICPSEQ-CMO-LOYALIFE_GLOBAL_EMAIL-LI_abmteam_07OCT26,"CMO (Loyalife) buyer segment (9 use cases spanning Loyalife, Loyalife USA/Europe)",Planned,,,"Job-title cluster - every use case mentioning 'CMO' anywhere in Buyer/Champion/Influencer is included, even if this title appears only once overall. Only use cases whose Target Geographies name this region are listed here (2 of 11 excluded as not applicable to this region). Needs account list built + Apollo enrichment before send."
,08-Oct-2026,Thu,ABM Team,US,USA,Head of Growth (Loyalife),P1,ICP Persona Sequence,"Loyalife, Loyalife USA/Europe",9 emails,"1. Media, OTT & Subscription - Subscriber retention & win-back - Buyer: Head of Growth / CPO | Champion: Lifecycle manager | Influencer/User: Streaming / subscription users
2. Gaming & Digital Entertainment - Player loyalty & battle-pass - Buyer: Head of Growth / Monetization | Champion: Live-ops manager | Influencer/User: Players, gamers
3. E-commerce / D2C - Points, referrals & VIP tiers - Buyer: Head of Growth / CMO | Champion: CRM / retention manager | Influencer/User: Online shoppers
4. Education / EdTech - Learner engagement & referral - Buyer: Head of Growth | Champion: Lifecycle manager | Influencer/User: Students, learners, parents
5. Fintech - Consumer App - User rewards, cashback & streaks - Buyer: Head of Growth / CPO | Champion: Lifecycle / CRM manager | Influencer/User: App users (payments, lending, investing, wallets)
6. Consumer cashback & rebate apps - Buyer: Head of Growth (brand/retailer) or the app operator | Champion: Shopper-marketing / lifecycle manager | Influencer/User: Shoppers (grocery, online, gas, receipts)",P1_ABM_ICPSEQ-HEAD-OF-GROWTH-LOYAL_US_EMAIL-LI_abmteam_08OCT26,"Head of Growth (Loyalife) buyer segment (6 use cases spanning Loyalife, Loyalife USA/Europe)",Planned,,,"Job-title cluster - every use case mentioning 'Head of Growth' anywhere in Buyer/Champion/Influencer is included, even if this title appears only once overall. Only use cases whose Target Geographies name this region are listed here (0 of 6 excluded as not applicable to this region). Needs account list built + Apollo enrichment before send."
,08-Oct-2026,Thu,ABM Team,ROW,"India, Middle East, SEA, Africa",Head of Growth (Loyalife),P1,ICP Persona Sequence,Loyalife,7 emails,"1. Media, OTT & Subscription - Subscriber retention & win-back - Buyer: Head of Growth / CPO | Champion: Lifecycle manager | Influencer/User: Streaming / subscription users
2. Gaming & Digital Entertainment - Player loyalty & battle-pass - Buyer: Head of Growth / Monetization | Champion: Live-ops manager | Influencer/User: Players, gamers
3. E-commerce / D2C - Points, referrals & VIP tiers - Buyer: Head of Growth / CMO | Champion: CRM / retention manager | Influencer/User: Online shoppers
4. Education / EdTech - Learner engagement & referral - Buyer: Head of Growth | Champion: Lifecycle manager | Influencer/User: Students, learners, parents
5. Fintech - Consumer App - User rewards, cashback & streaks - Buyer: Head of Growth / CPO | Champion: Lifecycle / CRM manager | Influencer/User: App users (payments, lending, investing, wallets)",P1_ABM_ICPSEQ-HEAD-OF-GROWTH-LOYAL_ROW_EMAIL-LI_abmteam_08OCT26,Head of Growth (Loyalife) buyer segment (5 use cases spanning Loyalife),Planned,,,"Job-title cluster - every use case mentioning 'Head of Growth' anywhere in Buyer/Champion/Influencer is included, even if this title appears only once overall. Only use cases whose Target Geographies name this region are listed here (1 of 6 excluded as not applicable to this region). Needs account list built + Apollo enrichment before send."
,08-Oct-2026,Thu,ABM Team,Global,Europe + rest of world,Head of Growth (Loyalife),P1,ICP Persona Sequence,"Loyalife, Loyalife USA/Europe",6 emails,"1. Media, OTT & Subscription - Subscriber retention & win-back - Buyer: Head of Growth / CPO | Champion: Lifecycle manager | Influencer/User: Streaming / subscription users
2. Gaming & Digital Entertainment - Player loyalty & battle-pass - Buyer: Head of Growth / Monetization | Champion: Live-ops manager | Influencer/User: Players, gamers
3. E-commerce / D2C - Points, referrals & VIP tiers - Buyer: Head of Growth / CMO | Champion: CRM / retention manager | Influencer/User: Online shoppers
4. Consumer cashback & rebate apps - Buyer: Head of Growth (brand/retailer) or the app operator | Champion: Shopper-marketing / lifecycle manager | Influencer/User: Shoppers (grocery, online, gas, receipts)",P1_ABM_ICPSEQ-HEAD-OF-GROWTH-LOYAL_GLOBAL_EMAIL-LI_abmteam_08OCT26,"Head of Growth (Loyalife) buyer segment (4 use cases spanning Loyalife, Loyalife USA/Europe)",Planned,,,"Job-title cluster - every use case mentioning 'Head of Growth' anywhere in Buyer/Champion/Influencer is included, even if this title appears only once overall. Only use cases whose Target Geographies name this region are listed here (2 of 6 excluded as not applicable to this region). Needs account list built + Apollo enrichment before send."
,09-Oct-2026,Fri,ABM Team,US,USA,Head of Loyalty (Loyalife),P1,ICP Persona Sequence,"Loyalife, Loyalife USA/Europe",7 emails,"1. Retail, Apparel, fashion & Department Stores - Points, tiers & paid membership - Buyer: CMO / Head of Loyalty | Champion: CRM / loyalty program manager | Influencer/User: Retail shoppers, paid & free members
2. Healthcare - Pharmacy Retail - Pharmacy & wellness loyalty - Buyer: Head of Loyalty / CMO (pharmacy chain) | Champion: Loyalty manager | Influencer/User: Pharmacy customers, patients
3. Airline & travel coalition currencies - Buyer: Head of Loyalty / CCO | Champion: FFP program manager | Influencer/User: Flyers, coalition members
4. Embedded / checkout & payment-linked loyalty - Buyer: CPO / Head of Loyalty | Champion: Product / martech lead | Influencer/User: Shoppers at point of checkout
5. Fashion & lifestyle experiential loyalty - Buyer: CMO / Head of Loyalty | Champion: CRM manager | Influencer/User: Brand shoppers, members",P1_ABM_ICPSEQ-HEAD-OF-LOYALTY-LOYA_US_EMAIL-LI_abmteam_09OCT26,"Head of Loyalty (Loyalife) buyer segment (5 use cases spanning Loyalife, Loyalife USA/Europe)",Planned,,,"Job-title cluster - every use case mentioning 'Head of Loyalty' anywhere in Buyer/Champion/Influencer is included, even if this title appears only once overall. Only use cases whose Target Geographies name this region are listed here (1 of 6 excluded as not applicable to this region). Needs account list built + Apollo enrichment before send."
,09-Oct-2026,Fri,ABM Team,ROW,"India, Middle East, SEA, Africa",Head of Loyalty (Loyalife),P1,ICP Persona Sequence,"Loyalife, Loyalife USA/Europe",4 emails,"1. Retail, Apparel, fashion & Department Stores - Points, tiers & paid membership - Buyer: CMO / Head of Loyalty | Champion: CRM / loyalty program manager | Influencer/User: Retail shoppers, paid & free members
2. Healthcare - Pharmacy Retail - Pharmacy & wellness loyalty - Buyer: Head of Loyalty / CMO (pharmacy chain) | Champion: Loyalty manager | Influencer/User: Pharmacy customers, patients
3. Airline & travel coalition currencies - Buyer: Head of Loyalty / CCO | Champion: FFP program manager | Influencer/User: Flyers, coalition members",P1_ABM_ICPSEQ-HEAD-OF-LOYALTY-LOYA_ROW_EMAIL-LI_abmteam_09OCT26,"Head of Loyalty (Loyalife) buyer segment (3 use cases spanning Loyalife, Loyalife USA/Europe)",Planned,,,"Job-title cluster - every use case mentioning 'Head of Loyalty' anywhere in Buyer/Champion/Influencer is included, even if this title appears only once overall. Only use cases whose Target Geographies name this region are listed here (3 of 6 excluded as not applicable to this region). Needs account list built + Apollo enrichment before send."
,09-Oct-2026,Fri,ABM Team,Global,Europe + rest of world,Head of Loyalty (Loyalife),P1,ICP Persona Sequence,"Loyalife, Loyalife USA/Europe",9 emails,"1. Retail, Apparel, fashion & Department Stores - Points, tiers & paid membership - Buyer: CMO / Head of Loyalty | Champion: CRM / loyalty program manager | Influencer/User: Retail shoppers, paid & free members
2. Healthcare - Pharmacy Retail - Pharmacy & wellness loyalty - Buyer: Head of Loyalty / CMO (pharmacy chain) | Champion: Loyalty manager | Influencer/User: Pharmacy customers, patients
3. Grocery loyalty & data (very mature) - Buyer: Head of Loyalty / CMO | Champion: Loyalty manager | Influencer/User: Grocery shoppers
4. Airline & travel coalition currencies - Buyer: Head of Loyalty / CCO | Champion: FFP program manager | Influencer/User: Flyers, coalition members
5. Embedded / checkout & payment-linked loyalty - Buyer: CPO / Head of Loyalty | Champion: Product / martech lead | Influencer/User: Shoppers at point of checkout
6. Fashion & lifestyle experiential loyalty - Buyer: CMO / Head of Loyalty | Champion: CRM manager | Influencer/User: Brand shoppers, members",P1_ABM_ICPSEQ-HEAD-OF-LOYALTY-LOYA_GLOBAL_EMAIL-LI_abmteam_09OCT26,"Head of Loyalty (Loyalife) buyer segment (6 use cases spanning Loyalife, Loyalife USA/Europe)",Planned,,,"Job-title cluster - every use case mentioning 'Head of Loyalty' anywhere in Buyer/Champion/Influencer is included, even if this title appears only once overall. Only use cases whose Target Geographies name this region are listed here (0 of 6 excluded as not applicable to this region). Needs account list built + Apollo enrichment before send."
,12-Oct-2026,Mon,ABM Team,ROW,"India, Middle East, SEA, Africa",Head of Sales (Loyalife),P1,ICP Persona Sequence,Loyalife,7 emails,"1. FMCG - Multi-tier trade loyalty - Buyer: Head of Sales / Trade Marketing | Champion: National trade marketing manager | Influencer/User: Super-stockists / C&F, distributors, wholesalers, kirana retailers
2. Consumer Durables & Electronics - Dealer & promoter loyalty - Buyer: Head of Sales / Trade Marketing | Champion: Regional sales head | Influencer/User: Distributors, dealers, retailers, in-shop demonstrators (ISDs), sales promoters
3. Automotive - Dealer & spare-parts channel loyalty - Buyer: Head of Sales / Aftermarket | Champion: Regional dealer manager | Influencer/User: Dealers, spare-parts distributors, service centres, parts retailers
4. Pharma & Healthcare - Distributor & chemist loyalty - Buyer: Head of Sales / Trade | Champion: Regional sales manager | Influencer/User: Stockists, distributors, chemists / pharmacists, medical retailers
5. Agriculture - Dealer & retailer loyalty - Buyer: Head of Sales (agri) | Champion: Zonal manager | Influencer/User: Distributors, agri-dealers, rural retailers",P1_ABM_ICPSEQ-HEAD-OF-SALES-LOYALI_ROW_EMAIL-LI_abmteam_12OCT26,Head of Sales (Loyalife) buyer segment (5 use cases spanning Loyalife),Planned,,,"Job-title cluster - every use case mentioning 'Head of Sales' anywhere in Buyer/Champion/Influencer is included, even if this title appears only once overall. Only use cases whose Target Geographies name this region are listed here (0 of 5 excluded as not applicable to this region). Needs account list built + Apollo enrichment before send."
,13-Oct-2026,Tue,ABM Team,ROW,"India, Middle East, SEA",Head of Trade Marketing (Loyalife),P1,ICP Persona Sequence,Loyalife,7 emails,"1. Paints & Coatings - Painter loyalty (scan-and-earn) - Buyer: Head of Trade Marketing / VP Sales | Champion: Regional trade marketing manager | Influencer/User: Painters, painter-contractors (thekedars), applicators
2. Tiles, Adhesives & Sanitaryware - Applicator & fitter loyalty - Buyer: Head of Trade Marketing | Champion: Regional sales/marketing manager | Influencer/User: Tilers, applicators, masons, plumbers, fabricators
3. Electrical & Lighting - Electrician loyalty - Buyer: Head of Trade Marketing / VP Sales | Champion: Regional marketing manager | Influencer/User: Electricians, wiremen, electrical contractors
4. Plumbing & Sanitary - Plumber loyalty - Buyer: Head of Trade Marketing | Champion: Regional sales head | Influencer/User: Plumbers, sanitary contractors, hardware fitters
5. Beauty & Personal Care - Salon pro & beauty-advisor loyalty - Buyer: Head of Trade Marketing / Retail | Champion: Retail education manager | Influencer/User: Salon stylists, beauticians, in-store beauty advisors (BAs)",P1_ABM_ICPSEQ-HEAD-OF-TRADE-MARKET_ROW_EMAIL-LI_abmteam_13OCT26,Head of Trade Marketing (Loyalife) buyer segment (5 use cases spanning Loyalife),Planned,,,"Job-title cluster - every use case mentioning 'Head of Trade Marketing' anywhere in Buyer/Champion/Influencer is included, even if this title appears only once overall. Only use cases whose Target Geographies name this region are listed here (0 of 5 excluded as not applicable to this region). Needs account list built + Apollo enrichment before send."
,14-Oct-2026,Wed,ABM Team,US,USA,Loyalty (Loyalife),P1,ICP Persona Sequence,"Loyalife, Loyalife USA/Europe",7 emails,"1. Telecom - Consumer - Prepaid/postpaid rewards & CVM - Buyer: Head of Consumer / CVM lead | Champion: Loyalty / retention manager | Influencer/User: Prepaid & postpaid subscribers
2. QSR / Restaurants / F&B - App-based & subscription loyalty - Buyer: CMO / Head of Digital | Champion: Loyalty / app product manager | Influencer/User: Diners, app users, delivery customers
3. Fuel & Convenience Retail - Fuel points & c-store rewards - Buyer: Head of Retail / Loyalty | Champion: Loyalty manager | Influencer/User: Motorists, fleet operators, c-store shoppers
4. QSR & restaurant loyalty (mature) - Buyer: CMO / Head of Digital | Champion: Loyalty / app product manager | Influencer/User: Diners, app users, delivery customers
5. Retail media + loyalty-data monetisation - Buyer: Head of Retail Media / Loyalty | Champion: Loyalty-data / RMN lead | Influencer/User: Retailer's shoppers; CPG advertisers",P1_ABM_ICPSEQ-LOYALTY-LOYALIFE_US_EMAIL-LI_abmteam_14OCT26,"Loyalty (Loyalife) buyer segment (5 use cases spanning Loyalife, Loyalife USA/Europe)",Planned,,,"Job-title cluster - every use case mentioning 'Loyalty' anywhere in Buyer/Champion/Influencer is included, even if this title appears only once overall. Only use cases whose Target Geographies name this region are listed here (0 of 5 excluded as not applicable to this region). Needs account list built + Apollo enrichment before send."
,14-Oct-2026,Wed,ABM Team,ROW,"India, Middle East, SEA, Africa",Loyalty (Loyalife),P1,ICP Persona Sequence,Loyalife,4 emails,"1. Telecom - Consumer - Prepaid/postpaid rewards & CVM - Buyer: Head of Consumer / CVM lead | Champion: Loyalty / retention manager | Influencer/User: Prepaid & postpaid subscribers
2. QSR / Restaurants / F&B - App-based & subscription loyalty - Buyer: CMO / Head of Digital | Champion: Loyalty / app product manager | Influencer/User: Diners, app users, delivery customers
3. Fuel & Convenience Retail - Fuel points & c-store rewards - Buyer: Head of Retail / Loyalty | Champion: Loyalty manager | Influencer/User: Motorists, fleet operators, c-store shoppers",P1_ABM_ICPSEQ-LOYALTY-LOYALIFE_ROW_EMAIL-LI_abmteam_14OCT26,Loyalty (Loyalife) buyer segment (3 use cases spanning Loyalife),Planned,,,"Job-title cluster - every use case mentioning 'Loyalty' anywhere in Buyer/Champion/Influencer is included, even if this title appears only once overall. Only use cases whose Target Geographies name this region are listed here (2 of 5 excluded as not applicable to this region). Needs account list built + Apollo enrichment before send."
,14-Oct-2026,Wed,ABM Team,Global,Europe,Loyalty (Loyalife),P1,ICP Persona Sequence,"Loyalife, Loyalife USA/Europe",7 emails,"1. Telecom - Consumer - Prepaid/postpaid rewards & CVM - Buyer: Head of Consumer / CVM lead | Champion: Loyalty / retention manager | Influencer/User: Prepaid & postpaid subscribers
2. QSR / Restaurants / F&B - App-based & subscription loyalty - Buyer: CMO / Head of Digital | Champion: Loyalty / app product manager | Influencer/User: Diners, app users, delivery customers
3. Fuel & Convenience Retail - Fuel points & c-store rewards - Buyer: Head of Retail / Loyalty | Champion: Loyalty manager | Influencer/User: Motorists, fleet operators, c-store shoppers
4. QSR & restaurant loyalty (mature) - Buyer: CMO / Head of Digital | Champion: Loyalty / app product manager | Influencer/User: Diners, app users, delivery customers
5. Retail media + loyalty-data monetisation - Buyer: Head of Retail Media / Loyalty | Champion: Loyalty-data / RMN lead | Influencer/User: Retailer's shoppers; CPG advertisers",P1_ABM_ICPSEQ-LOYALTY-LOYALIFE_GLOBAL_EMAIL-LI_abmteam_14OCT26,"Loyalty (Loyalife) buyer segment (5 use cases spanning Loyalife, Loyalife USA/Europe)",Planned,,,"Job-title cluster - every use case mentioning 'Loyalty' anywhere in Buyer/Champion/Influencer is included, even if this title appears only once overall. Only use cases whose Target Geographies name this region are listed here (0 of 5 excluded as not applicable to this region). Needs account list built + Apollo enrichment before send."
,15-Oct-2026,Thu,ABM Team,US,USA,Head of Cards (Loyalife),P1,ICP Persona Sequence,Loyalife USA/Europe,3 emails,"1. Credit-card rewards & points ecosystems - Buyer: Head of Cards / Rewards | Champion: Rewards product manager | Influencer/User: Cardholders (mass, affluent, premium travel)
2. Card-linked offers (CLO) - bank-embedded - Buyer: Head of Cards / Digital Banking | Champion: Offers & partnerships manager | Influencer/User: Bank cardholders; merchants funding the offers",P1_ABM_ICPSEQ-HEAD-OF-CARDS-LOYALI_US_EMAIL-LI_abmteam_15OCT26,Head of Cards (Loyalife) buyer segment (2 use cases spanning Loyalife USA/Europe),Planned,,,"Job-title cluster - every use case mentioning 'Head of Cards' anywhere in Buyer/Champion/Influencer is included, even if this title appears only once overall. Only use cases whose Target Geographies name this region are listed here (2 of 4 excluded as not applicable to this region). Needs account list built + Apollo enrichment before send."
,15-Oct-2026,Thu,ABM Team,ROW,"India, Middle East, SEA",Head of Cards (Loyalife),P1,ICP Persona Sequence,Loyalife,1 emails,1. Banking - Retail Cards - Cardholder rewards & redemption - Buyer: Head of Cards / Chief Digital Officer | Champion: Cards rewards manager | Influencer/User: Credit / debit cardholders (mass & affluent),P1_ABM_ICPSEQ-HEAD-OF-CARDS-LOYALI_ROW_EMAIL-LI_abmteam_15OCT26,Head of Cards (Loyalife) buyer segment (1 use cases spanning Loyalife),Planned,,,"Job-title cluster - every use case mentioning 'Head of Cards' anywhere in Buyer/Champion/Influencer is included, even if this title appears only once overall. Only use cases whose Target Geographies name this region are listed here (3 of 4 excluded as not applicable to this region). Needs account list built + Apollo enrichment before send."
,15-Oct-2026,Thu,ABM Team,Global,Europe,Head of Cards (Loyalife),P1,ICP Persona Sequence,Loyalife USA/Europe,4 emails,"1. Credit-card rewards & points ecosystems - Buyer: Head of Cards / Rewards | Champion: Rewards product manager | Influencer/User: Cardholders (mass, affluent, premium travel)
2. Card-linked offers (CLO) - bank-embedded - Buyer: Head of Cards / Digital Banking | Champion: Offers & partnerships manager | Influencer/User: Bank cardholders; merchants funding the offers
3. Card-linked / bank loyalty-as-a-service - Buyer: Head of Cards / Digital | Champion: Rewards manager | Influencer/User: Bank customers, neobank users",P1_ABM_ICPSEQ-HEAD-OF-CARDS-LOYALI_GLOBAL_EMAIL-LI_abmteam_15OCT26,Head of Cards (Loyalife) buyer segment (3 use cases spanning Loyalife USA/Europe),Planned,,,"Job-title cluster - every use case mentioning 'Head of Cards' anywhere in Buyer/Champion/Influencer is included, even if this title appears only once overall. Only use cases whose Target Geographies name this region are listed here (1 of 4 excluded as not applicable to this region). Needs account list built + Apollo enrichment before send."
,16-Oct-2026,Fri,ABM Team,US,USA,Loyalty manager (Loyalife),P1,ICP Persona Sequence,Loyalife,4 emails,"1. Travel - Hotels & Hospitality - Stay rewards & tiers - Buyer: VP Loyalty / CCO | Champion: Loyalty manager | Influencer/User: Hotel guests, members
2. Fuel & Convenience Retail - Fuel points & c-store rewards - Buyer: Head of Retail / Loyalty | Champion: Loyalty manager | Influencer/User: Motorists, fleet operators, c-store shoppers
3. Healthcare - Pharmacy Retail - Pharmacy & wellness loyalty - Buyer: Head of Loyalty / CMO (pharmacy chain) | Champion: Loyalty manager | Influencer/User: Pharmacy customers, patients",P1_ABM_ICPSEQ-LOYALTY-MANAGER-LOYA_US_EMAIL-LI_abmteam_16OCT26,Loyalty manager (Loyalife) buyer segment (3 use cases spanning Loyalife),Planned,,,"Job-title cluster - every use case mentioning 'Loyalty manager' anywhere in Buyer/Champion/Influencer is included, even if this title appears only once overall. Only use cases whose Target Geographies name this region are listed here (1 of 4 excluded as not applicable to this region). Needs account list built + Apollo enrichment before send."
,16-Oct-2026,Fri,ABM Team,ROW,"India, Middle East, SEA",Loyalty manager (Loyalife),P1,ICP Persona Sequence,Loyalife,4 emails,"1. Travel - Hotels & Hospitality - Stay rewards & tiers - Buyer: VP Loyalty / CCO | Champion: Loyalty manager | Influencer/User: Hotel guests, members
2. Fuel & Convenience Retail - Fuel points & c-store rewards - Buyer: Head of Retail / Loyalty | Champion: Loyalty manager | Influencer/User: Motorists, fleet operators, c-store shoppers
3. Healthcare - Pharmacy Retail - Pharmacy & wellness loyalty - Buyer: Head of Loyalty / CMO (pharmacy chain) | Champion: Loyalty manager | Influencer/User: Pharmacy customers, patients",P1_ABM_ICPSEQ-LOYALTY-MANAGER-LOYA_ROW_EMAIL-LI_abmteam_16OCT26,Loyalty manager (Loyalife) buyer segment (3 use cases spanning Loyalife),Planned,,,"Job-title cluster - every use case mentioning 'Loyalty manager' anywhere in Buyer/Champion/Influencer is included, even if this title appears only once overall. Only use cases whose Target Geographies name this region are listed here (1 of 4 excluded as not applicable to this region). Needs account list built + Apollo enrichment before send."
,16-Oct-2026,Fri,ABM Team,Global,Europe,Loyalty manager (Loyalife),P1,ICP Persona Sequence,"Loyalife, Loyalife USA/Europe",6 emails,"1. Travel - Hotels & Hospitality - Stay rewards & tiers - Buyer: VP Loyalty / CCO | Champion: Loyalty manager | Influencer/User: Hotel guests, members
2. Fuel & Convenience Retail - Fuel points & c-store rewards - Buyer: Head of Retail / Loyalty | Champion: Loyalty manager | Influencer/User: Motorists, fleet operators, c-store shoppers
3. Healthcare - Pharmacy Retail - Pharmacy & wellness loyalty - Buyer: Head of Loyalty / CMO (pharmacy chain) | Champion: Loyalty manager | Influencer/User: Pharmacy customers, patients
4. Grocery loyalty & data (very mature) - Buyer: Head of Loyalty / CMO | Champion: Loyalty manager | Influencer/User: Grocery shoppers",P1_ABM_ICPSEQ-LOYALTY-MANAGER-LOYA_GLOBAL_EMAIL-LI_abmteam_16OCT26,"Loyalty manager (Loyalife) buyer segment (4 use cases spanning Loyalife, Loyalife USA/Europe)",Planned,,,"Job-title cluster - every use case mentioning 'Loyalty manager' anywhere in Buyer/Champion/Influencer is included, even if this title appears only once overall. Only use cases whose Target Geographies name this region are listed here (0 of 4 excluded as not applicable to this region). Needs account list built + Apollo enrichment before send."
,19-Oct-2026,Mon,ABM Team,ROW,"India, Middle East, SEA, Africa",VP Sales (Loyalife),P1,ICP Persona Sequence,Loyalife,6 emails,"1. Paints & Coatings - Painter loyalty (scan-and-earn) - Buyer: Head of Trade Marketing / VP Sales | Champion: Regional trade marketing manager | Influencer/User: Painters, painter-contractors (thekedars), applicators
2. Building Materials - Cement - Mason & contractor loyalty - Buyer: Head of Marketing / VP Sales | Champion: Zonal marketing manager | Influencer/User: Masons (raj mistry), petty contractors, site supervisors
3. Electrical & Lighting - Electrician loyalty - Buyer: Head of Trade Marketing / VP Sales | Champion: Regional marketing manager | Influencer/User: Electricians, wiremen, electrical contractors
4. Building Materials - Dealer & sub-dealer loyalty - Buyer: VP Sales | Champion: Zonal sales manager | Influencer/User: Distributors, dealers, sub-dealers, retailers",P1_ABM_ICPSEQ-VP-SALES-LOYALIFE_ROW_EMAIL-LI_abmteam_19OCT26,VP Sales (Loyalife) buyer segment (4 use cases spanning Loyalife),Planned,,,"Job-title cluster - every use case mentioning 'VP Sales' anywhere in Buyer/Champion/Influencer is included, even if this title appears only once overall. Only use cases whose Target Geographies name this region are listed here (0 of 4 excluded as not applicable to this region). Needs account list built + Apollo enrichment before send."
,20-Oct-2026,Tue,ABM Team,US,USA,CPO (Loyalife),P1,ICP Persona Sequence,"Loyalife, Loyalife USA/Europe",4 emails,"1. Media, OTT & Subscription - Subscriber retention & win-back - Buyer: Head of Growth / CPO | Champion: Lifecycle manager | Influencer/User: Streaming / subscription users
2. Fintech - Consumer App - User rewards, cashback & streaks - Buyer: Head of Growth / CPO | Champion: Lifecycle / CRM manager | Influencer/User: App users (payments, lending, investing, wallets)
3. Embedded / checkout & payment-linked loyalty - Buyer: CPO / Head of Loyalty | Champion: Product / martech lead | Influencer/User: Shoppers at point of checkout",P1_ABM_ICPSEQ-CPO-LOYALIFE_US_EMAIL-LI_abmteam_20OCT26,"CPO (Loyalife) buyer segment (3 use cases spanning Loyalife, Loyalife USA/Europe)",Planned,,,"Job-title cluster - every use case mentioning 'CPO' anywhere in Buyer/Champion/Influencer is included, even if this title appears only once overall. Only use cases whose Target Geographies name this region are listed here (0 of 3 excluded as not applicable to this region). Needs account list built + Apollo enrichment before send."
,20-Oct-2026,Tue,ABM Team,ROW,"India, Middle East, SEA, Africa",CPO (Loyalife),P1,ICP Persona Sequence,Loyalife,3 emails,"1. Media, OTT & Subscription - Subscriber retention & win-back - Buyer: Head of Growth / CPO | Champion: Lifecycle manager | Influencer/User: Streaming / subscription users
2. Fintech - Consumer App - User rewards, cashback & streaks - Buyer: Head of Growth / CPO | Champion: Lifecycle / CRM manager | Influencer/User: App users (payments, lending, investing, wallets)",P1_ABM_ICPSEQ-CPO-LOYALIFE_ROW_EMAIL-LI_abmteam_20OCT26,CPO (Loyalife) buyer segment (2 use cases spanning Loyalife),Planned,,,"Job-title cluster - every use case mentioning 'CPO' anywhere in Buyer/Champion/Influencer is included, even if this title appears only once overall. Only use cases whose Target Geographies name this region are listed here (1 of 3 excluded as not applicable to this region). Needs account list built + Apollo enrichment before send."
,20-Oct-2026,Tue,ABM Team,Global,Europe + rest of world,CPO (Loyalife),P1,ICP Persona Sequence,"Loyalife, Loyalife USA/Europe",3 emails,"1. Media, OTT & Subscription - Subscriber retention & win-back - Buyer: Head of Growth / CPO | Champion: Lifecycle manager | Influencer/User: Streaming / subscription users
2. Embedded / checkout & payment-linked loyalty - Buyer: CPO / Head of Loyalty | Champion: Product / martech lead | Influencer/User: Shoppers at point of checkout",P1_ABM_ICPSEQ-CPO-LOYALIFE_GLOBAL_EMAIL-LI_abmteam_20OCT26,"CPO (Loyalife) buyer segment (2 use cases spanning Loyalife, Loyalife USA/Europe)",Planned,,,"Job-title cluster - every use case mentioning 'CPO' anywhere in Buyer/Champion/Influencer is included, even if this title appears only once overall. Only use cases whose Target Geographies name this region are listed here (1 of 3 excluded as not applicable to this region). Needs account list built + Apollo enrichment before send."
,21-Oct-2026,Wed,ABM Team,ROW,"India, Middle East, SEA, Africa",Head of Marketing (Loyalife),P1,ICP Persona Sequence,Loyalife,4 emails,"1. Building Materials - Cement - Mason & contractor loyalty - Buyer: Head of Marketing / VP Sales | Champion: Zonal marketing manager | Influencer/User: Masons (raj mistry), petty contractors, site supervisors
2. Wood, Plywood & Hardware - Carpenter loyalty - Buyer: Head of Marketing | Champion: Regional trade marketing manager | Influencer/User: Carpenters, furniture makers, interior contractors
3. Agri Inputs (Seeds, Fertiliser, Crop Protection) - Farmer & agronomist loyalty - Buyer: Head of Marketing (agri brand) | Champion: Zonal / agronomy marketing manager | Influencer/User: Farmers, agronomists, agri-retailers, krishi mitra",P1_ABM_ICPSEQ-HEAD-OF-MARKETING-LO_ROW_EMAIL-LI_abmteam_21OCT26,Head of Marketing (Loyalife) buyer segment (3 use cases spanning Loyalife),Planned,,,"Job-title cluster - every use case mentioning 'Head of Marketing' anywhere in Buyer/Champion/Influencer is included, even if this title appears only once overall. Only use cases whose Target Geographies name this region are listed here (0 of 3 excluded as not applicable to this region). Needs account list built + Apollo enrichment before send."
,22-Oct-2026,Thu,ABM Team,ROW,"India, Middle East, SEA, Africa",Trade Marketing (Loyalife),P1,ICP Persona Sequence,Loyalife,4 emails,"1. Automotive Aftermarket & Lubricants - Mechanic loyalty - Buyer: Head of Aftermarket / Trade Marketing | Champion: Regional aftermarket manager | Influencer/User: Mechanics, garage owners, drivers, fleet operators
2. FMCG - Multi-tier trade loyalty - Buyer: Head of Sales / Trade Marketing | Champion: National trade marketing manager | Influencer/User: Super-stockists / C&F, distributors, wholesalers, kirana retailers
3. Consumer Durables & Electronics - Dealer & promoter loyalty - Buyer: Head of Sales / Trade Marketing | Champion: Regional sales head | Influencer/User: Distributors, dealers, retailers, in-shop demonstrators (ISDs), sales promoters",P1_ABM_ICPSEQ-TRADE-MARKETING-LOYA_ROW_EMAIL-LI_abmteam_22OCT26,Trade Marketing (Loyalife) buyer segment (3 use cases spanning Loyalife),Planned,,,"Job-title cluster - every use case mentioning 'Trade Marketing' anywhere in Buyer/Champion/Influencer is included, even if this title appears only once overall. Only use cases whose Target Geographies name this region are listed here (0 of 3 excluded as not applicable to this region). Needs account list built + Apollo enrichment before send."
,23-Oct-2026,Fri,ABM Team,US,USA,CCO (Loyalife),P1,ICP Persona Sequence,"Loyalife, Loyalife USA/Europe",3 emails,"1. Travel - Hotels & Hospitality - Stay rewards & tiers - Buyer: VP Loyalty / CCO | Champion: Loyalty manager | Influencer/User: Hotel guests, members
2. Airline & travel coalition currencies - Buyer: Head of Loyalty / CCO | Champion: FFP program manager | Influencer/User: Flyers, coalition members",P1_ABM_ICPSEQ-CCO-LOYALIFE_US_EMAIL-LI_abmteam_23OCT26,"CCO (Loyalife) buyer segment (2 use cases spanning Loyalife, Loyalife USA/Europe)",Planned,,,"Job-title cluster - every use case mentioning 'CCO' anywhere in Buyer/Champion/Influencer is included, even if this title appears only once overall. Only use cases whose Target Geographies name this region are listed here (0 of 2 excluded as not applicable to this region). Needs account list built + Apollo enrichment before send."
,23-Oct-2026,Fri,ABM Team,ROW,"India, Middle East, SEA, Africa",CCO (Loyalife),P1,ICP Persona Sequence,"Loyalife, Loyalife USA/Europe",3 emails,"1. Travel - Hotels & Hospitality - Stay rewards & tiers - Buyer: VP Loyalty / CCO | Champion: Loyalty manager | Influencer/User: Hotel guests, members
2. Airline & travel coalition currencies - Buyer: Head of Loyalty / CCO | Champion: FFP program manager | Influencer/User: Flyers, coalition members",P1_ABM_ICPSEQ-CCO-LOYALIFE_ROW_EMAIL-LI_abmteam_23OCT26,"CCO (Loyalife) buyer segment (2 use cases spanning Loyalife, Loyalife USA/Europe)",Planned,,,"Job-title cluster - every use case mentioning 'CCO' anywhere in Buyer/Champion/Influencer is included, even if this title appears only once overall. Only use cases whose Target Geographies name this region are listed here (0 of 2 excluded as not applicable to this region). Needs account list built + Apollo enrichment before send."
,23-Oct-2026,Fri,ABM Team,Global,Europe + rest of world,CCO (Loyalife),P1,ICP Persona Sequence,"Loyalife, Loyalife USA/Europe",3 emails,"1. Travel - Hotels & Hospitality - Stay rewards & tiers - Buyer: VP Loyalty / CCO | Champion: Loyalty manager | Influencer/User: Hotel guests, members
2. Airline & travel coalition currencies - Buyer: Head of Loyalty / CCO | Champion: FFP program manager | Influencer/User: Flyers, coalition members",P1_ABM_ICPSEQ-CCO-LOYALIFE_GLOBAL_EMAIL-LI_abmteam_23OCT26,"CCO (Loyalife) buyer segment (2 use cases spanning Loyalife, Loyalife USA/Europe)",Planned,,,"Job-title cluster - every use case mentioning 'CCO' anywhere in Buyer/Champion/Influencer is included, even if this title appears only once overall. Only use cases whose Target Geographies name this region are listed here (0 of 2 excluded as not applicable to this region). Needs account list built + Apollo enrichment before send."
,26-Oct-2026,Mon,ABM Team,US,USA,CRM (Loyalife),P1,ICP Persona Sequence,Loyalife,3 emails,"1. Retail, Apparel, fashion & Department Stores - Points, tiers & paid membership - Buyer: CMO / Head of Loyalty | Champion: CRM / loyalty program manager | Influencer/User: Retail shoppers, paid & free members
2. E-commerce / D2C - Points, referrals & VIP tiers - Buyer: Head of Growth / CMO | Champion: CRM / retention manager | Influencer/User: Online shoppers",P1_ABM_ICPSEQ-CRM-LOYALIFE_US_EMAIL-LI_abmteam_26OCT26,CRM (Loyalife) buyer segment (2 use cases spanning Loyalife),Planned,,,"Job-title cluster - every use case mentioning 'CRM' anywhere in Buyer/Champion/Influencer is included, even if this title appears only once overall. Only use cases whose Target Geographies name this region are listed here (0 of 2 excluded as not applicable to this region). Needs account list built + Apollo enrichment before send."
,26-Oct-2026,Mon,ABM Team,ROW,"India, Middle East, SEA",CRM (Loyalife),P1,ICP Persona Sequence,Loyalife,3 emails,"1. Retail, Apparel, fashion & Department Stores - Points, tiers & paid membership - Buyer: CMO / Head of Loyalty | Champion: CRM / loyalty program manager | Influencer/User: Retail shoppers, paid & free members
2. E-commerce / D2C - Points, referrals & VIP tiers - Buyer: Head of Growth / CMO | Champion: CRM / retention manager | Influencer/User: Online shoppers",P1_ABM_ICPSEQ-CRM-LOYALIFE_ROW_EMAIL-LI_abmteam_26OCT26,CRM (Loyalife) buyer segment (2 use cases spanning Loyalife),Planned,,,"Job-title cluster - every use case mentioning 'CRM' anywhere in Buyer/Champion/Influencer is included, even if this title appears only once overall. Only use cases whose Target Geographies name this region are listed here (0 of 2 excluded as not applicable to this region). Needs account list built + Apollo enrichment before send."
,26-Oct-2026,Mon,ABM Team,Global,Europe,CRM (Loyalife),P1,ICP Persona Sequence,Loyalife,3 emails,"1. Retail, Apparel, fashion & Department Stores - Points, tiers & paid membership - Buyer: CMO / Head of Loyalty | Champion: CRM / loyalty program manager | Influencer/User: Retail shoppers, paid & free members
2. E-commerce / D2C - Points, referrals & VIP tiers - Buyer: Head of Growth / CMO | Champion: CRM / retention manager | Influencer/User: Online shoppers",P1_ABM_ICPSEQ-CRM-LOYALIFE_GLOBAL_EMAIL-LI_abmteam_26OCT26,CRM (Loyalife) buyer segment (2 use cases spanning Loyalife),Planned,,,"Job-title cluster - every use case mentioning 'CRM' anywhere in Buyer/Champion/Influencer is included, even if this title appears only once overall. Only use cases whose Target Geographies name this region are listed here (0 of 2 excluded as not applicable to this region). Needs account list built + Apollo enrichment before send."
,27-Oct-2026,Tue,ABM Team,US,USA,CRM manager (Loyalife),P1,ICP Persona Sequence,"Loyalife, Loyalife USA/Europe",3 emails,"1. Fintech - Consumer App - User rewards, cashback & streaks - Buyer: Head of Growth / CPO | Champion: Lifecycle / CRM manager | Influencer/User: App users (payments, lending, investing, wallets)
2. Fashion & lifestyle experiential loyalty - Buyer: CMO / Head of Loyalty | Champion: CRM manager | Influencer/User: Brand shoppers, members",P1_ABM_ICPSEQ-CRM-MANAGER-LOYALIFE_US_EMAIL-LI_abmteam_27OCT26,"CRM manager (Loyalife) buyer segment (2 use cases spanning Loyalife, Loyalife USA/Europe)",Planned,,,"Job-title cluster - every use case mentioning 'CRM manager' anywhere in Buyer/Champion/Influencer is included, even if this title appears only once overall. Only use cases whose Target Geographies name this region are listed here (0 of 2 excluded as not applicable to this region). Needs account list built + Apollo enrichment before send."
,27-Oct-2026,Tue,ABM Team,ROW,"India, Middle East, SEA",CRM manager (Loyalife),P1,ICP Persona Sequence,Loyalife,1 emails,"1. Fintech - Consumer App - User rewards, cashback & streaks - Buyer: Head of Growth / CPO | Champion: Lifecycle / CRM manager | Influencer/User: App users (payments, lending, investing, wallets)",P1_ABM_ICPSEQ-CRM-MANAGER-LOYALIFE_ROW_EMAIL-LI_abmteam_27OCT26,CRM manager (Loyalife) buyer segment (1 use cases spanning Loyalife),Planned,,,"Job-title cluster - every use case mentioning 'CRM manager' anywhere in Buyer/Champion/Influencer is included, even if this title appears only once overall. Only use cases whose Target Geographies name this region are listed here (1 of 2 excluded as not applicable to this region). Needs account list built + Apollo enrichment before send."
,27-Oct-2026,Tue,ABM Team,Global,Europe,CRM manager (Loyalife),P1,ICP Persona Sequence,Loyalife USA/Europe,1 emails,"1. Fashion & lifestyle experiential loyalty - Buyer: CMO / Head of Loyalty | Champion: CRM manager | Influencer/User: Brand shoppers, members",P1_ABM_ICPSEQ-CRM-MANAGER-LOYALIFE_GLOBAL_EMAIL-LI_abmteam_27OCT26,CRM manager (Loyalife) buyer segment (1 use cases spanning Loyalife USA/Europe),Planned,,,"Job-title cluster - every use case mentioning 'CRM manager' anywhere in Buyer/Champion/Influencer is included, even if this title appears only once overall. Only use cases whose Target Geographies name this region are listed here (1 of 2 excluded as not applicable to this region). Needs account list built + Apollo enrichment before send."
,28-Oct-2026,Wed,ABM Team,US,USA,FFP program manager (Loyalife),P1,ICP Persona Sequence,"Loyalife, Loyalife USA/Europe",3 emails,"1. Travel - Airlines - Frequent-flyer miles & redemption - Buyer: VP Loyalty / Chief Commercial Officer | Champion: FFP program manager | Influencer/User: Flyers, FFP members
2. Airline & travel coalition currencies - Buyer: Head of Loyalty / CCO | Champion: FFP program manager | Influencer/User: Flyers, coalition members",P1_ABM_ICPSEQ-FFP-PROGRAM-MANAGER_US_EMAIL-LI_abmteam_28OCT26,"FFP program manager (Loyalife) buyer segment (2 use cases spanning Loyalife, Loyalife USA/Europe)",Planned,,,"Job-title cluster - every use case mentioning 'FFP program manager' anywhere in Buyer/Champion/Influencer is included, even if this title appears only once overall. Only use cases whose Target Geographies name this region are listed here (0 of 2 excluded as not applicable to this region). Needs account list built + Apollo enrichment before send."
,28-Oct-2026,Wed,ABM Team,ROW,"India, Middle East, SEA, Africa",FFP program manager (Loyalife),P1,ICP Persona Sequence,"Loyalife, Loyalife USA/Europe",3 emails,"1. Travel - Airlines - Frequent-flyer miles & redemption - Buyer: VP Loyalty / Chief Commercial Officer | Champion: FFP program manager | Influencer/User: Flyers, FFP members
2. Airline & travel coalition currencies - Buyer: Head of Loyalty / CCO | Champion: FFP program manager | Influencer/User: Flyers, coalition members",P1_ABM_ICPSEQ-FFP-PROGRAM-MANAGER_ROW_EMAIL-LI_abmteam_28OCT26,"FFP program manager (Loyalife) buyer segment (2 use cases spanning Loyalife, Loyalife USA/Europe)",Planned,,,"Job-title cluster - every use case mentioning 'FFP program manager' anywhere in Buyer/Champion/Influencer is included, even if this title appears only once overall. Only use cases whose Target Geographies name this region are listed here (0 of 2 excluded as not applicable to this region). Needs account list built + Apollo enrichment before send."
,28-Oct-2026,Wed,ABM Team,Global,Europe + rest of world,FFP program manager (Loyalife),P1,ICP Persona Sequence,Loyalife USA/Europe,1 emails,"1. Airline & travel coalition currencies - Buyer: Head of Loyalty / CCO | Champion: FFP program manager | Influencer/User: Flyers, coalition members",P1_ABM_ICPSEQ-FFP-PROGRAM-MANAGER_GLOBAL_EMAIL-LI_abmteam_28OCT26,FFP program manager (Loyalife) buyer segment (1 use cases spanning Loyalife USA/Europe),Planned,,,"Job-title cluster - every use case mentioning 'FFP program manager' anywhere in Buyer/Champion/Influencer is included, even if this title appears only once overall. Only use cases whose Target Geographies name this region are listed here (1 of 2 excluded as not applicable to this region). Needs account list built + Apollo enrichment before send."
,29-Oct-2026,Thu,ABM Team,US,USA,Head of Digital (Loyalife),P1,ICP Persona Sequence,"Loyalife, Loyalife USA/Europe",3 emails,"1. QSR / Restaurants / F&B - App-based & subscription loyalty - Buyer: CMO / Head of Digital | Champion: Loyalty / app product manager | Influencer/User: Diners, app users, delivery customers
2. QSR & restaurant loyalty (mature) - Buyer: CMO / Head of Digital | Champion: Loyalty / app product manager | Influencer/User: Diners, app users, delivery customers",P1_ABM_ICPSEQ-HEAD-OF-DIGITAL-LOYA_US_EMAIL-LI_abmteam_29OCT26,"Head of Digital (Loyalife) buyer segment (2 use cases spanning Loyalife, Loyalife USA/Europe)",Planned,,,"Job-title cluster - every use case mentioning 'Head of Digital' anywhere in Buyer/Champion/Influencer is included, even if this title appears only once overall. Only use cases whose Target Geographies name this region are listed here (0 of 2 excluded as not applicable to this region). Needs account list built + Apollo enrichment before send."
,29-Oct-2026,Thu,ABM Team,ROW,"Middle East, SEA",Head of Digital (Loyalife),P1,ICP Persona Sequence,Loyalife,1 emails,"1. QSR / Restaurants / F&B - App-based & subscription loyalty - Buyer: CMO / Head of Digital | Champion: Loyalty / app product manager | Influencer/User: Diners, app users, delivery customers",P1_ABM_ICPSEQ-HEAD-OF-DIGITAL-LOYA_ROW_EMAIL-LI_abmteam_29OCT26,Head of Digital (Loyalife) buyer segment (1 use cases spanning Loyalife),Planned,,,"Job-title cluster - every use case mentioning 'Head of Digital' anywhere in Buyer/Champion/Influencer is included, even if this title appears only once overall. Only use cases whose Target Geographies name this region are listed here (1 of 2 excluded as not applicable to this region). Needs account list built + Apollo enrichment before send."
,29-Oct-2026,Thu,ABM Team,Global,Europe,Head of Digital (Loyalife),P1,ICP Persona Sequence,"Loyalife, Loyalife USA/Europe",3 emails,"1. QSR / Restaurants / F&B - App-based & subscription loyalty - Buyer: CMO / Head of Digital | Champion: Loyalty / app product manager | Influencer/User: Diners, app users, delivery customers
2. QSR & restaurant loyalty (mature) - Buyer: CMO / Head of Digital | Champion: Loyalty / app product manager | Influencer/User: Diners, app users, delivery customers",P1_ABM_ICPSEQ-HEAD-OF-DIGITAL-LOYA_GLOBAL_EMAIL-LI_abmteam_29OCT26,"Head of Digital (Loyalife) buyer segment (2 use cases spanning Loyalife, Loyalife USA/Europe)",Planned,,,"Job-title cluster - every use case mentioning 'Head of Digital' anywhere in Buyer/Champion/Influencer is included, even if this title appears only once overall. Only use cases whose Target Geographies name this region are listed here (0 of 2 excluded as not applicable to this region). Needs account list built + Apollo enrichment before send."
,30-Oct-2026,Fri,ABM Team,ROW,"India, Middle East, SEA, Africa",Head of Distribution (Loyalife),P1,ICP Persona Sequence,Loyalife,3 emails,"1. Fintech - Agent / BC Networks - Business-correspondent & agent loyalty - Buyer: Head of Distribution | Champion: Agent network manager | Influencer/User: Business correspondents, DSAs, last-mile distribution agents, insruance agents
2. Insurance - POSP & Brokers - POSP & broker loyalty - Buyer: Head of Distribution / Partnerships | Champion: Partner channel manager | Influencer/User: POSPs (point-of-sale persons), brokers, sub-brokers, aggregator partners",P1_ABM_ICPSEQ-HEAD-OF-DISTRIBUTION_ROW_EMAIL-LI_abmteam_30OCT26,Head of Distribution (Loyalife) buyer segment (2 use cases spanning Loyalife),Planned,,,"Job-title cluster - every use case mentioning 'Head of Distribution' anywhere in Buyer/Champion/Influencer is included, even if this title appears only once overall. Only use cases whose Target Geographies name this region are listed here (0 of 2 excluded as not applicable to this region). Needs account list built + Apollo enrichment before send."
,02-Nov-2026,Mon,ABM Team,US,USA,Lifecycle manager (Loyalife),P1,ICP Persona Sequence,Loyalife,3 emails,"1. Media, OTT & Subscription - Subscriber retention & win-back - Buyer: Head of Growth / CPO | Champion: Lifecycle manager | Influencer/User: Streaming / subscription users
2. Education / EdTech - Learner engagement & referral - Buyer: Head of Growth | Champion: Lifecycle manager | Influencer/User: Students, learners, parents",P1_ABM_ICPSEQ-LIFECYCLE-MANAGER-LO_US_EMAIL-LI_abmteam_02NOV26,Lifecycle manager (Loyalife) buyer segment (2 use cases spanning Loyalife),Planned,,,"Job-title cluster - every use case mentioning 'Lifecycle manager' anywhere in Buyer/Champion/Influencer is included, even if this title appears only once overall. Only use cases whose Target Geographies name this region are listed here (0 of 2 excluded as not applicable to this region). Needs account list built + Apollo enrichment before send."
,02-Nov-2026,Mon,ABM Team,ROW,"India, Middle East, SEA, Africa",Lifecycle manager (Loyalife),P1,ICP Persona Sequence,Loyalife,3 emails,"1. Media, OTT & Subscription - Subscriber retention & win-back - Buyer: Head of Growth / CPO | Champion: Lifecycle manager | Influencer/User: Streaming / subscription users
2. Education / EdTech - Learner engagement & referral - Buyer: Head of Growth | Champion: Lifecycle manager | Influencer/User: Students, learners, parents",P1_ABM_ICPSEQ-LIFECYCLE-MANAGER-LO_ROW_EMAIL-LI_abmteam_02NOV26,Lifecycle manager (Loyalife) buyer segment (2 use cases spanning Loyalife),Planned,,,"Job-title cluster - every use case mentioning 'Lifecycle manager' anywhere in Buyer/Champion/Influencer is included, even if this title appears only once overall. Only use cases whose Target Geographies name this region are listed here (0 of 2 excluded as not applicable to this region). Needs account list built + Apollo enrichment before send."
,02-Nov-2026,Mon,ABM Team,Global,Europe + rest of world,Lifecycle manager (Loyalife),P1,ICP Persona Sequence,Loyalife,1 emails,"1. Media, OTT & Subscription - Subscriber retention & win-back - Buyer: Head of Growth / CPO | Champion: Lifecycle manager | Influencer/User: Streaming / subscription users",P1_ABM_ICPSEQ-LIFECYCLE-MANAGER-LO_GLOBAL_EMAIL-LI_abmteam_02NOV26,Lifecycle manager (Loyalife) buyer segment (1 use cases spanning Loyalife),Planned,,,"Job-title cluster - every use case mentioning 'Lifecycle manager' anywhere in Buyer/Champion/Influencer is included, even if this title appears only once overall. Only use cases whose Target Geographies name this region are listed here (1 of 2 excluded as not applicable to this region). Needs account list built + Apollo enrichment before send."
,03-Nov-2026,Tue,ABM Team,ROW,"India, Middle East, SEA",Regional sales head (Loyalife),P1,ICP Persona Sequence,Loyalife,3 emails,"1. Plumbing & Sanitary - Plumber loyalty - Buyer: Head of Trade Marketing | Champion: Regional sales head | Influencer/User: Plumbers, sanitary contractors, hardware fitters
2. Consumer Durables & Electronics - Dealer & promoter loyalty - Buyer: Head of Sales / Trade Marketing | Champion: Regional sales head | Influencer/User: Distributors, dealers, retailers, in-shop demonstrators (ISDs), sales promoters",P1_ABM_ICPSEQ-REGIONAL-SALES-HEAD_ROW_EMAIL-LI_abmteam_03NOV26,Regional sales head (Loyalife) buyer segment (2 use cases spanning Loyalife),Planned,,,"Job-title cluster - every use case mentioning 'Regional sales head' anywhere in Buyer/Champion/Influencer is included, even if this title appears only once overall. Only use cases whose Target Geographies name this region are listed here (0 of 2 excluded as not applicable to this region). Needs account list built + Apollo enrichment before send."
,04-Nov-2026,Wed,ABM Team,ROW,"India, Middle East, SEA",Regional trade marketing manager (Loyalife),P1,ICP Persona Sequence,Loyalife,3 emails,"1. Paints & Coatings - Painter loyalty (scan-and-earn) - Buyer: Head of Trade Marketing / VP Sales | Champion: Regional trade marketing manager | Influencer/User: Painters, painter-contractors (thekedars), applicators
2. Wood, Plywood & Hardware - Carpenter loyalty - Buyer: Head of Marketing | Champion: Regional trade marketing manager | Influencer/User: Carpenters, furniture makers, interior contractors",P1_ABM_ICPSEQ-REGIONAL-TRADE-MARKE_ROW_EMAIL-LI_abmteam_04NOV26,Regional trade marketing manager (Loyalife) buyer segment (2 use cases spanning Loyalife),Planned,,,"Job-title cluster - every use case mentioning 'Regional trade marketing manager' anywhere in Buyer/Champion/Influencer is included, even if this title appears only once overall. Only use cases whose Target Geographies name this region are listed here (0 of 2 excluded as not applicable to this region). Needs account list built + Apollo enrichment before send."
,05-Nov-2026,Thu,ABM Team,US,USA,Retention manager (Loyalife),P1,ICP Persona Sequence,Loyalife,1 emails,1. Utilities & Energy - Engagement & efficiency rewards - Buyer: Head of Customer / CMO | Champion: Retention manager | Influencer/User: Household & utility customers,P1_ABM_ICPSEQ-RETENTION-MANAGER-LO_US_EMAIL-LI_abmteam_05NOV26,Retention manager (Loyalife) buyer segment (1 use cases spanning Loyalife),Planned,,,"Job-title cluster - every use case mentioning 'Retention manager' anywhere in Buyer/Champion/Influencer is included, even if this title appears only once overall. Only use cases whose Target Geographies name this region are listed here (1 of 2 excluded as not applicable to this region). Needs account list built + Apollo enrichment before send."
,05-Nov-2026,Thu,ABM Team,ROW,"India, Middle East, SEA",Retention manager (Loyalife),P1,ICP Persona Sequence,Loyalife,3 emails,"1. Utilities & Energy - Engagement & efficiency rewards - Buyer: Head of Customer / CMO | Champion: Retention manager | Influencer/User: Household & utility customers
2. Insurance - Policyholder Retention - Persistency & wellness engagement - Buyer: Head of Customer Engagement / CMO | Champion: Retention manager | Influencer/User: Policyholders (health & life)",P1_ABM_ICPSEQ-RETENTION-MANAGER-LO_ROW_EMAIL-LI_abmteam_05NOV26,Retention manager (Loyalife) buyer segment (2 use cases spanning Loyalife),Planned,,,"Job-title cluster - every use case mentioning 'Retention manager' anywhere in Buyer/Champion/Influencer is included, even if this title appears only once overall. Only use cases whose Target Geographies name this region are listed here (0 of 2 excluded as not applicable to this region). Needs account list built + Apollo enrichment before send."
,05-Nov-2026,Thu,ABM Team,Global,"Europe, Australia",Retention manager (Loyalife),P1,ICP Persona Sequence,Loyalife,1 emails,1. Utilities & Energy - Engagement & efficiency rewards - Buyer: Head of Customer / CMO | Champion: Retention manager | Influencer/User: Household & utility customers,P1_ABM_ICPSEQ-RETENTION-MANAGER-LO_GLOBAL_EMAIL-LI_abmteam_05NOV26,Retention manager (Loyalife) buyer segment (1 use cases spanning Loyalife),Planned,,,"Job-title cluster - every use case mentioning 'Retention manager' anywhere in Buyer/Champion/Influencer is included, even if this title appears only once overall. Only use cases whose Target Geographies name this region are listed here (1 of 2 excluded as not applicable to this region). Needs account list built + Apollo enrichment before send."
,06-Nov-2026,Fri,ABM Team,US,USA,VP Loyalty (Loyalife),P1,ICP Persona Sequence,Loyalife,3 emails,"1. Travel - Airlines - Frequent-flyer miles & redemption - Buyer: VP Loyalty / Chief Commercial Officer | Champion: FFP program manager | Influencer/User: Flyers, FFP members
2. Travel - Hotels & Hospitality - Stay rewards & tiers - Buyer: VP Loyalty / CCO | Champion: Loyalty manager | Influencer/User: Hotel guests, members",P1_ABM_ICPSEQ-VP-LOYALTY-LOYALIFE_US_EMAIL-LI_abmteam_06NOV26,VP Loyalty (Loyalife) buyer segment (2 use cases spanning Loyalife),Planned,,,"Job-title cluster - every use case mentioning 'VP Loyalty' anywhere in Buyer/Champion/Influencer is included, even if this title appears only once overall. Only use cases whose Target Geographies name this region are listed here (0 of 2 excluded as not applicable to this region). Needs account list built + Apollo enrichment before send."
,06-Nov-2026,Fri,ABM Team,ROW,"India, Middle East, SEA",VP Loyalty (Loyalife),P1,ICP Persona Sequence,Loyalife,3 emails,"1. Travel - Airlines - Frequent-flyer miles & redemption - Buyer: VP Loyalty / Chief Commercial Officer | Champion: FFP program manager | Influencer/User: Flyers, FFP members
2. Travel - Hotels & Hospitality - Stay rewards & tiers - Buyer: VP Loyalty / CCO | Champion: Loyalty manager | Influencer/User: Hotel guests, members",P1_ABM_ICPSEQ-VP-LOYALTY-LOYALIFE_ROW_EMAIL-LI_abmteam_06NOV26,VP Loyalty (Loyalife) buyer segment (2 use cases spanning Loyalife),Planned,,,"Job-title cluster - every use case mentioning 'VP Loyalty' anywhere in Buyer/Champion/Influencer is included, even if this title appears only once overall. Only use cases whose Target Geographies name this region are listed here (0 of 2 excluded as not applicable to this region). Needs account list built + Apollo enrichment before send."
,06-Nov-2026,Fri,ABM Team,Global,Europe,VP Loyalty (Loyalife),P1,ICP Persona Sequence,Loyalife,1 emails,"1. Travel - Hotels & Hospitality - Stay rewards & tiers - Buyer: VP Loyalty / CCO | Champion: Loyalty manager | Influencer/User: Hotel guests, members",P1_ABM_ICPSEQ-VP-LOYALTY-LOYALIFE_GLOBAL_EMAIL-LI_abmteam_06NOV26,VP Loyalty (Loyalife) buyer segment (1 use cases spanning Loyalife),Planned,,,"Job-title cluster - every use case mentioning 'VP Loyalty' anywhere in Buyer/Champion/Influencer is included, even if this title appears only once overall. Only use cases whose Target Geographies name this region are listed here (1 of 2 excluded as not applicable to this region). Needs account list built + Apollo enrichment before send."
,09-Nov-2026,Mon,ABM Team,ROW,"India, Middle East, SEA",Aftermarket (Loyalife),P1,ICP Persona Sequence,Loyalife,1 emails,"1. Automotive - Dealer & spare-parts channel loyalty - Buyer: Head of Sales / Aftermarket | Champion: Regional dealer manager | Influencer/User: Dealers, spare-parts distributors, service centres, parts retailers",P1_ABM_ICPSEQ-AFTERMARKET-LOYALIFE_ROW_EMAIL-LI_abmteam_09NOV26,Aftermarket (Loyalife) buyer segment (1 use cases spanning Loyalife),Planned,,,"Job-title cluster - every use case mentioning 'Aftermarket' anywhere in Buyer/Champion/Influencer is included, even if this title appears only once overall. Only use cases whose Target Geographies name this region are listed here (0 of 1 excluded as not applicable to this region). Needs account list built + Apollo enrichment before send."
,10-Nov-2026,Tue,ABM Team,ROW,"India, SEA, Africa",Agent network manager (Loyalife),P1,ICP Persona Sequence,Loyalife,1 emails,"1. Fintech - Agent / BC Networks - Business-correspondent & agent loyalty - Buyer: Head of Distribution | Champion: Agent network manager | Influencer/User: Business correspondents, DSAs, last-mile distribution agents, insruance agents",P1_ABM_ICPSEQ-AGENT-NETWORK-MANAGE_ROW_EMAIL-LI_abmteam_10NOV26,Agent network manager (Loyalife) buyer segment (1 use cases spanning Loyalife),Planned,,,"Job-title cluster - every use case mentioning 'Agent network manager' anywhere in Buyer/Champion/Influencer is included, even if this title appears only once overall. Only use cases whose Target Geographies name this region are listed here (0 of 1 excluded as not applicable to this region). Needs account list built + Apollo enrichment before send."
,11-Nov-2026,Wed,ABM Team,ROW,"India, Middle East, SEA",Business Banking (Loyalife),P1,ICP Persona Sequence,Loyalife,1 emails,"1. Savings & current account - Banking account customer loyalty - Buyer: Head of SME / Business Banking | Champion: Product manager | Influencer/User: Saving, Current-account & CASA customers",P1_ABM_ICPSEQ-BUSINESS-BANKING-LOY_ROW_EMAIL-LI_abmteam_11NOV26,Business Banking (Loyalife) buyer segment (1 use cases spanning Loyalife),Planned,,,"Job-title cluster - every use case mentioning 'Business Banking' anywhere in Buyer/Champion/Influencer is included, even if this title appears only once overall. Only use cases whose Target Geographies name this region are listed here (0 of 1 excluded as not applicable to this region). Needs account list built + Apollo enrichment before send."
,12-Nov-2026,Thu,ABM Team,US,USA,CVM lead (Loyalife),P1,ICP Persona Sequence,Loyalife,1 emails,1. Telecom - Consumer - Prepaid/postpaid rewards & CVM - Buyer: Head of Consumer / CVM lead | Champion: Loyalty / retention manager | Influencer/User: Prepaid & postpaid subscribers,P1_ABM_ICPSEQ-CVM-LEAD-LOYALIFE_US_EMAIL-LI_abmteam_12NOV26,CVM lead (Loyalife) buyer segment (1 use cases spanning Loyalife),Planned,,,"Job-title cluster - every use case mentioning 'CVM lead' anywhere in Buyer/Champion/Influencer is included, even if this title appears only once overall. Only use cases whose Target Geographies name this region are listed here (0 of 1 excluded as not applicable to this region). Needs account list built + Apollo enrichment before send."
,12-Nov-2026,Thu,ABM Team,ROW,"India, Middle East, SEA, Africa",CVM lead (Loyalife),P1,ICP Persona Sequence,Loyalife,1 emails,1. Telecom - Consumer - Prepaid/postpaid rewards & CVM - Buyer: Head of Consumer / CVM lead | Champion: Loyalty / retention manager | Influencer/User: Prepaid & postpaid subscribers,P1_ABM_ICPSEQ-CVM-LEAD-LOYALIFE_ROW_EMAIL-LI_abmteam_12NOV26,CVM lead (Loyalife) buyer segment (1 use cases spanning Loyalife),Planned,,,"Job-title cluster - every use case mentioning 'CVM lead' anywhere in Buyer/Champion/Influencer is included, even if this title appears only once overall. Only use cases whose Target Geographies name this region are listed here (0 of 1 excluded as not applicable to this region). Needs account list built + Apollo enrichment before send."
,12-Nov-2026,Thu,ABM Team,Global,Europe,CVM lead (Loyalife),P1,ICP Persona Sequence,Loyalife,1 emails,1. Telecom - Consumer - Prepaid/postpaid rewards & CVM - Buyer: Head of Consumer / CVM lead | Champion: Loyalty / retention manager | Influencer/User: Prepaid & postpaid subscribers,P1_ABM_ICPSEQ-CVM-LEAD-LOYALIFE_GLOBAL_EMAIL-LI_abmteam_12NOV26,CVM lead (Loyalife) buyer segment (1 use cases spanning Loyalife),Planned,,,"Job-title cluster - every use case mentioning 'CVM lead' anywhere in Buyer/Champion/Influencer is included, even if this title appears only once overall. Only use cases whose Target Geographies name this region are listed here (0 of 1 excluded as not applicable to this region). Needs account list built + Apollo enrichment before send."
,13-Nov-2026,Fri,ABM Team,ROW,"India, Middle East, SEA",Cards rewards manager (Loyalife),P1,ICP Persona Sequence,Loyalife,1 emails,1. Banking - Retail Cards - Cardholder rewards & redemption - Buyer: Head of Cards / Chief Digital Officer | Champion: Cards rewards manager | Influencer/User: Credit / debit cardholders (mass & affluent),P1_ABM_ICPSEQ-CARDS-REWARDS-MANAGE_ROW_EMAIL-LI_abmteam_13NOV26,Cards rewards manager (Loyalife) buyer segment (1 use cases spanning Loyalife),Planned,,,"Job-title cluster - every use case mentioning 'Cards rewards manager' anywhere in Buyer/Champion/Influencer is included, even if this title appears only once overall. Only use cases whose Target Geographies name this region are listed here (0 of 1 excluded as not applicable to this region). Needs account list built + Apollo enrichment before send."
,16-Nov-2026,Mon,ABM Team,US,USA,Chief Commercial Officer (Loyalife),P1,ICP Persona Sequence,Loyalife,1 emails,"1. Travel - Airlines - Frequent-flyer miles & redemption - Buyer: VP Loyalty / Chief Commercial Officer | Champion: FFP program manager | Influencer/User: Flyers, FFP members",P1_ABM_ICPSEQ-CHIEF-COMMERCIAL-OFF_US_EMAIL-LI_abmteam_16NOV26,Chief Commercial Officer (Loyalife) buyer segment (1 use cases spanning Loyalife),Planned,,,"Job-title cluster - every use case mentioning 'Chief Commercial Officer' anywhere in Buyer/Champion/Influencer is included, even if this title appears only once overall. Only use cases whose Target Geographies name this region are listed here (0 of 1 excluded as not applicable to this region). Needs account list built + Apollo enrichment before send."
,16-Nov-2026,Mon,ABM Team,ROW,"India, Middle East, SEA",Chief Commercial Officer (Loyalife),P1,ICP Persona Sequence,Loyalife,1 emails,"1. Travel - Airlines - Frequent-flyer miles & redemption - Buyer: VP Loyalty / Chief Commercial Officer | Champion: FFP program manager | Influencer/User: Flyers, FFP members",P1_ABM_ICPSEQ-CHIEF-COMMERCIAL-OFF_ROW_EMAIL-LI_abmteam_16NOV26,Chief Commercial Officer (Loyalife) buyer segment (1 use cases spanning Loyalife),Planned,,,"Job-title cluster - every use case mentioning 'Chief Commercial Officer' anywhere in Buyer/Champion/Influencer is included, even if this title appears only once overall. Only use cases whose Target Geographies name this region are listed here (0 of 1 excluded as not applicable to this region). Needs account list built + Apollo enrichment before send."
,17-Nov-2026,Tue,ABM Team,ROW,"India, Middle East, SEA",Chief Digital Officer (Loyalife),P1,ICP Persona Sequence,Loyalife,1 emails,1. Banking - Retail Cards - Cardholder rewards & redemption - Buyer: Head of Cards / Chief Digital Officer | Champion: Cards rewards manager | Influencer/User: Credit / debit cardholders (mass & affluent),P1_ABM_ICPSEQ-CHIEF-DIGITAL-OFFICE_ROW_EMAIL-LI_abmteam_17NOV26,Chief Digital Officer (Loyalife) buyer segment (1 use cases spanning Loyalife),Planned,,,"Job-title cluster - every use case mentioning 'Chief Digital Officer' anywhere in Buyer/Champion/Influencer is included, even if this title appears only once overall. Only use cases whose Target Geographies name this region are listed here (0 of 1 excluded as not applicable to this region). Needs account list built + Apollo enrichment before send."
,18-Nov-2026,Wed,ABM Team,ROW,"India, Middle East, SEA",DSA channel manager (Loyalife),P1,ICP Persona Sequence,Loyalife,1 emails,"1. Banking - DSA / Loan Agents - Sourcing-agent loyalty - Buyer: Head of Retail Assets / Sales | Champion: DSA channel manager | Influencer/User: DSAs, loan connectors, feet-on-street sourcing agents",P1_ABM_ICPSEQ-DSA-CHANNEL-MANAGER_ROW_EMAIL-LI_abmteam_18NOV26,DSA channel manager (Loyalife) buyer segment (1 use cases spanning Loyalife),Planned,,,"Job-title cluster - every use case mentioning 'DSA channel manager' anywhere in Buyer/Champion/Influencer is included, even if this title appears only once overall. Only use cases whose Target Geographies name this region are listed here (0 of 1 excluded as not applicable to this region). Needs account list built + Apollo enrichment before send."
,19-Nov-2026,Thu,ABM Team,Global,Europe,Digital (Loyalife),P1,ICP Persona Sequence,Loyalife USA/Europe,1 emails,"1. Card-linked / bank loyalty-as-a-service - Buyer: Head of Cards / Digital | Champion: Rewards manager | Influencer/User: Bank customers, neobank users",P1_ABM_ICPSEQ-DIGITAL-LOYALIFE_GLOBAL_EMAIL-LI_abmteam_19NOV26,Digital (Loyalife) buyer segment (1 use cases spanning Loyalife USA/Europe),Planned,,,"Job-title cluster - every use case mentioning 'Digital' anywhere in Buyer/Champion/Influencer is included, even if this title appears only once overall. Only use cases whose Target Geographies name this region are listed here (0 of 1 excluded as not applicable to this region). Needs account list built + Apollo enrichment before send."
,20-Nov-2026,Fri,ABM Team,US,USA,Digital Banking (Loyalife),P1,ICP Persona Sequence,Loyalife USA/Europe,1 emails,1. Card-linked offers (CLO) - bank-embedded - Buyer: Head of Cards / Digital Banking | Champion: Offers & partnerships manager | Influencer/User: Bank cardholders; merchants funding the offers,P1_ABM_ICPSEQ-DIGITAL-BANKING-LOYA_US_EMAIL-LI_abmteam_20NOV26,Digital Banking (Loyalife) buyer segment (1 use cases spanning Loyalife USA/Europe),Planned,,,"Job-title cluster - every use case mentioning 'Digital Banking' anywhere in Buyer/Champion/Influencer is included, even if this title appears only once overall. Only use cases whose Target Geographies name this region are listed here (0 of 1 excluded as not applicable to this region). Needs account list built + Apollo enrichment before send."
,20-Nov-2026,Fri,ABM Team,Global,Europe,Digital Banking (Loyalife),P1,ICP Persona Sequence,Loyalife USA/Europe,1 emails,1. Card-linked offers (CLO) - bank-embedded - Buyer: Head of Cards / Digital Banking | Champion: Offers & partnerships manager | Influencer/User: Bank cardholders; merchants funding the offers,P1_ABM_ICPSEQ-DIGITAL-BANKING-LOYA_GLOBAL_EMAIL-LI_abmteam_20NOV26,Digital Banking (Loyalife) buyer segment (1 use cases spanning Loyalife USA/Europe),Planned,,,"Job-title cluster - every use case mentioning 'Digital Banking' anywhere in Buyer/Champion/Influencer is included, even if this title appears only once overall. Only use cases whose Target Geographies name this region are listed here (0 of 1 excluded as not applicable to this region). Needs account list built + Apollo enrichment before send."
,23-Nov-2026,Mon,ABM Team,US,USA,Engagement manager (Loyalife),P1,ICP Persona Sequence,Loyalife,1 emails,"1. Healthcare - Providers & Diagnostics - Patient engagement & adherence - Buyer: Head of Patient Experience / CMO | Champion: Engagement manager | Influencer/User: Patients, health-plan members",P1_ABM_ICPSEQ-ENGAGEMENT-MANAGER-L_US_EMAIL-LI_abmteam_23NOV26,Engagement manager (Loyalife) buyer segment (1 use cases spanning Loyalife),Planned,,,"Job-title cluster - every use case mentioning 'Engagement manager' anywhere in Buyer/Champion/Influencer is included, even if this title appears only once overall. Only use cases whose Target Geographies name this region are listed here (0 of 1 excluded as not applicable to this region). Needs account list built + Apollo enrichment before send."
,23-Nov-2026,Mon,ABM Team,ROW,"India, Middle East",Engagement manager (Loyalife),P1,ICP Persona Sequence,Loyalife,1 emails,"1. Healthcare - Providers & Diagnostics - Patient engagement & adherence - Buyer: Head of Patient Experience / CMO | Champion: Engagement manager | Influencer/User: Patients, health-plan members",P1_ABM_ICPSEQ-ENGAGEMENT-MANAGER-L_ROW_EMAIL-LI_abmteam_23NOV26,Engagement manager (Loyalife) buyer segment (1 use cases spanning Loyalife),Planned,,,"Job-title cluster - every use case mentioning 'Engagement manager' anywhere in Buyer/Champion/Influencer is included, even if this title appears only once overall. Only use cases whose Target Geographies name this region are listed here (0 of 1 excluded as not applicable to this region). Needs account list built + Apollo enrichment before send."
,24-Nov-2026,Tue,ABM Team,Global,"Europe, LatAm",GM Loyalty (Loyalife),P1,ICP Persona Sequence,Loyalife USA/Europe,1 emails,1. Coalition / ecosystem loyalty - Buyer: GM Loyalty / coalition operator | Champion: Loyalty operations lead | Influencer/User: Members across many partner brands,P1_ABM_ICPSEQ-GM-LOYALTY-LOYALIFE_GLOBAL_EMAIL-LI_abmteam_24NOV26,GM Loyalty (Loyalife) buyer segment (1 use cases spanning Loyalife USA/Europe),Planned,,,"Job-title cluster - every use case mentioning 'GM Loyalty' anywhere in Buyer/Champion/Influencer is included, even if this title appears only once overall. Only use cases whose Target Geographies name this region are listed here (0 of 1 excluded as not applicable to this region). Needs account list built + Apollo enrichment before send."
,25-Nov-2026,Wed,ABM Team,ROW,"India, Middle East, SEA, Africa",Head of Aftermarket (Loyalife),P1,ICP Persona Sequence,Loyalife,1 emails,"1. Automotive Aftermarket & Lubricants - Mechanic loyalty - Buyer: Head of Aftermarket / Trade Marketing | Champion: Regional aftermarket manager | Influencer/User: Mechanics, garage owners, drivers, fleet operators",P1_ABM_ICPSEQ-HEAD-OF-AFTERMARKET_ROW_EMAIL-LI_abmteam_25NOV26,Head of Aftermarket (Loyalife) buyer segment (1 use cases spanning Loyalife),Planned,,,"Job-title cluster - every use case mentioning 'Head of Aftermarket' anywhere in Buyer/Champion/Influencer is included, even if this title appears only once overall. Only use cases whose Target Geographies name this region are listed here (0 of 1 excluded as not applicable to this region). Needs account list built + Apollo enrichment before send."
,26-Nov-2026,Thu,ABM Team,US,USA,Head of Channel (Loyalife),P1,ICP Persona Sequence,Loyalife,1 emails,"1. Technology / IT / SaaS - Partner & reseller loyalty - Buyer: Head of Channel / Partner Marketing | Champion: Partner program manager | Influencer/User: VARs, system integrators, resellers, MSPs, distributors",P1_ABM_ICPSEQ-HEAD-OF-CHANNEL-LOYA_US_EMAIL-LI_abmteam_26NOV26,Head of Channel (Loyalife) buyer segment (1 use cases spanning Loyalife),Planned,,,"Job-title cluster - every use case mentioning 'Head of Channel' anywhere in Buyer/Champion/Influencer is included, even if this title appears only once overall. Only use cases whose Target Geographies name this region are listed here (0 of 1 excluded as not applicable to this region). Needs account list built + Apollo enrichment before send."
,26-Nov-2026,Thu,ABM Team,ROW,"India, Middle East",Head of Channel (Loyalife),P1,ICP Persona Sequence,Loyalife,1 emails,"1. Technology / IT / SaaS - Partner & reseller loyalty - Buyer: Head of Channel / Partner Marketing | Champion: Partner program manager | Influencer/User: VARs, system integrators, resellers, MSPs, distributors",P1_ABM_ICPSEQ-HEAD-OF-CHANNEL-LOYA_ROW_EMAIL-LI_abmteam_26NOV26,Head of Channel (Loyalife) buyer segment (1 use cases spanning Loyalife),Planned,,,"Job-title cluster - every use case mentioning 'Head of Channel' anywhere in Buyer/Champion/Influencer is included, even if this title appears only once overall. Only use cases whose Target Geographies name this region are listed here (0 of 1 excluded as not applicable to this region). Needs account list built + Apollo enrichment before send."
,26-Nov-2026,Thu,ABM Team,Global,Europe,Head of Channel (Loyalife),P1,ICP Persona Sequence,Loyalife,1 emails,"1. Technology / IT / SaaS - Partner & reseller loyalty - Buyer: Head of Channel / Partner Marketing | Champion: Partner program manager | Influencer/User: VARs, system integrators, resellers, MSPs, distributors",P1_ABM_ICPSEQ-HEAD-OF-CHANNEL-LOYA_GLOBAL_EMAIL-LI_abmteam_26NOV26,Head of Channel (Loyalife) buyer segment (1 use cases spanning Loyalife),Planned,,,"Job-title cluster - every use case mentioning 'Head of Channel' anywhere in Buyer/Champion/Influencer is included, even if this title appears only once overall. Only use cases whose Target Geographies name this region are listed here (0 of 1 excluded as not applicable to this region). Needs account list built + Apollo enrichment before send."
,27-Nov-2026,Fri,ABM Team,US,USA,Head of Consumer (Loyalife),P1,ICP Persona Sequence,Loyalife,1 emails,1. Telecom - Consumer - Prepaid/postpaid rewards & CVM - Buyer: Head of Consumer / CVM lead | Champion: Loyalty / retention manager | Influencer/User: Prepaid & postpaid subscribers,P1_ABM_ICPSEQ-HEAD-OF-CONSUMER-LOY_US_EMAIL-LI_abmteam_27NOV26,Head of Consumer (Loyalife) buyer segment (1 use cases spanning Loyalife),Planned,,,"Job-title cluster - every use case mentioning 'Head of Consumer' anywhere in Buyer/Champion/Influencer is included, even if this title appears only once overall. Only use cases whose Target Geographies name this region are listed here (0 of 1 excluded as not applicable to this region). Needs account list built + Apollo enrichment before send."
,27-Nov-2026,Fri,ABM Team,ROW,"India, Middle East, SEA, Africa",Head of Consumer (Loyalife),P1,ICP Persona Sequence,Loyalife,1 emails,1. Telecom - Consumer - Prepaid/postpaid rewards & CVM - Buyer: Head of Consumer / CVM lead | Champion: Loyalty / retention manager | Influencer/User: Prepaid & postpaid subscribers,P1_ABM_ICPSEQ-HEAD-OF-CONSUMER-LOY_ROW_EMAIL-LI_abmteam_27NOV26,Head of Consumer (Loyalife) buyer segment (1 use cases spanning Loyalife),Planned,,,"Job-title cluster - every use case mentioning 'Head of Consumer' anywhere in Buyer/Champion/Influencer is included, even if this title appears only once overall. Only use cases whose Target Geographies name this region are listed here (0 of 1 excluded as not applicable to this region). Needs account list built + Apollo enrichment before send."
,27-Nov-2026,Fri,ABM Team,Global,Europe,Head of Consumer (Loyalife),P1,ICP Persona Sequence,Loyalife,1 emails,1. Telecom - Consumer - Prepaid/postpaid rewards & CVM - Buyer: Head of Consumer / CVM lead | Champion: Loyalty / retention manager | Influencer/User: Prepaid & postpaid subscribers,P1_ABM_ICPSEQ-HEAD-OF-CONSUMER-LOY_GLOBAL_EMAIL-LI_abmteam_27NOV26,Head of Consumer (Loyalife) buyer segment (1 use cases spanning Loyalife),Planned,,,"Job-title cluster - every use case mentioning 'Head of Consumer' anywhere in Buyer/Champion/Influencer is included, even if this title appears only once overall. Only use cases whose Target Geographies name this region are listed here (0 of 1 excluded as not applicable to this region). Needs account list built + Apollo enrichment before send."
,30-Nov-2026,Mon,ABM Team,US,USA,Head of Customer (Loyalife),P1,ICP Persona Sequence,Loyalife,1 emails,1. Utilities & Energy - Engagement & efficiency rewards - Buyer: Head of Customer / CMO | Champion: Retention manager | Influencer/User: Household & utility customers,P1_ABM_ICPSEQ-HEAD-OF-CUSTOMER-LOY_US_EMAIL-LI_abmteam_30NOV26,Head of Customer (Loyalife) buyer segment (1 use cases spanning Loyalife),Planned,,,"Job-title cluster - every use case mentioning 'Head of Customer' anywhere in Buyer/Champion/Influencer is included, even if this title appears only once overall. Only use cases whose Target Geographies name this region are listed here (0 of 1 excluded as not applicable to this region). Needs account list built + Apollo enrichment before send."
,30-Nov-2026,Mon,ABM Team,ROW,Middle East,Head of Customer (Loyalife),P1,ICP Persona Sequence,Loyalife,1 emails,1. Utilities & Energy - Engagement & efficiency rewards - Buyer: Head of Customer / CMO | Champion: Retention manager | Influencer/User: Household & utility customers,P1_ABM_ICPSEQ-HEAD-OF-CUSTOMER-LOY_ROW_EMAIL-LI_abmteam_30NOV26,Head of Customer (Loyalife) buyer segment (1 use cases spanning Loyalife),Planned,,,"Job-title cluster - every use case mentioning 'Head of Customer' anywhere in Buyer/Champion/Influencer is included, even if this title appears only once overall. Only use cases whose Target Geographies name this region are listed here (0 of 1 excluded as not applicable to this region). Needs account list built + Apollo enrichment before send."
,30-Nov-2026,Mon,ABM Team,Global,"Europe, Australia",Head of Customer (Loyalife),P1,ICP Persona Sequence,Loyalife,1 emails,1. Utilities & Energy - Engagement & efficiency rewards - Buyer: Head of Customer / CMO | Champion: Retention manager | Influencer/User: Household & utility customers,P1_ABM_ICPSEQ-HEAD-OF-CUSTOMER-LOY_GLOBAL_EMAIL-LI_abmteam_30NOV26,Head of Customer (Loyalife) buyer segment (1 use cases spanning Loyalife),Planned,,,"Job-title cluster - every use case mentioning 'Head of Customer' anywhere in Buyer/Champion/Influencer is included, even if this title appears only once overall. Only use cases whose Target Geographies name this region are listed here (0 of 1 excluded as not applicable to this region). Needs account list built + Apollo enrichment before send."
,01-Dec-2026,Tue,ABM Team,ROW,"India, Middle East, SEA",Head of Customer Engagement (Loyalife),P1,ICP Persona Sequence,Loyalife,1 emails,1. Insurance - Policyholder Retention - Persistency & wellness engagement - Buyer: Head of Customer Engagement / CMO | Champion: Retention manager | Influencer/User: Policyholders (health & life),P1_ABM_ICPSEQ-HEAD-OF-CUSTOMER-ENG_ROW_EMAIL-LI_abmteam_01DEC26,Head of Customer Engagement (Loyalife) buyer segment (1 use cases spanning Loyalife),Planned,,,"Job-title cluster - every use case mentioning 'Head of Customer Engagement' anywhere in Buyer/Champion/Influencer is included, even if this title appears only once overall. Only use cases whose Target Geographies name this region are listed here (0 of 1 excluded as not applicable to this region). Needs account list built + Apollo enrichment before send."
,02-Dec-2026,Wed,ABM Team,US,USA,Head of Membership (Loyalife),P1,ICP Persona Sequence,Loyalife USA/Europe,1 emails,"1. Subscription / paid membership loyalty - Buyer: Head of Membership / CMO | Champion: Subscription product manager | Influencer/User: Paid members (retail, QSR, services)",P1_ABM_ICPSEQ-HEAD-OF-MEMBERSHIP-L_US_EMAIL-LI_abmteam_02DEC26,Head of Membership (Loyalife) buyer segment (1 use cases spanning Loyalife USA/Europe),Planned,,,"Job-title cluster - every use case mentioning 'Head of Membership' anywhere in Buyer/Champion/Influencer is included, even if this title appears only once overall. Only use cases whose Target Geographies name this region are listed here (0 of 1 excluded as not applicable to this region). Needs account list built + Apollo enrichment before send."
,02-Dec-2026,Wed,ABM Team,Global,Europe,Head of Membership (Loyalife),P1,ICP Persona Sequence,Loyalife USA/Europe,1 emails,"1. Subscription / paid membership loyalty - Buyer: Head of Membership / CMO | Champion: Subscription product manager | Influencer/User: Paid members (retail, QSR, services)",P1_ABM_ICPSEQ-HEAD-OF-MEMBERSHIP-L_GLOBAL_EMAIL-LI_abmteam_02DEC26,Head of Membership (Loyalife) buyer segment (1 use cases spanning Loyalife USA/Europe),Planned,,,"Job-title cluster - every use case mentioning 'Head of Membership' anywhere in Buyer/Champion/Influencer is included, even if this title appears only once overall. Only use cases whose Target Geographies name this region are listed here (0 of 1 excluded as not applicable to this region). Needs account list built + Apollo enrichment before send."
,03-Dec-2026,Thu,ABM Team,ROW,"India, Middle East, SEA",Head of Merchant Business (Loyalife),P1,ICP Persona Sequence,Loyalife,1 emails,1. Fintech - Merchant Loyalty - Merchant acceptance & GMV rewards - Buyer: Head of Merchant Business | Champion: Merchant marketing manager | Influencer/User: Merchants on POS / QR / payment acceptance,P1_ABM_ICPSEQ-HEAD-OF-MERCHANT-BUS_ROW_EMAIL-LI_abmteam_03DEC26,Head of Merchant Business (Loyalife) buyer segment (1 use cases spanning Loyalife),Planned,,,"Job-title cluster - every use case mentioning 'Head of Merchant Business' anywhere in Buyer/Champion/Influencer is included, even if this title appears only once overall. Only use cases whose Target Geographies name this region are listed here (0 of 1 excluded as not applicable to this region). Needs account list built + Apollo enrichment before send."
,04-Dec-2026,Fri,ABM Team,US,USA,Head of Patient Experience (Loyalife),P1,ICP Persona Sequence,Loyalife,1 emails,"1. Healthcare - Providers & Diagnostics - Patient engagement & adherence - Buyer: Head of Patient Experience / CMO | Champion: Engagement manager | Influencer/User: Patients, health-plan members",P1_ABM_ICPSEQ-HEAD-OF-PATIENT-EXPE_US_EMAIL-LI_abmteam_04DEC26,Head of Patient Experience (Loyalife) buyer segment (1 use cases spanning Loyalife),Planned,,,"Job-title cluster - every use case mentioning 'Head of Patient Experience' anywhere in Buyer/Champion/Influencer is included, even if this title appears only once overall. Only use cases whose Target Geographies name this region are listed here (0 of 1 excluded as not applicable to this region). Needs account list built + Apollo enrichment before send."
,04-Dec-2026,Fri,ABM Team,ROW,"India, Middle East",Head of Patient Experience (Loyalife),P1,ICP Persona Sequence,Loyalife,1 emails,"1. Healthcare - Providers & Diagnostics - Patient engagement & adherence - Buyer: Head of Patient Experience / CMO | Champion: Engagement manager | Influencer/User: Patients, health-plan members",P1_ABM_ICPSEQ-HEAD-OF-PATIENT-EXPE_ROW_EMAIL-LI_abmteam_04DEC26,Head of Patient Experience (Loyalife) buyer segment (1 use cases spanning Loyalife),Planned,,,"Job-title cluster - every use case mentioning 'Head of Patient Experience' anywhere in Buyer/Champion/Influencer is included, even if this title appears only once overall. Only use cases whose Target Geographies name this region are listed here (0 of 1 excluded as not applicable to this region). Needs account list built + Apollo enrichment before send."
,07-Dec-2026,Mon,ABM Team,US,USA,Head of Retail (Loyalife),P1,ICP Persona Sequence,Loyalife,1 emails,"1. Fuel & Convenience Retail - Fuel points & c-store rewards - Buyer: Head of Retail / Loyalty | Champion: Loyalty manager | Influencer/User: Motorists, fleet operators, c-store shoppers",P1_ABM_ICPSEQ-HEAD-OF-RETAIL-LOYAL_US_EMAIL-LI_abmteam_07DEC26,Head of Retail (Loyalife) buyer segment (1 use cases spanning Loyalife),Planned,,,"Job-title cluster - every use case mentioning 'Head of Retail' anywhere in Buyer/Champion/Influencer is included, even if this title appears only once overall. Only use cases whose Target Geographies name this region are listed here (0 of 1 excluded as not applicable to this region). Needs account list built + Apollo enrichment before send."
,07-Dec-2026,Mon,ABM Team,ROW,"India, Middle East",Head of Retail (Loyalife),P1,ICP Persona Sequence,Loyalife,1 emails,"1. Fuel & Convenience Retail - Fuel points & c-store rewards - Buyer: Head of Retail / Loyalty | Champion: Loyalty manager | Influencer/User: Motorists, fleet operators, c-store shoppers",P1_ABM_ICPSEQ-HEAD-OF-RETAIL-LOYAL_ROW_EMAIL-LI_abmteam_07DEC26,Head of Retail (Loyalife) buyer segment (1 use cases spanning Loyalife),Planned,,,"Job-title cluster - every use case mentioning 'Head of Retail' anywhere in Buyer/Champion/Influencer is included, even if this title appears only once overall. Only use cases whose Target Geographies name this region are listed here (0 of 1 excluded as not applicable to this region). Needs account list built + Apollo enrichment before send."
,07-Dec-2026,Mon,ABM Team,Global,Europe,Head of Retail (Loyalife),P1,ICP Persona Sequence,Loyalife,1 emails,"1. Fuel & Convenience Retail - Fuel points & c-store rewards - Buyer: Head of Retail / Loyalty | Champion: Loyalty manager | Influencer/User: Motorists, fleet operators, c-store shoppers",P1_ABM_ICPSEQ-HEAD-OF-RETAIL-LOYAL_GLOBAL_EMAIL-LI_abmteam_07DEC26,Head of Retail (Loyalife) buyer segment (1 use cases spanning Loyalife),Planned,,,"Job-title cluster - every use case mentioning 'Head of Retail' anywhere in Buyer/Champion/Influencer is included, even if this title appears only once overall. Only use cases whose Target Geographies name this region are listed here (0 of 1 excluded as not applicable to this region). Needs account list built + Apollo enrichment before send."
,08-Dec-2026,Tue,ABM Team,ROW,"India, Middle East, SEA",Head of Retail Assets (Loyalife),P1,ICP Persona Sequence,Loyalife,1 emails,"1. Banking - DSA / Loan Agents - Sourcing-agent loyalty - Buyer: Head of Retail Assets / Sales | Champion: DSA channel manager | Influencer/User: DSAs, loan connectors, feet-on-street sourcing agents",P1_ABM_ICPSEQ-HEAD-OF-RETAIL-ASSET_ROW_EMAIL-LI_abmteam_08DEC26,Head of Retail Assets (Loyalife) buyer segment (1 use cases spanning Loyalife),Planned,,,"Job-title cluster - every use case mentioning 'Head of Retail Assets' anywhere in Buyer/Champion/Influencer is included, even if this title appears only once overall. Only use cases whose Target Geographies name this region are listed here (0 of 1 excluded as not applicable to this region). Needs account list built + Apollo enrichment before send."
,09-Dec-2026,Wed,ABM Team,US,USA,Head of Retail Media (Loyalife),P1,ICP Persona Sequence,Loyalife USA/Europe,1 emails,1. Retail media + loyalty-data monetisation - Buyer: Head of Retail Media / Loyalty | Champion: Loyalty-data / RMN lead | Influencer/User: Retailer's shoppers; CPG advertisers,P1_ABM_ICPSEQ-HEAD-OF-RETAIL-MEDIA_US_EMAIL-LI_abmteam_09DEC26,Head of Retail Media (Loyalife) buyer segment (1 use cases spanning Loyalife USA/Europe),Planned,,,"Job-title cluster - every use case mentioning 'Head of Retail Media' anywhere in Buyer/Champion/Influencer is included, even if this title appears only once overall. Only use cases whose Target Geographies name this region are listed here (0 of 1 excluded as not applicable to this region). Needs account list built + Apollo enrichment before send."
,09-Dec-2026,Wed,ABM Team,Global,Europe,Head of Retail Media (Loyalife),P1,ICP Persona Sequence,Loyalife USA/Europe,1 emails,1. Retail media + loyalty-data monetisation - Buyer: Head of Retail Media / Loyalty | Champion: Loyalty-data / RMN lead | Influencer/User: Retailer's shoppers; CPG advertisers,P1_ABM_ICPSEQ-HEAD-OF-RETAIL-MEDIA_GLOBAL_EMAIL-LI_abmteam_09DEC26,Head of Retail Media (Loyalife) buyer segment (1 use cases spanning Loyalife USA/Europe),Planned,,,"Job-title cluster - every use case mentioning 'Head of Retail Media' anywhere in Buyer/Champion/Influencer is included, even if this title appears only once overall. Only use cases whose Target Geographies name this region are listed here (0 of 1 excluded as not applicable to this region). Needs account list built + Apollo enrichment before send."
,10-Dec-2026,Thu,ABM Team,ROW,"India, Middle East, SEA",Head of SME (Loyalife),P1,ICP Persona Sequence,Loyalife,1 emails,"1. Savings & current account - Banking account customer loyalty - Buyer: Head of SME / Business Banking | Champion: Product manager | Influencer/User: Saving, Current-account & CASA customers",P1_ABM_ICPSEQ-HEAD-OF-SME-LOYALIFE_ROW_EMAIL-LI_abmteam_10DEC26,Head of SME (Loyalife) buyer segment (1 use cases spanning Loyalife),Planned,,,"Job-title cluster - every use case mentioning 'Head of SME' anywhere in Buyer/Champion/Influencer is included, even if this title appears only once overall. Only use cases whose Target Geographies name this region are listed here (0 of 1 excluded as not applicable to this region). Needs account list built + Apollo enrichment before send."
,11-Dec-2026,Fri,ABM Team,ROW,"India, Middle East, SEA",Head of Specification (Loyalife),P1,ICP Persona Sequence,Loyalife,1 emails,"1. Architecture & Specification - Architect & designer loyalty - Buyer: Head of Specification / Marketing | Champion: Specification (A&D) manager | Influencer/User: Architects, interior designers, structural engineers, MEP consultants",P1_ABM_ICPSEQ-HEAD-OF-SPECIFICATIO_ROW_EMAIL-LI_abmteam_11DEC26,Head of Specification (Loyalife) buyer segment (1 use cases spanning Loyalife),Planned,,,"Job-title cluster - every use case mentioning 'Head of Specification' anywhere in Buyer/Champion/Influencer is included, even if this title appears only once overall. Only use cases whose Target Geographies name this region are listed here (0 of 1 excluded as not applicable to this region). Needs account list built + Apollo enrichment before send."
,14-Dec-2026,Mon,ABM Team,ROW,"India, Middle East, SEA",Head of Wealth (Loyalife),P1,ICP Persona Sequence,Loyalife,1 emails,"1. Banking - Priority / Wealth - Affluent & priority engagement - Buyer: Head of Wealth / Priority Banking | Champion: Segment manager | Influencer/User: HNI / priority-banking customers, wealth clients",P1_ABM_ICPSEQ-HEAD-OF-WEALTH-LOYAL_ROW_EMAIL-LI_abmteam_14DEC26,Head of Wealth (Loyalife) buyer segment (1 use cases spanning Loyalife),Planned,,,"Job-title cluster - every use case mentioning 'Head of Wealth' anywhere in Buyer/Champion/Influencer is included, even if this title appears only once overall. Only use cases whose Target Geographies name this region are listed here (0 of 1 excluded as not applicable to this region). Needs account list built + Apollo enrichment before send."
,15-Dec-2026,Tue,ABM Team,US,USA,Lifecycle (Loyalife),P1,ICP Persona Sequence,Loyalife,1 emails,"1. Fintech - Consumer App - User rewards, cashback & streaks - Buyer: Head of Growth / CPO | Champion: Lifecycle / CRM manager | Influencer/User: App users (payments, lending, investing, wallets)",P1_ABM_ICPSEQ-LIFECYCLE-LOYALIFE_US_EMAIL-LI_abmteam_15DEC26,Lifecycle (Loyalife) buyer segment (1 use cases spanning Loyalife),Planned,,,"Job-title cluster - every use case mentioning 'Lifecycle' anywhere in Buyer/Champion/Influencer is included, even if this title appears only once overall. Only use cases whose Target Geographies name this region are listed here (0 of 1 excluded as not applicable to this region). Needs account list built + Apollo enrichment before send."
,15-Dec-2026,Tue,ABM Team,ROW,"India, Middle East, SEA",Lifecycle (Loyalife),P1,ICP Persona Sequence,Loyalife,1 emails,"1. Fintech - Consumer App - User rewards, cashback & streaks - Buyer: Head of Growth / CPO | Champion: Lifecycle / CRM manager | Influencer/User: App users (payments, lending, investing, wallets)",P1_ABM_ICPSEQ-LIFECYCLE-LOYALIFE_ROW_EMAIL-LI_abmteam_15DEC26,Lifecycle (Loyalife) buyer segment (1 use cases spanning Loyalife),Planned,,,"Job-title cluster - every use case mentioning 'Lifecycle' anywhere in Buyer/Champion/Influencer is included, even if this title appears only once overall. Only use cases whose Target Geographies name this region are listed here (0 of 1 excluded as not applicable to this region). Needs account list built + Apollo enrichment before send."
,16-Dec-2026,Wed,ABM Team,US,USA,Live-ops manager (Loyalife),P1,ICP Persona Sequence,Loyalife,1 emails,"1. Gaming & Digital Entertainment - Player loyalty & battle-pass - Buyer: Head of Growth / Monetization | Champion: Live-ops manager | Influencer/User: Players, gamers",P1_ABM_ICPSEQ-LIVE-OPS-MANAGER-LOY_US_EMAIL-LI_abmteam_16DEC26,Live-ops manager (Loyalife) buyer segment (1 use cases spanning Loyalife),Planned,,,"Job-title cluster - every use case mentioning 'Live-ops manager' anywhere in Buyer/Champion/Influencer is included, even if this title appears only once overall. Only use cases whose Target Geographies name this region are listed here (0 of 1 excluded as not applicable to this region). Needs account list built + Apollo enrichment before send."
,16-Dec-2026,Wed,ABM Team,ROW,"India, Middle East, SEA, Africa",Live-ops manager (Loyalife),P1,ICP Persona Sequence,Loyalife,1 emails,"1. Gaming & Digital Entertainment - Player loyalty & battle-pass - Buyer: Head of Growth / Monetization | Champion: Live-ops manager | Influencer/User: Players, gamers",P1_ABM_ICPSEQ-LIVE-OPS-MANAGER-LOY_ROW_EMAIL-LI_abmteam_16DEC26,Live-ops manager (Loyalife) buyer segment (1 use cases spanning Loyalife),Planned,,,"Job-title cluster - every use case mentioning 'Live-ops manager' anywhere in Buyer/Champion/Influencer is included, even if this title appears only once overall. Only use cases whose Target Geographies name this region are listed here (0 of 1 excluded as not applicable to this region). Needs account list built + Apollo enrichment before send."
,16-Dec-2026,Wed,ABM Team,Global,Europe + rest of world,Live-ops manager (Loyalife),P1,ICP Persona Sequence,Loyalife,1 emails,"1. Gaming & Digital Entertainment - Player loyalty & battle-pass - Buyer: Head of Growth / Monetization | Champion: Live-ops manager | Influencer/User: Players, gamers",P1_ABM_ICPSEQ-LIVE-OPS-MANAGER-LOY_GLOBAL_EMAIL-LI_abmteam_16DEC26,Live-ops manager (Loyalife) buyer segment (1 use cases spanning Loyalife),Planned,,,"Job-title cluster - every use case mentioning 'Live-ops manager' anywhere in Buyer/Champion/Influencer is included, even if this title appears only once overall. Only use cases whose Target Geographies name this region are listed here (0 of 1 excluded as not applicable to this region). Needs account list built + Apollo enrichment before send."
,17-Dec-2026,Thu,ABM Team,Global,"Europe, LatAm",Loyalty operations lead (Loyalife),P1,ICP Persona Sequence,Loyalife USA/Europe,1 emails,1. Coalition / ecosystem loyalty - Buyer: GM Loyalty / coalition operator | Champion: Loyalty operations lead | Influencer/User: Members across many partner brands,P1_ABM_ICPSEQ-LOYALTY-OPERATIONS-L_GLOBAL_EMAIL-LI_abmteam_17DEC26,Loyalty operations lead (Loyalife) buyer segment (1 use cases spanning Loyalife USA/Europe),Planned,,,"Job-title cluster - every use case mentioning 'Loyalty operations lead' anywhere in Buyer/Champion/Influencer is included, even if this title appears only once overall. Only use cases whose Target Geographies name this region are listed here (0 of 1 excluded as not applicable to this region). Needs account list built + Apollo enrichment before send."
,18-Dec-2026,Fri,ABM Team,US,USA,Loyalty-data (Loyalife),P1,ICP Persona Sequence,Loyalife USA/Europe,1 emails,1. Retail media + loyalty-data monetisation - Buyer: Head of Retail Media / Loyalty | Champion: Loyalty-data / RMN lead | Influencer/User: Retailer's shoppers; CPG advertisers,P1_ABM_ICPSEQ-LOYALTY-DATA-LOYALIF_US_EMAIL-LI_abmteam_18DEC26,Loyalty-data (Loyalife) buyer segment (1 use cases spanning Loyalife USA/Europe),Planned,,,"Job-title cluster - every use case mentioning 'Loyalty-data' anywhere in Buyer/Champion/Influencer is included, even if this title appears only once overall. Only use cases whose Target Geographies name this region are listed here (0 of 1 excluded as not applicable to this region). Needs account list built + Apollo enrichment before send."
,18-Dec-2026,Fri,ABM Team,Global,Europe,Loyalty-data (Loyalife),P1,ICP Persona Sequence,Loyalife USA/Europe,1 emails,1. Retail media + loyalty-data monetisation - Buyer: Head of Retail Media / Loyalty | Champion: Loyalty-data / RMN lead | Influencer/User: Retailer's shoppers; CPG advertisers,P1_ABM_ICPSEQ-LOYALTY-DATA-LOYALIF_GLOBAL_EMAIL-LI_abmteam_18DEC26,Loyalty-data (Loyalife) buyer segment (1 use cases spanning Loyalife USA/Europe),Planned,,,"Job-title cluster - every use case mentioning 'Loyalty-data' anywhere in Buyer/Champion/Influencer is included, even if this title appears only once overall. Only use cases whose Target Geographies name this region are listed here (0 of 1 excluded as not applicable to this region). Needs account list built + Apollo enrichment before send."
,21-Dec-2026,Mon,ABM Team,ROW,"India, Middle East, SEA",Marketing (Loyalife),P1,ICP Persona Sequence,Loyalife,1 emails,"1. Architecture & Specification - Architect & designer loyalty - Buyer: Head of Specification / Marketing | Champion: Specification (A&D) manager | Influencer/User: Architects, interior designers, structural engineers, MEP consultants",P1_ABM_ICPSEQ-MARKETING-LOYALIFE_ROW_EMAIL-LI_abmteam_21DEC26,Marketing (Loyalife) buyer segment (1 use cases spanning Loyalife),Planned,,,"Job-title cluster - every use case mentioning 'Marketing' anywhere in Buyer/Champion/Influencer is included, even if this title appears only once overall. Only use cases whose Target Geographies name this region are listed here (0 of 1 excluded as not applicable to this region). Needs account list built + Apollo enrichment before send."
,22-Dec-2026,Tue,ABM Team,ROW,"India, Middle East, SEA",Merchant marketing manager (Loyalife),P1,ICP Persona Sequence,Loyalife,1 emails,1. Fintech - Merchant Loyalty - Merchant acceptance & GMV rewards - Buyer: Head of Merchant Business | Champion: Merchant marketing manager | Influencer/User: Merchants on POS / QR / payment acceptance,P1_ABM_ICPSEQ-MERCHANT-MARKETING-M_ROW_EMAIL-LI_abmteam_22DEC26,Merchant marketing manager (Loyalife) buyer segment (1 use cases spanning Loyalife),Planned,,,"Job-title cluster - every use case mentioning 'Merchant marketing manager' anywhere in Buyer/Champion/Influencer is included, even if this title appears only once overall. Only use cases whose Target Geographies name this region are listed here (0 of 1 excluded as not applicable to this region). Needs account list built + Apollo enrichment before send."
,23-Dec-2026,Wed,ABM Team,US,USA,Monetization (Loyalife),P1,ICP Persona Sequence,Loyalife,1 emails,"1. Gaming & Digital Entertainment - Player loyalty & battle-pass - Buyer: Head of Growth / Monetization | Champion: Live-ops manager | Influencer/User: Players, gamers",P1_ABM_ICPSEQ-MONETIZATION-LOYALIF_US_EMAIL-LI_abmteam_23DEC26,Monetization (Loyalife) buyer segment (1 use cases spanning Loyalife),Planned,,,"Job-title cluster - every use case mentioning 'Monetization' anywhere in Buyer/Champion/Influencer is included, even if this title appears only once overall. Only use cases whose Target Geographies name this region are listed here (0 of 1 excluded as not applicable to this region). Needs account list built + Apollo enrichment before send."
,23-Dec-2026,Wed,ABM Team,ROW,"India, Middle East, SEA, Africa",Monetization (Loyalife),P1,ICP Persona Sequence,Loyalife,1 emails,"1. Gaming & Digital Entertainment - Player loyalty & battle-pass - Buyer: Head of Growth / Monetization | Champion: Live-ops manager | Influencer/User: Players, gamers",P1_ABM_ICPSEQ-MONETIZATION-LOYALIF_ROW_EMAIL-LI_abmteam_23DEC26,Monetization (Loyalife) buyer segment (1 use cases spanning Loyalife),Planned,,,"Job-title cluster - every use case mentioning 'Monetization' anywhere in Buyer/Champion/Influencer is included, even if this title appears only once overall. Only use cases whose Target Geographies name this region are listed here (0 of 1 excluded as not applicable to this region). Needs account list built + Apollo enrichment before send."
,23-Dec-2026,Wed,ABM Team,Global,Europe + rest of world,Monetization (Loyalife),P1,ICP Persona Sequence,Loyalife,1 emails,"1. Gaming & Digital Entertainment - Player loyalty & battle-pass - Buyer: Head of Growth / Monetization | Champion: Live-ops manager | Influencer/User: Players, gamers",P1_ABM_ICPSEQ-MONETIZATION-LOYALIF_GLOBAL_EMAIL-LI_abmteam_23DEC26,Monetization (Loyalife) buyer segment (1 use cases spanning Loyalife),Planned,,,"Job-title cluster - every use case mentioning 'Monetization' anywhere in Buyer/Champion/Influencer is included, even if this title appears only once overall. Only use cases whose Target Geographies name this region are listed here (0 of 1 excluded as not applicable to this region). Needs account list built + Apollo enrichment before send."
,24-Dec-2026,Thu,ABM Team,ROW,"India, Middle East, SEA, Africa",National trade marketing manager (Loyalife),P1,ICP Persona Sequence,Loyalife,1 emails,"1. FMCG - Multi-tier trade loyalty - Buyer: Head of Sales / Trade Marketing | Champion: National trade marketing manager | Influencer/User: Super-stockists / C&F, distributors, wholesalers, kirana retailers",P1_ABM_ICPSEQ-NATIONAL-TRADE-MARKE_ROW_EMAIL-LI_abmteam_24DEC26,National trade marketing manager (Loyalife) buyer segment (1 use cases spanning Loyalife),Planned,,,"Job-title cluster - every use case mentioning 'National trade marketing manager' anywhere in Buyer/Champion/Influencer is included, even if this title appears only once overall. Only use cases whose Target Geographies name this region are listed here (0 of 1 excluded as not applicable to this region). Needs account list built + Apollo enrichment before send."
,25-Dec-2026,Fri,ABM Team,US,USA,Offers & partnerships manager (Loyalife),P1,ICP Persona Sequence,Loyalife USA/Europe,1 emails,1. Card-linked offers (CLO) - bank-embedded - Buyer: Head of Cards / Digital Banking | Champion: Offers & partnerships manager | Influencer/User: Bank cardholders; merchants funding the offers,P1_ABM_ICPSEQ-OFFERS-PARTNERSHIPS_US_EMAIL-LI_abmteam_25DEC26,Offers & partnerships manager (Loyalife) buyer segment (1 use cases spanning Loyalife USA/Europe),Planned,,,"Job-title cluster - every use case mentioning 'Offers & partnerships manager' anywhere in Buyer/Champion/Influencer is included, even if this title appears only once overall. Only use cases whose Target Geographies name this region are listed here (0 of 1 excluded as not applicable to this region). Needs account list built + Apollo enrichment before send."
,25-Dec-2026,Fri,ABM Team,Global,Europe,Offers & partnerships manager (Loyalife),P1,ICP Persona Sequence,Loyalife USA/Europe,1 emails,1. Card-linked offers (CLO) - bank-embedded - Buyer: Head of Cards / Digital Banking | Champion: Offers & partnerships manager | Influencer/User: Bank cardholders; merchants funding the offers,P1_ABM_ICPSEQ-OFFERS-PARTNERSHIPS_GLOBAL_EMAIL-LI_abmteam_25DEC26,Offers & partnerships manager (Loyalife) buyer segment (1 use cases spanning Loyalife USA/Europe),Planned,,,"Job-title cluster - every use case mentioning 'Offers & partnerships manager' anywhere in Buyer/Champion/Influencer is included, even if this title appears only once overall. Only use cases whose Target Geographies name this region are listed here (0 of 1 excluded as not applicable to this region). Needs account list built + Apollo enrichment before send."
,28-Dec-2026,Mon,ABM Team,US,USA,Partner Marketing (Loyalife),P1,ICP Persona Sequence,Loyalife,1 emails,"1. Technology / IT / SaaS - Partner & reseller loyalty - Buyer: Head of Channel / Partner Marketing | Champion: Partner program manager | Influencer/User: VARs, system integrators, resellers, MSPs, distributors",P1_ABM_ICPSEQ-PARTNER-MARKETING-LO_US_EMAIL-LI_abmteam_28DEC26,Partner Marketing (Loyalife) buyer segment (1 use cases spanning Loyalife),Planned,,,"Job-title cluster - every use case mentioning 'Partner Marketing' anywhere in Buyer/Champion/Influencer is included, even if this title appears only once overall. Only use cases whose Target Geographies name this region are listed here (0 of 1 excluded as not applicable to this region). Needs account list built + Apollo enrichment before send."
,28-Dec-2026,Mon,ABM Team,ROW,"India, Middle East",Partner Marketing (Loyalife),P1,ICP Persona Sequence,Loyalife,1 emails,"1. Technology / IT / SaaS - Partner & reseller loyalty - Buyer: Head of Channel / Partner Marketing | Champion: Partner program manager | Influencer/User: VARs, system integrators, resellers, MSPs, distributors",P1_ABM_ICPSEQ-PARTNER-MARKETING-LO_ROW_EMAIL-LI_abmteam_28DEC26,Partner Marketing (Loyalife) buyer segment (1 use cases spanning Loyalife),Planned,,,"Job-title cluster - every use case mentioning 'Partner Marketing' anywhere in Buyer/Champion/Influencer is included, even if this title appears only once overall. Only use cases whose Target Geographies name this region are listed here (0 of 1 excluded as not applicable to this region). Needs account list built + Apollo enrichment before send."
,28-Dec-2026,Mon,ABM Team,Global,Europe,Partner Marketing (Loyalife),P1,ICP Persona Sequence,Loyalife,1 emails,"1. Technology / IT / SaaS - Partner & reseller loyalty - Buyer: Head of Channel / Partner Marketing | Champion: Partner program manager | Influencer/User: VARs, system integrators, resellers, MSPs, distributors",P1_ABM_ICPSEQ-PARTNER-MARKETING-LO_GLOBAL_EMAIL-LI_abmteam_28DEC26,Partner Marketing (Loyalife) buyer segment (1 use cases spanning Loyalife),Planned,,,"Job-title cluster - every use case mentioning 'Partner Marketing' anywhere in Buyer/Champion/Influencer is included, even if this title appears only once overall. Only use cases whose Target Geographies name this region are listed here (0 of 1 excluded as not applicable to this region). Needs account list built + Apollo enrichment before send."
,29-Dec-2026,Tue,ABM Team,ROW,"India, Middle East, SEA",Partner channel manager (Loyalife),P1,ICP Persona Sequence,Loyalife,1 emails,"1. Insurance - POSP & Brokers - POSP & broker loyalty - Buyer: Head of Distribution / Partnerships | Champion: Partner channel manager | Influencer/User: POSPs (point-of-sale persons), brokers, sub-brokers, aggregator partners",P1_ABM_ICPSEQ-PARTNER-CHANNEL-MANA_ROW_EMAIL-LI_abmteam_29DEC26,Partner channel manager (Loyalife) buyer segment (1 use cases spanning Loyalife),Planned,,,"Job-title cluster - every use case mentioning 'Partner channel manager' anywhere in Buyer/Champion/Influencer is included, even if this title appears only once overall. Only use cases whose Target Geographies name this region are listed here (0 of 1 excluded as not applicable to this region). Needs account list built + Apollo enrichment before send."
,30-Dec-2026,Wed,ABM Team,US,USA,Partner program manager (Loyalife),P1,ICP Persona Sequence,Loyalife,1 emails,"1. Technology / IT / SaaS - Partner & reseller loyalty - Buyer: Head of Channel / Partner Marketing | Champion: Partner program manager | Influencer/User: VARs, system integrators, resellers, MSPs, distributors",P1_ABM_ICPSEQ-PARTNER-PROGRAM-MANA_US_EMAIL-LI_abmteam_30DEC26,Partner program manager (Loyalife) buyer segment (1 use cases spanning Loyalife),Planned,,,"Job-title cluster - every use case mentioning 'Partner program manager' anywhere in Buyer/Champion/Influencer is included, even if this title appears only once overall. Only use cases whose Target Geographies name this region are listed here (0 of 1 excluded as not applicable to this region). Needs account list built + Apollo enrichment before send."
,30-Dec-2026,Wed,ABM Team,ROW,"India, Middle East",Partner program manager (Loyalife),P1,ICP Persona Sequence,Loyalife,1 emails,"1. Technology / IT / SaaS - Partner & reseller loyalty - Buyer: Head of Channel / Partner Marketing | Champion: Partner program manager | Influencer/User: VARs, system integrators, resellers, MSPs, distributors",P1_ABM_ICPSEQ-PARTNER-PROGRAM-MANA_ROW_EMAIL-LI_abmteam_30DEC26,Partner program manager (Loyalife) buyer segment (1 use cases spanning Loyalife),Planned,,,"Job-title cluster - every use case mentioning 'Partner program manager' anywhere in Buyer/Champion/Influencer is included, even if this title appears only once overall. Only use cases whose Target Geographies name this region are listed here (0 of 1 excluded as not applicable to this region). Needs account list built + Apollo enrichment before send."
,30-Dec-2026,Wed,ABM Team,Global,Europe,Partner program manager (Loyalife),P1,ICP Persona Sequence,Loyalife,1 emails,"1. Technology / IT / SaaS - Partner & reseller loyalty - Buyer: Head of Channel / Partner Marketing | Champion: Partner program manager | Influencer/User: VARs, system integrators, resellers, MSPs, distributors",P1_ABM_ICPSEQ-PARTNER-PROGRAM-MANA_GLOBAL_EMAIL-LI_abmteam_30DEC26,Partner program manager (Loyalife) buyer segment (1 use cases spanning Loyalife),Planned,,,"Job-title cluster - every use case mentioning 'Partner program manager' anywhere in Buyer/Champion/Influencer is included, even if this title appears only once overall. Only use cases whose Target Geographies name this region are listed here (0 of 1 excluded as not applicable to this region). Needs account list built + Apollo enrichment before send."
,31-Dec-2026,Thu,ABM Team,ROW,"India, Middle East, SEA",Partnerships (Loyalife),P1,ICP Persona Sequence,Loyalife,1 emails,"1. Insurance - POSP & Brokers - POSP & broker loyalty - Buyer: Head of Distribution / Partnerships | Champion: Partner channel manager | Influencer/User: POSPs (point-of-sale persons), brokers, sub-brokers, aggregator partners",P1_ABM_ICPSEQ-PARTNERSHIPS-LOYALIF_ROW_EMAIL-LI_abmteam_31DEC26,Partnerships (Loyalife) buyer segment (1 use cases spanning Loyalife),Planned,,,"Job-title cluster - every use case mentioning 'Partnerships' anywhere in Buyer/Champion/Influencer is included, even if this title appears only once overall. Only use cases whose Target Geographies name this region are listed here (0 of 1 excluded as not applicable to this region). Needs account list built + Apollo enrichment before send."
,01-Jan-2027,Fri,ABM Team,ROW,"India, Middle East, SEA",Priority Banking (Loyalife),P1,ICP Persona Sequence,Loyalife,1 emails,"1. Banking - Priority / Wealth - Affluent & priority engagement - Buyer: Head of Wealth / Priority Banking | Champion: Segment manager | Influencer/User: HNI / priority-banking customers, wealth clients",P1_ABM_ICPSEQ-PRIORITY-BANKING-LOY_ROW_EMAIL-LI_abmteam_01JAN27,Priority Banking (Loyalife) buyer segment (1 use cases spanning Loyalife),Planned,,,"Job-title cluster - every use case mentioning 'Priority Banking' anywhere in Buyer/Champion/Influencer is included, even if this title appears only once overall. Only use cases whose Target Geographies name this region are listed here (0 of 1 excluded as not applicable to this region). Needs account list built + Apollo enrichment before send."
,04-Jan-2027,Mon,ABM Team,US,USA,Product (Loyalife),P1,ICP Persona Sequence,Loyalife USA/Europe,1 emails,1. Embedded / checkout & payment-linked loyalty - Buyer: CPO / Head of Loyalty | Champion: Product / martech lead | Influencer/User: Shoppers at point of checkout,P1_ABM_ICPSEQ-PRODUCT-LOYALIFE_US_EMAIL-LI_abmteam_04JAN27,Product (Loyalife) buyer segment (1 use cases spanning Loyalife USA/Europe),Planned,,,"Job-title cluster - every use case mentioning 'Product' anywhere in Buyer/Champion/Influencer is included, even if this title appears only once overall. Only use cases whose Target Geographies name this region are listed here (0 of 1 excluded as not applicable to this region). Needs account list built + Apollo enrichment before send."
,04-Jan-2027,Mon,ABM Team,Global,Europe,Product (Loyalife),P1,ICP Persona Sequence,Loyalife USA/Europe,1 emails,1. Embedded / checkout & payment-linked loyalty - Buyer: CPO / Head of Loyalty | Champion: Product / martech lead | Influencer/User: Shoppers at point of checkout,P1_ABM_ICPSEQ-PRODUCT-LOYALIFE_GLOBAL_EMAIL-LI_abmteam_04JAN27,Product (Loyalife) buyer segment (1 use cases spanning Loyalife USA/Europe),Planned,,,"Job-title cluster - every use case mentioning 'Product' anywhere in Buyer/Champion/Influencer is included, even if this title appears only once overall. Only use cases whose Target Geographies name this region are listed here (0 of 1 excluded as not applicable to this region). Needs account list built + Apollo enrichment before send."
,05-Jan-2027,Tue,ABM Team,ROW,"India, Middle East, SEA",Product manager (Loyalife),P1,ICP Persona Sequence,Loyalife,1 emails,"1. Savings & current account - Banking account customer loyalty - Buyer: Head of SME / Business Banking | Champion: Product manager | Influencer/User: Saving, Current-account & CASA customers",P1_ABM_ICPSEQ-PRODUCT-MANAGER-LOYA_ROW_EMAIL-LI_abmteam_05JAN27,Product manager (Loyalife) buyer segment (1 use cases spanning Loyalife),Planned,,,"Job-title cluster - every use case mentioning 'Product manager' anywhere in Buyer/Champion/Influencer is included, even if this title appears only once overall. Only use cases whose Target Geographies name this region are listed here (0 of 1 excluded as not applicable to this region). Needs account list built + Apollo enrichment before send."
,06-Jan-2027,Wed,ABM Team,US,USA,RMN lead (Loyalife),P1,ICP Persona Sequence,Loyalife USA/Europe,1 emails,1. Retail media + loyalty-data monetisation - Buyer: Head of Retail Media / Loyalty | Champion: Loyalty-data / RMN lead | Influencer/User: Retailer's shoppers; CPG advertisers,P1_ABM_ICPSEQ-RMN-LEAD-LOYALIFE_US_EMAIL-LI_abmteam_06JAN27,RMN lead (Loyalife) buyer segment (1 use cases spanning Loyalife USA/Europe),Planned,,,"Job-title cluster - every use case mentioning 'RMN lead' anywhere in Buyer/Champion/Influencer is included, even if this title appears only once overall. Only use cases whose Target Geographies name this region are listed here (0 of 1 excluded as not applicable to this region). Needs account list built + Apollo enrichment before send."
,06-Jan-2027,Wed,ABM Team,Global,Europe,RMN lead (Loyalife),P1,ICP Persona Sequence,Loyalife USA/Europe,1 emails,1. Retail media + loyalty-data monetisation - Buyer: Head of Retail Media / Loyalty | Champion: Loyalty-data / RMN lead | Influencer/User: Retailer's shoppers; CPG advertisers,P1_ABM_ICPSEQ-RMN-LEAD-LOYALIFE_GLOBAL_EMAIL-LI_abmteam_06JAN27,RMN lead (Loyalife) buyer segment (1 use cases spanning Loyalife USA/Europe),Planned,,,"Job-title cluster - every use case mentioning 'RMN lead' anywhere in Buyer/Champion/Influencer is included, even if this title appears only once overall. Only use cases whose Target Geographies name this region are listed here (0 of 1 excluded as not applicable to this region). Needs account list built + Apollo enrichment before send."
,07-Jan-2027,Thu,ABM Team,ROW,"India, Middle East, SEA, Africa",Regional aftermarket manager (Loyalife),P1,ICP Persona Sequence,Loyalife,1 emails,"1. Automotive Aftermarket & Lubricants - Mechanic loyalty - Buyer: Head of Aftermarket / Trade Marketing | Champion: Regional aftermarket manager | Influencer/User: Mechanics, garage owners, drivers, fleet operators",P1_ABM_ICPSEQ-REGIONAL-AFTERMARKET_ROW_EMAIL-LI_abmteam_07JAN27,Regional aftermarket manager (Loyalife) buyer segment (1 use cases spanning Loyalife),Planned,,,"Job-title cluster - every use case mentioning 'Regional aftermarket manager' anywhere in Buyer/Champion/Influencer is included, even if this title appears only once overall. Only use cases whose Target Geographies name this region are listed here (0 of 1 excluded as not applicable to this region). Needs account list built + Apollo enrichment before send."
,08-Jan-2027,Fri,ABM Team,ROW,"India, Middle East, SEA",Regional dealer manager (Loyalife),P1,ICP Persona Sequence,Loyalife,1 emails,"1. Automotive - Dealer & spare-parts channel loyalty - Buyer: Head of Sales / Aftermarket | Champion: Regional dealer manager | Influencer/User: Dealers, spare-parts distributors, service centres, parts retailers",P1_ABM_ICPSEQ-REGIONAL-DEALER-MANA_ROW_EMAIL-LI_abmteam_08JAN27,Regional dealer manager (Loyalife) buyer segment (1 use cases spanning Loyalife),Planned,,,"Job-title cluster - every use case mentioning 'Regional dealer manager' anywhere in Buyer/Champion/Influencer is included, even if this title appears only once overall. Only use cases whose Target Geographies name this region are listed here (0 of 1 excluded as not applicable to this region). Needs account list built + Apollo enrichment before send."
,11-Jan-2027,Mon,ABM Team,ROW,"India, Middle East, SEA",Regional marketing manager (Loyalife),P1,ICP Persona Sequence,Loyalife,1 emails,"1. Electrical & Lighting - Electrician loyalty - Buyer: Head of Trade Marketing / VP Sales | Champion: Regional marketing manager | Influencer/User: Electricians, wiremen, electrical contractors",P1_ABM_ICPSEQ-REGIONAL-MARKETING-M_ROW_EMAIL-LI_abmteam_11JAN27,Regional marketing manager (Loyalife) buyer segment (1 use cases spanning Loyalife),Planned,,,"Job-title cluster - every use case mentioning 'Regional marketing manager' anywhere in Buyer/Champion/Influencer is included, even if this title appears only once overall. Only use cases whose Target Geographies name this region are listed here (0 of 1 excluded as not applicable to this region). Needs account list built + Apollo enrichment before send."
,12-Jan-2027,Tue,ABM Team,ROW,"India, Middle East, SEA",Regional sales (Loyalife),P1,ICP Persona Sequence,Loyalife,1 emails,"1. Tiles, Adhesives & Sanitaryware - Applicator & fitter loyalty - Buyer: Head of Trade Marketing | Champion: Regional sales/marketing manager | Influencer/User: Tilers, applicators, masons, plumbers, fabricators",P1_ABM_ICPSEQ-REGIONAL-SALES-LOYAL_ROW_EMAIL-LI_abmteam_12JAN27,Regional sales (Loyalife) buyer segment (1 use cases spanning Loyalife),Planned,,,"Job-title cluster - every use case mentioning 'Regional sales' anywhere in Buyer/Champion/Influencer is included, even if this title appears only once overall. Only use cases whose Target Geographies name this region are listed here (0 of 1 excluded as not applicable to this region). Needs account list built + Apollo enrichment before send."
,13-Jan-2027,Wed,ABM Team,ROW,"India, Middle East, SEA",Regional sales manager (Loyalife),P1,ICP Persona Sequence,Loyalife,1 emails,"1. Pharma & Healthcare - Distributor & chemist loyalty - Buyer: Head of Sales / Trade | Champion: Regional sales manager | Influencer/User: Stockists, distributors, chemists / pharmacists, medical retailers",P1_ABM_ICPSEQ-REGIONAL-SALES-MANAG_ROW_EMAIL-LI_abmteam_13JAN27,Regional sales manager (Loyalife) buyer segment (1 use cases spanning Loyalife),Planned,,,"Job-title cluster - every use case mentioning 'Regional sales manager' anywhere in Buyer/Champion/Influencer is included, even if this title appears only once overall. Only use cases whose Target Geographies name this region are listed here (0 of 1 excluded as not applicable to this region). Needs account list built + Apollo enrichment before send."
,14-Jan-2027,Thu,ABM Team,ROW,"India, Middle East, SEA",Retail (Loyalife),P1,ICP Persona Sequence,Loyalife,1 emails,"1. Beauty & Personal Care - Salon pro & beauty-advisor loyalty - Buyer: Head of Trade Marketing / Retail | Champion: Retail education manager | Influencer/User: Salon stylists, beauticians, in-store beauty advisors (BAs)",P1_ABM_ICPSEQ-RETAIL-LOYALIFE_ROW_EMAIL-LI_abmteam_14JAN27,Retail (Loyalife) buyer segment (1 use cases spanning Loyalife),Planned,,,"Job-title cluster - every use case mentioning 'Retail' anywhere in Buyer/Champion/Influencer is included, even if this title appears only once overall. Only use cases whose Target Geographies name this region are listed here (0 of 1 excluded as not applicable to this region). Needs account list built + Apollo enrichment before send."
,15-Jan-2027,Fri,ABM Team,ROW,"India, Middle East, SEA",Retail education manager (Loyalife),P1,ICP Persona Sequence,Loyalife,1 emails,"1. Beauty & Personal Care - Salon pro & beauty-advisor loyalty - Buyer: Head of Trade Marketing / Retail | Champion: Retail education manager | Influencer/User: Salon stylists, beauticians, in-store beauty advisors (BAs)",P1_ABM_ICPSEQ-RETAIL-EDUCATION-MAN_ROW_EMAIL-LI_abmteam_15JAN27,Retail education manager (Loyalife) buyer segment (1 use cases spanning Loyalife),Planned,,,"Job-title cluster - every use case mentioning 'Retail education manager' anywhere in Buyer/Champion/Influencer is included, even if this title appears only once overall. Only use cases whose Target Geographies name this region are listed here (0 of 1 excluded as not applicable to this region). Needs account list built + Apollo enrichment before send."
,18-Jan-2027,Mon,ABM Team,US,USA,Rewards (Loyalife),P1,ICP Persona Sequence,Loyalife USA/Europe,1 emails,"1. Credit-card rewards & points ecosystems - Buyer: Head of Cards / Rewards | Champion: Rewards product manager | Influencer/User: Cardholders (mass, affluent, premium travel)",P1_ABM_ICPSEQ-REWARDS-LOYALIFE_US_EMAIL-LI_abmteam_18JAN27,Rewards (Loyalife) buyer segment (1 use cases spanning Loyalife USA/Europe),Planned,,,"Job-title cluster - every use case mentioning 'Rewards' anywhere in Buyer/Champion/Influencer is included, even if this title appears only once overall. Only use cases whose Target Geographies name this region are listed here (0 of 1 excluded as not applicable to this region). Needs account list built + Apollo enrichment before send."
,18-Jan-2027,Mon,ABM Team,Global,Europe,Rewards (Loyalife),P1,ICP Persona Sequence,Loyalife USA/Europe,1 emails,"1. Credit-card rewards & points ecosystems - Buyer: Head of Cards / Rewards | Champion: Rewards product manager | Influencer/User: Cardholders (mass, affluent, premium travel)",P1_ABM_ICPSEQ-REWARDS-LOYALIFE_GLOBAL_EMAIL-LI_abmteam_18JAN27,Rewards (Loyalife) buyer segment (1 use cases spanning Loyalife USA/Europe),Planned,,,"Job-title cluster - every use case mentioning 'Rewards' anywhere in Buyer/Champion/Influencer is included, even if this title appears only once overall. Only use cases whose Target Geographies name this region are listed here (0 of 1 excluded as not applicable to this region). Needs account list built + Apollo enrichment before send."
,19-Jan-2027,Tue,ABM Team,Global,Europe,Rewards manager (Loyalife),P1,ICP Persona Sequence,Loyalife USA/Europe,1 emails,"1. Card-linked / bank loyalty-as-a-service - Buyer: Head of Cards / Digital | Champion: Rewards manager | Influencer/User: Bank customers, neobank users",P1_ABM_ICPSEQ-REWARDS-MANAGER-LOYA_GLOBAL_EMAIL-LI_abmteam_19JAN27,Rewards manager (Loyalife) buyer segment (1 use cases spanning Loyalife USA/Europe),Planned,,,"Job-title cluster - every use case mentioning 'Rewards manager' anywhere in Buyer/Champion/Influencer is included, even if this title appears only once overall. Only use cases whose Target Geographies name this region are listed here (0 of 1 excluded as not applicable to this region). Needs account list built + Apollo enrichment before send."
,20-Jan-2027,Wed,ABM Team,US,USA,Rewards product manager (Loyalife),P1,ICP Persona Sequence,Loyalife USA/Europe,1 emails,"1. Credit-card rewards & points ecosystems - Buyer: Head of Cards / Rewards | Champion: Rewards product manager | Influencer/User: Cardholders (mass, affluent, premium travel)",P1_ABM_ICPSEQ-REWARDS-PRODUCT-MANA_US_EMAIL-LI_abmteam_20JAN27,Rewards product manager (Loyalife) buyer segment (1 use cases spanning Loyalife USA/Europe),Planned,,,"Job-title cluster - every use case mentioning 'Rewards product manager' anywhere in Buyer/Champion/Influencer is included, even if this title appears only once overall. Only use cases whose Target Geographies name this region are listed here (0 of 1 excluded as not applicable to this region). Needs account list built + Apollo enrichment before send."
,20-Jan-2027,Wed,ABM Team,Global,Europe,Rewards product manager (Loyalife),P1,ICP Persona Sequence,Loyalife USA/Europe,1 emails,"1. Credit-card rewards & points ecosystems - Buyer: Head of Cards / Rewards | Champion: Rewards product manager | Influencer/User: Cardholders (mass, affluent, premium travel)",P1_ABM_ICPSEQ-REWARDS-PRODUCT-MANA_GLOBAL_EMAIL-LI_abmteam_20JAN27,Rewards product manager (Loyalife) buyer segment (1 use cases spanning Loyalife USA/Europe),Planned,,,"Job-title cluster - every use case mentioning 'Rewards product manager' anywhere in Buyer/Champion/Influencer is included, even if this title appears only once overall. Only use cases whose Target Geographies name this region are listed here (0 of 1 excluded as not applicable to this region). Needs account list built + Apollo enrichment before send."
,21-Jan-2027,Thu,ABM Team,ROW,"India, Middle East, SEA",Sales (Loyalife),P1,ICP Persona Sequence,Loyalife,1 emails,"1. Banking - DSA / Loan Agents - Sourcing-agent loyalty - Buyer: Head of Retail Assets / Sales | Champion: DSA channel manager | Influencer/User: DSAs, loan connectors, feet-on-street sourcing agents",P1_ABM_ICPSEQ-SALES-LOYALIFE_ROW_EMAIL-LI_abmteam_21JAN27,Sales (Loyalife) buyer segment (1 use cases spanning Loyalife),Planned,,,"Job-title cluster - every use case mentioning 'Sales' anywhere in Buyer/Champion/Influencer is included, even if this title appears only once overall. Only use cases whose Target Geographies name this region are listed here (0 of 1 excluded as not applicable to this region). Needs account list built + Apollo enrichment before send."
,22-Jan-2027,Fri,ABM Team,ROW,"India, Middle East, SEA",Segment manager (Loyalife),P1,ICP Persona Sequence,Loyalife,1 emails,"1. Banking - Priority / Wealth - Affluent & priority engagement - Buyer: Head of Wealth / Priority Banking | Champion: Segment manager | Influencer/User: HNI / priority-banking customers, wealth clients",P1_ABM_ICPSEQ-SEGMENT-MANAGER-LOYA_ROW_EMAIL-LI_abmteam_22JAN27,Segment manager (Loyalife) buyer segment (1 use cases spanning Loyalife),Planned,,,"Job-title cluster - every use case mentioning 'Segment manager' anywhere in Buyer/Champion/Influencer is included, even if this title appears only once overall. Only use cases whose Target Geographies name this region are listed here (0 of 1 excluded as not applicable to this region). Needs account list built + Apollo enrichment before send."
,25-Jan-2027,Mon,ABM Team,US,USA,Shopper-marketing (Loyalife),P1,ICP Persona Sequence,Loyalife USA/Europe,1 emails,"1. Consumer cashback & rebate apps - Buyer: Head of Growth (brand/retailer) or the app operator | Champion: Shopper-marketing / lifecycle manager | Influencer/User: Shoppers (grocery, online, gas, receipts)",P1_ABM_ICPSEQ-SHOPPER-MARKETING-LO_US_EMAIL-LI_abmteam_25JAN27,Shopper-marketing (Loyalife) buyer segment (1 use cases spanning Loyalife USA/Europe),Planned,,,"Job-title cluster - every use case mentioning 'Shopper-marketing' anywhere in Buyer/Champion/Influencer is included, even if this title appears only once overall. Only use cases whose Target Geographies name this region are listed here (0 of 1 excluded as not applicable to this region). Needs account list built + Apollo enrichment before send."
,25-Jan-2027,Mon,ABM Team,Global,Europe,Shopper-marketing (Loyalife),P1,ICP Persona Sequence,Loyalife USA/Europe,1 emails,"1. Consumer cashback & rebate apps - Buyer: Head of Growth (brand/retailer) or the app operator | Champion: Shopper-marketing / lifecycle manager | Influencer/User: Shoppers (grocery, online, gas, receipts)",P1_ABM_ICPSEQ-SHOPPER-MARKETING-LO_GLOBAL_EMAIL-LI_abmteam_25JAN27,Shopper-marketing (Loyalife) buyer segment (1 use cases spanning Loyalife USA/Europe),Planned,,,"Job-title cluster - every use case mentioning 'Shopper-marketing' anywhere in Buyer/Champion/Influencer is included, even if this title appears only once overall. Only use cases whose Target Geographies name this region are listed here (0 of 1 excluded as not applicable to this region). Needs account list built + Apollo enrichment before send."
,26-Jan-2027,Tue,ABM Team,ROW,"India, Middle East, SEA",Specification  manager (Loyalife),P1,ICP Persona Sequence,Loyalife,1 emails,"1. Architecture & Specification - Architect & designer loyalty - Buyer: Head of Specification / Marketing | Champion: Specification (A&D) manager | Influencer/User: Architects, interior designers, structural engineers, MEP consultants",P1_ABM_ICPSEQ-SPECIFICATION-MANAGE_ROW_EMAIL-LI_abmteam_26JAN27,Specification  manager (Loyalife) buyer segment (1 use cases spanning Loyalife),Planned,,,"Job-title cluster - every use case mentioning 'Specification  manager' anywhere in Buyer/Champion/Influencer is included, even if this title appears only once overall. Only use cases whose Target Geographies name this region are listed here (0 of 1 excluded as not applicable to this region). Needs account list built + Apollo enrichment before send."
,27-Jan-2027,Wed,ABM Team,US,USA,Subscription product manager (Loyalife),P1,ICP Persona Sequence,Loyalife USA/Europe,1 emails,"1. Subscription / paid membership loyalty - Buyer: Head of Membership / CMO | Champion: Subscription product manager | Influencer/User: Paid members (retail, QSR, services)",P1_ABM_ICPSEQ-SUBSCRIPTION-PRODUCT_US_EMAIL-LI_abmteam_27JAN27,Subscription product manager (Loyalife) buyer segment (1 use cases spanning Loyalife USA/Europe),Planned,,,"Job-title cluster - every use case mentioning 'Subscription product manager' anywhere in Buyer/Champion/Influencer is included, even if this title appears only once overall. Only use cases whose Target Geographies name this region are listed here (0 of 1 excluded as not applicable to this region). Needs account list built + Apollo enrichment before send."
,27-Jan-2027,Wed,ABM Team,Global,Europe,Subscription product manager (Loyalife),P1,ICP Persona Sequence,Loyalife USA/Europe,1 emails,"1. Subscription / paid membership loyalty - Buyer: Head of Membership / CMO | Champion: Subscription product manager | Influencer/User: Paid members (retail, QSR, services)",P1_ABM_ICPSEQ-SUBSCRIPTION-PRODUCT_GLOBAL_EMAIL-LI_abmteam_27JAN27,Subscription product manager (Loyalife) buyer segment (1 use cases spanning Loyalife USA/Europe),Planned,,,"Job-title cluster - every use case mentioning 'Subscription product manager' anywhere in Buyer/Champion/Influencer is included, even if this title appears only once overall. Only use cases whose Target Geographies name this region are listed here (0 of 1 excluded as not applicable to this region). Needs account list built + Apollo enrichment before send."
,28-Jan-2027,Thu,ABM Team,ROW,"India, Middle East, SEA",Trade (Loyalife),P1,ICP Persona Sequence,Loyalife,1 emails,"1. Pharma & Healthcare - Distributor & chemist loyalty - Buyer: Head of Sales / Trade | Champion: Regional sales manager | Influencer/User: Stockists, distributors, chemists / pharmacists, medical retailers",P1_ABM_ICPSEQ-TRADE-LOYALIFE_ROW_EMAIL-LI_abmteam_28JAN27,Trade (Loyalife) buyer segment (1 use cases spanning Loyalife),Planned,,,"Job-title cluster - every use case mentioning 'Trade' anywhere in Buyer/Champion/Influencer is included, even if this title appears only once overall. Only use cases whose Target Geographies name this region are listed here (0 of 1 excluded as not applicable to this region). Needs account list built + Apollo enrichment before send."
,29-Jan-2027,Fri,ABM Team,ROW,"India, Middle East, SEA, Africa",Zonal (Loyalife),P1,ICP Persona Sequence,Loyalife,1 emails,"1. Agri Inputs (Seeds, Fertiliser, Crop Protection) - Farmer & agronomist loyalty - Buyer: Head of Marketing (agri brand) | Champion: Zonal / agronomy marketing manager | Influencer/User: Farmers, agronomists, agri-retailers, krishi mitra",P1_ABM_ICPSEQ-ZONAL-LOYALIFE_ROW_EMAIL-LI_abmteam_29JAN27,Zonal (Loyalife) buyer segment (1 use cases spanning Loyalife),Planned,,,"Job-title cluster - every use case mentioning 'Zonal' anywhere in Buyer/Champion/Influencer is included, even if this title appears only once overall. Only use cases whose Target Geographies name this region are listed here (0 of 1 excluded as not applicable to this region). Needs account list built + Apollo enrichment before send."
,01-Feb-2027,Mon,ABM Team,ROW,"India, SEA, Africa",Zonal manager (Loyalife),P1,ICP Persona Sequence,Loyalife,1 emails,"1. Agriculture - Dealer & retailer loyalty - Buyer: Head of Sales (agri) | Champion: Zonal manager | Influencer/User: Distributors, agri-dealers, rural retailers",P1_ABM_ICPSEQ-ZONAL-MANAGER-LOYALI_ROW_EMAIL-LI_abmteam_01FEB27,Zonal manager (Loyalife) buyer segment (1 use cases spanning Loyalife),Planned,,,"Job-title cluster - every use case mentioning 'Zonal manager' anywhere in Buyer/Champion/Influencer is included, even if this title appears only once overall. Only use cases whose Target Geographies name this region are listed here (0 of 1 excluded as not applicable to this region). Needs account list built + Apollo enrichment before send."
,02-Feb-2027,Tue,ABM Team,ROW,"India, Middle East, SEA, Africa",Zonal marketing manager (Loyalife),P1,ICP Persona Sequence,Loyalife,1 emails,"1. Building Materials - Cement - Mason & contractor loyalty - Buyer: Head of Marketing / VP Sales | Champion: Zonal marketing manager | Influencer/User: Masons (raj mistry), petty contractors, site supervisors",P1_ABM_ICPSEQ-ZONAL-MARKETING-MANA_ROW_EMAIL-LI_abmteam_02FEB27,Zonal marketing manager (Loyalife) buyer segment (1 use cases spanning Loyalife),Planned,,,"Job-title cluster - every use case mentioning 'Zonal marketing manager' anywhere in Buyer/Champion/Influencer is included, even if this title appears only once overall. Only use cases whose Target Geographies name this region are listed here (0 of 1 excluded as not applicable to this region). Needs account list built + Apollo enrichment before send."
,03-Feb-2027,Wed,ABM Team,ROW,"India, Middle East, SEA",Zonal sales manager (Loyalife),P1,ICP Persona Sequence,Loyalife,1 emails,"1. Building Materials - Dealer & sub-dealer loyalty - Buyer: VP Sales | Champion: Zonal sales manager | Influencer/User: Distributors, dealers, sub-dealers, retailers",P1_ABM_ICPSEQ-ZONAL-SALES-MANAGER_ROW_EMAIL-LI_abmteam_03FEB27,Zonal sales manager (Loyalife) buyer segment (1 use cases spanning Loyalife),Planned,,,"Job-title cluster - every use case mentioning 'Zonal sales manager' anywhere in Buyer/Champion/Influencer is included, even if this title appears only once overall. Only use cases whose Target Geographies name this region are listed here (0 of 1 excluded as not applicable to this region). Needs account list built + Apollo enrichment before send."
,04-Feb-2027,Thu,ABM Team,US,USA,brand (Loyalife),P1,ICP Persona Sequence,Loyalife USA/Europe,1 emails,"1. Consumer cashback & rebate apps - Buyer: Head of Growth (brand/retailer) or the app operator | Champion: Shopper-marketing / lifecycle manager | Influencer/User: Shoppers (grocery, online, gas, receipts)",P1_ABM_ICPSEQ-BRAND-LOYALIFE_US_EMAIL-LI_abmteam_04FEB27,brand (Loyalife) buyer segment (1 use cases spanning Loyalife USA/Europe),Planned,,,"Job-title cluster - every use case mentioning 'brand' anywhere in Buyer/Champion/Influencer is included, even if this title appears only once overall. Only use cases whose Target Geographies name this region are listed here (0 of 1 excluded as not applicable to this region). Needs account list built + Apollo enrichment before send."
,04-Feb-2027,Thu,ABM Team,Global,Europe,brand (Loyalife),P1,ICP Persona Sequence,Loyalife USA/Europe,1 emails,"1. Consumer cashback & rebate apps - Buyer: Head of Growth (brand/retailer) or the app operator | Champion: Shopper-marketing / lifecycle manager | Influencer/User: Shoppers (grocery, online, gas, receipts)",P1_ABM_ICPSEQ-BRAND-LOYALIFE_GLOBAL_EMAIL-LI_abmteam_04FEB27,brand (Loyalife) buyer segment (1 use cases spanning Loyalife USA/Europe),Planned,,,"Job-title cluster - every use case mentioning 'brand' anywhere in Buyer/Champion/Influencer is included, even if this title appears only once overall. Only use cases whose Target Geographies name this region are listed here (0 of 1 excluded as not applicable to this region). Needs account list built + Apollo enrichment before send."
,05-Feb-2027,Fri,ABM Team,US,USA,retailer (Loyalife),P1,ICP Persona Sequence,Loyalife USA/Europe,1 emails,"1. Consumer cashback & rebate apps - Buyer: Head of Growth (brand/retailer) or the app operator | Champion: Shopper-marketing / lifecycle manager | Influencer/User: Shoppers (grocery, online, gas, receipts)",P1_ABM_ICPSEQ-RETAILER-LOYALIFE_US_EMAIL-LI_abmteam_05FEB27,retailer (Loyalife) buyer segment (1 use cases spanning Loyalife USA/Europe),Planned,,,"Job-title cluster - every use case mentioning 'retailer' anywhere in Buyer/Champion/Influencer is included, even if this title appears only once overall. Only use cases whose Target Geographies name this region are listed here (0 of 1 excluded as not applicable to this region). Needs account list built + Apollo enrichment before send."
,05-Feb-2027,Fri,ABM Team,Global,Europe,retailer (Loyalife),P1,ICP Persona Sequence,Loyalife USA/Europe,1 emails,"1. Consumer cashback & rebate apps - Buyer: Head of Growth (brand/retailer) or the app operator | Champion: Shopper-marketing / lifecycle manager | Influencer/User: Shoppers (grocery, online, gas, receipts)",P1_ABM_ICPSEQ-RETAILER-LOYALIFE_GLOBAL_EMAIL-LI_abmteam_05FEB27,retailer (Loyalife) buyer segment (1 use cases spanning Loyalife USA/Europe),Planned,,,"Job-title cluster - every use case mentioning 'retailer' anywhere in Buyer/Champion/Influencer is included, even if this title appears only once overall. Only use cases whose Target Geographies name this region are listed here (0 of 1 excluded as not applicable to this region). Needs account list built + Apollo enrichment before send."
,08-Feb-2027,Mon,ABM Team,US,USA,Head of Growth (Plum),P1,ICP Persona Sequence,Plum,7 emails,"1. Referral rewards - Buyer: Head of Growth / CMO | Champion: Lifecycle / growth manager | Influencer/User: Referrers (customers, advocates)
2. Customer acquisition / sign-up rewards - Buyer: Head of Growth / CMO | Champion: Performance marketing | Influencer/User: New customers / app users
3. Fintech app rewards - Buyer: Head of Growth / CPO | Champion: Lifecycle manager | Influencer/User: App users (payments, lending, investing)
4. Education / EdTech incentives - Buyer: Head of Growth (edtech) | Champion: Lifecycle manager | Influencer/User: Students, learners, referrers
5. Crypto / Web3 & digital-asset rewards - Buyer: Head of Growth / Community | Champion: Community manager | Influencer/User: Users, community members",P1_ABM_ICPSEQ-HEAD-OF-GROWTH-PLUM_US_EMAIL-LI_abmteam_08FEB27,Head of Growth (Plum) buyer segment (5 use cases spanning Plum),Planned,,,"Job-title cluster - every use case mentioning 'Head of Growth' anywhere in Buyer/Champion/Influencer is included, even if this title appears only once overall. Only use cases whose Target Geographies name this region are listed here (0 of 5 excluded as not applicable to this region). Needs account list built + Apollo enrichment before send."
,08-Feb-2027,Mon,ABM Team,ROW,"India, Middle East, SEA, Africa",Head of Growth (Plum),P1,ICP Persona Sequence,Plum,7 emails,"1. Referral rewards - Buyer: Head of Growth / CMO | Champion: Lifecycle / growth manager | Influencer/User: Referrers (customers, advocates)
2. Customer acquisition / sign-up rewards - Buyer: Head of Growth / CMO | Champion: Performance marketing | Influencer/User: New customers / app users
3. Fintech app rewards - Buyer: Head of Growth / CPO | Champion: Lifecycle manager | Influencer/User: App users (payments, lending, investing)
4. Education / EdTech incentives - Buyer: Head of Growth (edtech) | Champion: Lifecycle manager | Influencer/User: Students, learners, referrers
5. Crypto / Web3 & digital-asset rewards - Buyer: Head of Growth / Community | Champion: Community manager | Influencer/User: Users, community members",P1_ABM_ICPSEQ-HEAD-OF-GROWTH-PLUM_ROW_EMAIL-LI_abmteam_08FEB27,Head of Growth (Plum) buyer segment (5 use cases spanning Plum),Planned,,,"Job-title cluster - every use case mentioning 'Head of Growth' anywhere in Buyer/Champion/Influencer is included, even if this title appears only once overall. Only use cases whose Target Geographies name this region are listed here (0 of 5 excluded as not applicable to this region). Needs account list built + Apollo enrichment before send."
,08-Feb-2027,Mon,ABM Team,Global,Europe + rest of world,Head of Growth (Plum),P1,ICP Persona Sequence,Plum,3 emails,"1. Referral rewards - Buyer: Head of Growth / CMO | Champion: Lifecycle / growth manager | Influencer/User: Referrers (customers, advocates)
2. Crypto / Web3 & digital-asset rewards - Buyer: Head of Growth / Community | Champion: Community manager | Influencer/User: Users, community members",P1_ABM_ICPSEQ-HEAD-OF-GROWTH-PLUM_GLOBAL_EMAIL-LI_abmteam_08FEB27,Head of Growth (Plum) buyer segment (2 use cases spanning Plum),Planned,,,"Job-title cluster - every use case mentioning 'Head of Growth' anywhere in Buyer/Champion/Influencer is included, even if this title appears only once overall. Only use cases whose Target Geographies name this region are listed here (3 of 5 excluded as not applicable to this region). Needs account list built + Apollo enrichment before send."
,09-Feb-2027,Tue,ABM Team,US,USA,CMO (Plum),P1,ICP Persona Sequence,Plum,3 emails,"1. Referral rewards - Buyer: Head of Growth / CMO | Champion: Lifecycle / growth manager | Influencer/User: Referrers (customers, advocates)
2. Customer acquisition / sign-up rewards - Buyer: Head of Growth / CMO | Champion: Performance marketing | Influencer/User: New customers / app users",P1_ABM_ICPSEQ-CMO-PLUM_US_EMAIL-LI_abmteam_09FEB27,CMO (Plum) buyer segment (2 use cases spanning Plum),Planned,,,"Job-title cluster - every use case mentioning 'CMO' anywhere in Buyer/Champion/Influencer is included, even if this title appears only once overall. Only use cases whose Target Geographies name this region are listed here (1 of 3 excluded as not applicable to this region). Needs account list built + Apollo enrichment before send."
,09-Feb-2027,Tue,ABM Team,ROW,"India, Middle East, SEA, Africa",CMO (Plum),P1,ICP Persona Sequence,Plum,3 emails,"1. Referral rewards - Buyer: Head of Growth / CMO | Champion: Lifecycle / growth manager | Influencer/User: Referrers (customers, advocates)
2. Customer acquisition / sign-up rewards - Buyer: Head of Growth / CMO | Champion: Performance marketing | Influencer/User: New customers / app users",P1_ABM_ICPSEQ-CMO-PLUM_ROW_EMAIL-LI_abmteam_09FEB27,CMO (Plum) buyer segment (2 use cases spanning Plum),Planned,,,"Job-title cluster - every use case mentioning 'CMO' anywhere in Buyer/Champion/Influencer is included, even if this title appears only once overall. Only use cases whose Target Geographies name this region are listed here (1 of 3 excluded as not applicable to this region). Needs account list built + Apollo enrichment before send."
,09-Feb-2027,Tue,ABM Team,Global,Europe + rest of world,CMO (Plum),P1,ICP Persona Sequence,Plum,1 emails,"1. Referral rewards - Buyer: Head of Growth / CMO | Champion: Lifecycle / growth manager | Influencer/User: Referrers (customers, advocates)",P1_ABM_ICPSEQ-CMO-PLUM_GLOBAL_EMAIL-LI_abmteam_09FEB27,CMO (Plum) buyer segment (1 use cases spanning Plum),Planned,,,"Job-title cluster - every use case mentioning 'CMO' anywhere in Buyer/Champion/Influencer is included, even if this title appears only once overall. Only use cases whose Target Geographies name this region are listed here (2 of 3 excluded as not applicable to this region). Needs account list built + Apollo enrichment before send."
,10-Feb-2027,Wed,ABM Team,US,USA,HR ops (Plum),P1,ICP Persona Sequence,Plum,4 emails,"1. Corporate gifting - Buyer: Head of Marketing / HR / Procurement | Champion: Field marketing / HR ops / admin | Influencer/User: Employees, clients, prospects, partners
2. Festive / festival gifting - Buyer: Head of HR / Marketing / Admin | Champion: HR ops / admin | Influencer/User: Employees, clients, channel partners
3. Employee gifting - Buyer: CHRO / Head of Total Rewards | Champion: HR ops | Influencer/User: Employees",P1_ABM_ICPSEQ-HR-OPS-PLUM_US_EMAIL-LI_abmteam_10FEB27,HR ops (Plum) buyer segment (3 use cases spanning Plum),Planned,,,"Job-title cluster - every use case mentioning 'HR ops' anywhere in Buyer/Champion/Influencer is included, even if this title appears only once overall. Only use cases whose Target Geographies name this region are listed here (0 of 3 excluded as not applicable to this region). Needs account list built + Apollo enrichment before send."
,10-Feb-2027,Wed,ABM Team,ROW,"India, Middle East, SEA, Africa",HR ops (Plum),P1,ICP Persona Sequence,Plum,4 emails,"1. Corporate gifting - Buyer: Head of Marketing / HR / Procurement | Champion: Field marketing / HR ops / admin | Influencer/User: Employees, clients, prospects, partners
2. Festive / festival gifting - Buyer: Head of HR / Marketing / Admin | Champion: HR ops / admin | Influencer/User: Employees, clients, channel partners
3. Employee gifting - Buyer: CHRO / Head of Total Rewards | Champion: HR ops | Influencer/User: Employees",P1_ABM_ICPSEQ-HR-OPS-PLUM_ROW_EMAIL-LI_abmteam_10FEB27,HR ops (Plum) buyer segment (3 use cases spanning Plum),Planned,,,"Job-title cluster - every use case mentioning 'HR ops' anywhere in Buyer/Champion/Influencer is included, even if this title appears only once overall. Only use cases whose Target Geographies name this region are listed here (0 of 3 excluded as not applicable to this region). Needs account list built + Apollo enrichment before send."
,10-Feb-2027,Wed,ABM Team,Global,Europe + rest of world,HR ops (Plum),P1,ICP Persona Sequence,Plum,4 emails,"1. Corporate gifting - Buyer: Head of Marketing / HR / Procurement | Champion: Field marketing / HR ops / admin | Influencer/User: Employees, clients, prospects, partners
2. Festive / festival gifting - Buyer: Head of HR / Marketing / Admin | Champion: HR ops / admin | Influencer/User: Employees, clients, channel partners
3. Employee gifting - Buyer: CHRO / Head of Total Rewards | Champion: HR ops | Influencer/User: Employees",P1_ABM_ICPSEQ-HR-OPS-PLUM_GLOBAL_EMAIL-LI_abmteam_10FEB27,HR ops (Plum) buyer segment (3 use cases spanning Plum),Planned,,,"Job-title cluster - every use case mentioning 'HR ops' anywhere in Buyer/Champion/Influencer is included, even if this title appears only once overall. Only use cases whose Target Geographies name this region are listed here (0 of 3 excluded as not applicable to this region). Needs account list built + Apollo enrichment before send."
,11-Feb-2027,Thu,ABM Team,US,USA,CFO (Plum),P1,ICP Persona Sequence,Plum,3 emails,"1. Global payouts (choice-based) - Buyer: CFO / Head of Payments | Champion: Finance ops | Influencer/User: Mixed recipients worldwide
2. Supplier / vendor / B2B rebate payouts - Buyer: CFO / AP lead | Champion: Finance ops | Influencer/User: Suppliers, vendors, B2B partners",P1_ABM_ICPSEQ-CFO-PLUM_US_EMAIL-LI_abmteam_11FEB27,CFO (Plum) buyer segment (2 use cases spanning Plum),Planned,,,"Job-title cluster - every use case mentioning 'CFO' anywhere in Buyer/Champion/Influencer is included, even if this title appears only once overall. Only use cases whose Target Geographies name this region are listed here (0 of 2 excluded as not applicable to this region). Needs account list built + Apollo enrichment before send."
,11-Feb-2027,Thu,ABM Team,ROW,"India, Middle East, SEA, Africa",CFO (Plum),P1,ICP Persona Sequence,Plum,3 emails,"1. Global payouts (choice-based) - Buyer: CFO / Head of Payments | Champion: Finance ops | Influencer/User: Mixed recipients worldwide
2. Supplier / vendor / B2B rebate payouts - Buyer: CFO / AP lead | Champion: Finance ops | Influencer/User: Suppliers, vendors, B2B partners",P1_ABM_ICPSEQ-CFO-PLUM_ROW_EMAIL-LI_abmteam_11FEB27,CFO (Plum) buyer segment (2 use cases spanning Plum),Planned,,,"Job-title cluster - every use case mentioning 'CFO' anywhere in Buyer/Champion/Influencer is included, even if this title appears only once overall. Only use cases whose Target Geographies name this region are listed here (0 of 2 excluded as not applicable to this region). Needs account list built + Apollo enrichment before send."
,11-Feb-2027,Thu,ABM Team,Global,Europe + rest of world,CFO (Plum),P1,ICP Persona Sequence,Plum,3 emails,"1. Global payouts (choice-based) - Buyer: CFO / Head of Payments | Champion: Finance ops | Influencer/User: Mixed recipients worldwide
2. Supplier / vendor / B2B rebate payouts - Buyer: CFO / AP lead | Champion: Finance ops | Influencer/User: Suppliers, vendors, B2B partners",P1_ABM_ICPSEQ-CFO-PLUM_GLOBAL_EMAIL-LI_abmteam_11FEB27,CFO (Plum) buyer segment (2 use cases spanning Plum),Planned,,,"Job-title cluster - every use case mentioning 'CFO' anywhere in Buyer/Champion/Influencer is included, even if this title appears only once overall. Only use cases whose Target Geographies name this region are listed here (0 of 2 excluded as not applicable to this region). Needs account list built + Apollo enrichment before send."
,12-Feb-2027,Fri,ABM Team,US,USA,Community manager (Plum),P1,ICP Persona Sequence,Plum,3 emails,"1. Academic / community / panel incentives - Buyer: Research lead / Community manager | Champion: Program coordinator | Influencer/User: Study participants, community members
2. Crypto / Web3 & digital-asset rewards - Buyer: Head of Growth / Community | Champion: Community manager | Influencer/User: Users, community members",P1_ABM_ICPSEQ-COMMUNITY-MANAGER-PL_US_EMAIL-LI_abmteam_12FEB27,Community manager (Plum) buyer segment (2 use cases spanning Plum),Planned,,,"Job-title cluster - every use case mentioning 'Community manager' anywhere in Buyer/Champion/Influencer is included, even if this title appears only once overall. Only use cases whose Target Geographies name this region are listed here (0 of 2 excluded as not applicable to this region). Needs account list built + Apollo enrichment before send."
,12-Feb-2027,Fri,ABM Team,ROW,"India, Middle East, SEA, Africa",Community manager (Plum),P1,ICP Persona Sequence,Plum,3 emails,"1. Academic / community / panel incentives - Buyer: Research lead / Community manager | Champion: Program coordinator | Influencer/User: Study participants, community members
2. Crypto / Web3 & digital-asset rewards - Buyer: Head of Growth / Community | Champion: Community manager | Influencer/User: Users, community members",P1_ABM_ICPSEQ-COMMUNITY-MANAGER-PL_ROW_EMAIL-LI_abmteam_12FEB27,Community manager (Plum) buyer segment (2 use cases spanning Plum),Planned,,,"Job-title cluster - every use case mentioning 'Community manager' anywhere in Buyer/Champion/Influencer is included, even if this title appears only once overall. Only use cases whose Target Geographies name this region are listed here (0 of 2 excluded as not applicable to this region). Needs account list built + Apollo enrichment before send."
,12-Feb-2027,Fri,ABM Team,Global,Europe + rest of world,Community manager (Plum),P1,ICP Persona Sequence,Plum,3 emails,"1. Academic / community / panel incentives - Buyer: Research lead / Community manager | Champion: Program coordinator | Influencer/User: Study participants, community members
2. Crypto / Web3 & digital-asset rewards - Buyer: Head of Growth / Community | Champion: Community manager | Influencer/User: Users, community members",P1_ABM_ICPSEQ-COMMUNITY-MANAGER-PL_GLOBAL_EMAIL-LI_abmteam_12FEB27,Community manager (Plum) buyer segment (2 use cases spanning Plum),Planned,,,"Job-title cluster - every use case mentioning 'Community manager' anywhere in Buyer/Champion/Influencer is included, even if this title appears only once overall. Only use cases whose Target Geographies name this region are listed here (0 of 2 excluded as not applicable to this region). Needs account list built + Apollo enrichment before send."
,15-Feb-2027,Mon,ABM Team,US,USA,Field marketing (Plum),P1,ICP Persona Sequence,Plum,3 emails,"1. Corporate gifting - Buyer: Head of Marketing / HR / Procurement | Champion: Field marketing / HR ops / admin | Influencer/User: Employees, clients, prospects, partners
2. Events & conference gifting - Buyer: Head of Events / Field Marketing | Champion: Event marketing manager | Influencer/User: Event attendees, webinar registrants",P1_ABM_ICPSEQ-FIELD-MARKETING-PLUM_US_EMAIL-LI_abmteam_15FEB27,Field marketing (Plum) buyer segment (2 use cases spanning Plum),Planned,,,"Job-title cluster - every use case mentioning 'Field marketing' anywhere in Buyer/Champion/Influencer is included, even if this title appears only once overall. Only use cases whose Target Geographies name this region are listed here (0 of 2 excluded as not applicable to this region). Needs account list built + Apollo enrichment before send."
,15-Feb-2027,Mon,ABM Team,ROW,"India, Middle East, SEA",Field marketing (Plum),P1,ICP Persona Sequence,Plum,3 emails,"1. Corporate gifting - Buyer: Head of Marketing / HR / Procurement | Champion: Field marketing / HR ops / admin | Influencer/User: Employees, clients, prospects, partners
2. Events & conference gifting - Buyer: Head of Events / Field Marketing | Champion: Event marketing manager | Influencer/User: Event attendees, webinar registrants",P1_ABM_ICPSEQ-FIELD-MARKETING-PLUM_ROW_EMAIL-LI_abmteam_15FEB27,Field marketing (Plum) buyer segment (2 use cases spanning Plum),Planned,,,"Job-title cluster - every use case mentioning 'Field marketing' anywhere in Buyer/Champion/Influencer is included, even if this title appears only once overall. Only use cases whose Target Geographies name this region are listed here (0 of 2 excluded as not applicable to this region). Needs account list built + Apollo enrichment before send."
,15-Feb-2027,Mon,ABM Team,Global,Europe,Field marketing (Plum),P1,ICP Persona Sequence,Plum,3 emails,"1. Corporate gifting - Buyer: Head of Marketing / HR / Procurement | Champion: Field marketing / HR ops / admin | Influencer/User: Employees, clients, prospects, partners
2. Events & conference gifting - Buyer: Head of Events / Field Marketing | Champion: Event marketing manager | Influencer/User: Event attendees, webinar registrants",P1_ABM_ICPSEQ-FIELD-MARKETING-PLUM_GLOBAL_EMAIL-LI_abmteam_15FEB27,Field marketing (Plum) buyer segment (2 use cases spanning Plum),Planned,,,"Job-title cluster - every use case mentioning 'Field marketing' anywhere in Buyer/Champion/Influencer is included, even if this title appears only once overall. Only use cases whose Target Geographies name this region are listed here (0 of 2 excluded as not applicable to this region). Needs account list built + Apollo enrichment before send."
,16-Feb-2027,Tue,ABM Team,US,USA,Finance ops (Plum),P1,ICP Persona Sequence,Plum,3 emails,"1. Global payouts (choice-based) - Buyer: CFO / Head of Payments | Champion: Finance ops | Influencer/User: Mixed recipients worldwide
2. Supplier / vendor / B2B rebate payouts - Buyer: CFO / AP lead | Champion: Finance ops | Influencer/User: Suppliers, vendors, B2B partners",P1_ABM_ICPSEQ-FINANCE-OPS-PLUM_US_EMAIL-LI_abmteam_16FEB27,Finance ops (Plum) buyer segment (2 use cases spanning Plum),Planned,,,"Job-title cluster - every use case mentioning 'Finance ops' anywhere in Buyer/Champion/Influencer is included, even if this title appears only once overall. Only use cases whose Target Geographies name this region are listed here (0 of 2 excluded as not applicable to this region). Needs account list built + Apollo enrichment before send."
,16-Feb-2027,Tue,ABM Team,ROW,"India, Middle East, SEA, Africa",Finance ops (Plum),P1,ICP Persona Sequence,Plum,3 emails,"1. Global payouts (choice-based) - Buyer: CFO / Head of Payments | Champion: Finance ops | Influencer/User: Mixed recipients worldwide
2. Supplier / vendor / B2B rebate payouts - Buyer: CFO / AP lead | Champion: Finance ops | Influencer/User: Suppliers, vendors, B2B partners",P1_ABM_ICPSEQ-FINANCE-OPS-PLUM_ROW_EMAIL-LI_abmteam_16FEB27,Finance ops (Plum) buyer segment (2 use cases spanning Plum),Planned,,,"Job-title cluster - every use case mentioning 'Finance ops' anywhere in Buyer/Champion/Influencer is included, even if this title appears only once overall. Only use cases whose Target Geographies name this region are listed here (0 of 2 excluded as not applicable to this region). Needs account list built + Apollo enrichment before send."
,16-Feb-2027,Tue,ABM Team,Global,Europe + rest of world,Finance ops (Plum),P1,ICP Persona Sequence,Plum,3 emails,"1. Global payouts (choice-based) - Buyer: CFO / Head of Payments | Champion: Finance ops | Influencer/User: Mixed recipients worldwide
2. Supplier / vendor / B2B rebate payouts - Buyer: CFO / AP lead | Champion: Finance ops | Influencer/User: Suppliers, vendors, B2B partners",P1_ABM_ICPSEQ-FINANCE-OPS-PLUM_GLOBAL_EMAIL-LI_abmteam_16FEB27,Finance ops (Plum) buyer segment (2 use cases spanning Plum),Planned,,,"Job-title cluster - every use case mentioning 'Finance ops' anywhere in Buyer/Champion/Influencer is included, even if this title appears only once overall. Only use cases whose Target Geographies name this region are listed here (0 of 2 excluded as not applicable to this region). Needs account list built + Apollo enrichment before send."
,17-Feb-2027,Wed,ABM Team,US,USA,HR (Plum),P1,ICP Persona Sequence,Plum,1 emails,"1. Corporate gifting - Buyer: Head of Marketing / HR / Procurement | Champion: Field marketing / HR ops / admin | Influencer/User: Employees, clients, prospects, partners",P1_ABM_ICPSEQ-HR-PLUM_US_EMAIL-LI_abmteam_17FEB27,HR (Plum) buyer segment (1 use cases spanning Plum),Planned,,,"Job-title cluster - every use case mentioning 'HR' anywhere in Buyer/Champion/Influencer is included, even if this title appears only once overall. Only use cases whose Target Geographies name this region are listed here (1 of 2 excluded as not applicable to this region). Needs account list built + Apollo enrichment before send."
,17-Feb-2027,Wed,ABM Team,ROW,"India, Middle East, SEA",HR (Plum),P1,ICP Persona Sequence,Plum,1 emails,"1. Corporate gifting - Buyer: Head of Marketing / HR / Procurement | Champion: Field marketing / HR ops / admin | Influencer/User: Employees, clients, prospects, partners",P1_ABM_ICPSEQ-HR-PLUM_ROW_EMAIL-LI_abmteam_17FEB27,HR (Plum) buyer segment (1 use cases spanning Plum),Planned,,,"Job-title cluster - every use case mentioning 'HR' anywhere in Buyer/Champion/Influencer is included, even if this title appears only once overall. Only use cases whose Target Geographies name this region are listed here (1 of 2 excluded as not applicable to this region). Needs account list built + Apollo enrichment before send."
,17-Feb-2027,Wed,ABM Team,Global,Europe,HR (Plum),P1,ICP Persona Sequence,Plum,1 emails,"1. Corporate gifting - Buyer: Head of Marketing / HR / Procurement | Champion: Field marketing / HR ops / admin | Influencer/User: Employees, clients, prospects, partners",P1_ABM_ICPSEQ-HR-PLUM_GLOBAL_EMAIL-LI_abmteam_17FEB27,HR (Plum) buyer segment (1 use cases spanning Plum),Planned,,,"Job-title cluster - every use case mentioning 'HR' anywhere in Buyer/Champion/Influencer is included, even if this title appears only once overall. Only use cases whose Target Geographies name this region are listed here (1 of 2 excluded as not applicable to this region). Needs account list built + Apollo enrichment before send."
,18-Feb-2027,Thu,ABM Team,US,USA,Head of Demand Gen (Plum),P1,ICP Persona Sequence,Plum,3 emails,"1. ABM rewards & gifting - Buyer: Head of Demand Gen / ABM | Champion: ABM / field marketing manager | Influencer/User: Named-account contacts, prospects
2. Demo / meeting / webinar incentives - Buyer: Head of Demand Gen / SDR leadership | Champion: Marketing ops | Influencer/User: Prospects who book/attend",P1_ABM_ICPSEQ-HEAD-OF-DEMAND-GEN-P_US_EMAIL-LI_abmteam_18FEB27,Head of Demand Gen (Plum) buyer segment (2 use cases spanning Plum),Planned,,,"Job-title cluster - every use case mentioning 'Head of Demand Gen' anywhere in Buyer/Champion/Influencer is included, even if this title appears only once overall. Only use cases whose Target Geographies name this region are listed here (0 of 2 excluded as not applicable to this region). Needs account list built + Apollo enrichment before send."
,18-Feb-2027,Thu,ABM Team,ROW,"India, Middle East",Head of Demand Gen (Plum),P1,ICP Persona Sequence,Plum,3 emails,"1. ABM rewards & gifting - Buyer: Head of Demand Gen / ABM | Champion: ABM / field marketing manager | Influencer/User: Named-account contacts, prospects
2. Demo / meeting / webinar incentives - Buyer: Head of Demand Gen / SDR leadership | Champion: Marketing ops | Influencer/User: Prospects who book/attend",P1_ABM_ICPSEQ-HEAD-OF-DEMAND-GEN-P_ROW_EMAIL-LI_abmteam_18FEB27,Head of Demand Gen (Plum) buyer segment (2 use cases spanning Plum),Planned,,,"Job-title cluster - every use case mentioning 'Head of Demand Gen' anywhere in Buyer/Champion/Influencer is included, even if this title appears only once overall. Only use cases whose Target Geographies name this region are listed here (0 of 2 excluded as not applicable to this region). Needs account list built + Apollo enrichment before send."
,18-Feb-2027,Thu,ABM Team,Global,Europe,Head of Demand Gen (Plum),P1,ICP Persona Sequence,Plum,3 emails,"1. ABM rewards & gifting - Buyer: Head of Demand Gen / ABM | Champion: ABM / field marketing manager | Influencer/User: Named-account contacts, prospects
2. Demo / meeting / webinar incentives - Buyer: Head of Demand Gen / SDR leadership | Champion: Marketing ops | Influencer/User: Prospects who book/attend",P1_ABM_ICPSEQ-HEAD-OF-DEMAND-GEN-P_GLOBAL_EMAIL-LI_abmteam_18FEB27,Head of Demand Gen (Plum) buyer segment (2 use cases spanning Plum),Planned,,,"Job-title cluster - every use case mentioning 'Head of Demand Gen' anywhere in Buyer/Champion/Influencer is included, even if this title appears only once overall. Only use cases whose Target Geographies name this region are listed here (0 of 2 excluded as not applicable to this region). Needs account list built + Apollo enrichment before send."
,19-Feb-2027,Fri,ABM Team,US,USA,Head of Marketing (Plum),P1,ICP Persona Sequence,Plum,3 emails,"1. Corporate gifting - Buyer: Head of Marketing / HR / Procurement | Champion: Field marketing / HR ops / admin | Influencer/User: Employees, clients, prospects, partners
2. VIP / executive gifting - Buyer: Head of Marketing / Exec office | Champion: Exec assistant / marketing | Influencer/User: Executives, top clients, key partners",P1_ABM_ICPSEQ-HEAD-OF-MARKETING-PL_US_EMAIL-LI_abmteam_19FEB27,Head of Marketing (Plum) buyer segment (2 use cases spanning Plum),Planned,,,"Job-title cluster - every use case mentioning 'Head of Marketing' anywhere in Buyer/Champion/Influencer is included, even if this title appears only once overall. Only use cases whose Target Geographies name this region are listed here (0 of 2 excluded as not applicable to this region). Needs account list built + Apollo enrichment before send."
,19-Feb-2027,Fri,ABM Team,ROW,"India, Middle East, SEA",Head of Marketing (Plum),P1,ICP Persona Sequence,Plum,3 emails,"1. Corporate gifting - Buyer: Head of Marketing / HR / Procurement | Champion: Field marketing / HR ops / admin | Influencer/User: Employees, clients, prospects, partners
2. VIP / executive gifting - Buyer: Head of Marketing / Exec office | Champion: Exec assistant / marketing | Influencer/User: Executives, top clients, key partners",P1_ABM_ICPSEQ-HEAD-OF-MARKETING-PL_ROW_EMAIL-LI_abmteam_19FEB27,Head of Marketing (Plum) buyer segment (2 use cases spanning Plum),Planned,,,"Job-title cluster - every use case mentioning 'Head of Marketing' anywhere in Buyer/Champion/Influencer is included, even if this title appears only once overall. Only use cases whose Target Geographies name this region are listed here (0 of 2 excluded as not applicable to this region). Needs account list built + Apollo enrichment before send."
,19-Feb-2027,Fri,ABM Team,Global,Europe,Head of Marketing (Plum),P1,ICP Persona Sequence,Plum,3 emails,"1. Corporate gifting - Buyer: Head of Marketing / HR / Procurement | Champion: Field marketing / HR ops / admin | Influencer/User: Employees, clients, prospects, partners
2. VIP / executive gifting - Buyer: Head of Marketing / Exec office | Champion: Exec assistant / marketing | Influencer/User: Executives, top clients, key partners",P1_ABM_ICPSEQ-HEAD-OF-MARKETING-PL_GLOBAL_EMAIL-LI_abmteam_19FEB27,Head of Marketing (Plum) buyer segment (2 use cases spanning Plum),Planned,,,"Job-title cluster - every use case mentioning 'Head of Marketing' anywhere in Buyer/Champion/Influencer is included, even if this title appears only once overall. Only use cases whose Target Geographies name this region are listed here (0 of 2 excluded as not applicable to this region). Needs account list built + Apollo enrichment before send."
,22-Feb-2027,Mon,ABM Team,US,USA,Lifecycle manager (Plum),P1,ICP Persona Sequence,Plum,3 emails,"1. Fintech app rewards - Buyer: Head of Growth / CPO | Champion: Lifecycle manager | Influencer/User: App users (payments, lending, investing)
2. Education / EdTech incentives - Buyer: Head of Growth (edtech) | Champion: Lifecycle manager | Influencer/User: Students, learners, referrers",P1_ABM_ICPSEQ-LIFECYCLE-MANAGER-PL_US_EMAIL-LI_abmteam_22FEB27,Lifecycle manager (Plum) buyer segment (2 use cases spanning Plum),Planned,,,"Job-title cluster - every use case mentioning 'Lifecycle manager' anywhere in Buyer/Champion/Influencer is included, even if this title appears only once overall. Only use cases whose Target Geographies name this region are listed here (0 of 2 excluded as not applicable to this region). Needs account list built + Apollo enrichment before send."
,22-Feb-2027,Mon,ABM Team,ROW,"India, Middle East, SEA",Lifecycle manager (Plum),P1,ICP Persona Sequence,Plum,3 emails,"1. Fintech app rewards - Buyer: Head of Growth / CPO | Champion: Lifecycle manager | Influencer/User: App users (payments, lending, investing)
2. Education / EdTech incentives - Buyer: Head of Growth (edtech) | Champion: Lifecycle manager | Influencer/User: Students, learners, referrers",P1_ABM_ICPSEQ-LIFECYCLE-MANAGER-PL_ROW_EMAIL-LI_abmteam_22FEB27,Lifecycle manager (Plum) buyer segment (2 use cases spanning Plum),Planned,,,"Job-title cluster - every use case mentioning 'Lifecycle manager' anywhere in Buyer/Champion/Influencer is included, even if this title appears only once overall. Only use cases whose Target Geographies name this region are listed here (0 of 2 excluded as not applicable to this region). Needs account list built + Apollo enrichment before send."
,23-Feb-2027,Tue,ABM Team,US,USA,Marketing (Plum),P1,ICP Persona Sequence,Plum,3 emails,"1. Festive / festival gifting - Buyer: Head of HR / Marketing / Admin | Champion: HR ops / admin | Influencer/User: Employees, clients, channel partners
2. VIP / executive gifting - Buyer: Head of Marketing / Exec office | Champion: Exec assistant / marketing | Influencer/User: Executives, top clients, key partners",P1_ABM_ICPSEQ-MARKETING-PLUM_US_EMAIL-LI_abmteam_23FEB27,Marketing (Plum) buyer segment (2 use cases spanning Plum),Planned,,,"Job-title cluster - every use case mentioning 'Marketing' anywhere in Buyer/Champion/Influencer is included, even if this title appears only once overall. Only use cases whose Target Geographies name this region are listed here (0 of 2 excluded as not applicable to this region). Needs account list built + Apollo enrichment before send."
,23-Feb-2027,Tue,ABM Team,ROW,"India, Middle East, SEA",Marketing (Plum),P1,ICP Persona Sequence,Plum,3 emails,"1. Festive / festival gifting - Buyer: Head of HR / Marketing / Admin | Champion: HR ops / admin | Influencer/User: Employees, clients, channel partners
2. VIP / executive gifting - Buyer: Head of Marketing / Exec office | Champion: Exec assistant / marketing | Influencer/User: Executives, top clients, key partners",P1_ABM_ICPSEQ-MARKETING-PLUM_ROW_EMAIL-LI_abmteam_23FEB27,Marketing (Plum) buyer segment (2 use cases spanning Plum),Planned,,,"Job-title cluster - every use case mentioning 'Marketing' anywhere in Buyer/Champion/Influencer is included, even if this title appears only once overall. Only use cases whose Target Geographies name this region are listed here (0 of 2 excluded as not applicable to this region). Needs account list built + Apollo enrichment before send."
,23-Feb-2027,Tue,ABM Team,Global,Europe,Marketing (Plum),P1,ICP Persona Sequence,Plum,3 emails,"1. Festive / festival gifting - Buyer: Head of HR / Marketing / Admin | Champion: HR ops / admin | Influencer/User: Employees, clients, channel partners
2. VIP / executive gifting - Buyer: Head of Marketing / Exec office | Champion: Exec assistant / marketing | Influencer/User: Executives, top clients, key partners",P1_ABM_ICPSEQ-MARKETING-PLUM_GLOBAL_EMAIL-LI_abmteam_23FEB27,Marketing (Plum) buyer segment (2 use cases spanning Plum),Planned,,,"Job-title cluster - every use case mentioning 'Marketing' anywhere in Buyer/Champion/Influencer is included, even if this title appears only once overall. Only use cases whose Target Geographies name this region are listed here (0 of 2 excluded as not applicable to this region). Needs account list built + Apollo enrichment before send."
,24-Feb-2027,Wed,ABM Team,US,USA,admin (Plum),P1,ICP Persona Sequence,Plum,3 emails,"1. Corporate gifting - Buyer: Head of Marketing / HR / Procurement | Champion: Field marketing / HR ops / admin | Influencer/User: Employees, clients, prospects, partners
2. Festive / festival gifting - Buyer: Head of HR / Marketing / Admin | Champion: HR ops / admin | Influencer/User: Employees, clients, channel partners",P1_ABM_ICPSEQ-ADMIN-PLUM_US_EMAIL-LI_abmteam_24FEB27,admin (Plum) buyer segment (2 use cases spanning Plum),Planned,,,"Job-title cluster - every use case mentioning 'admin' anywhere in Buyer/Champion/Influencer is included, even if this title appears only once overall. Only use cases whose Target Geographies name this region are listed here (0 of 2 excluded as not applicable to this region). Needs account list built + Apollo enrichment before send."
,24-Feb-2027,Wed,ABM Team,ROW,"India, Middle East, SEA",admin (Plum),P1,ICP Persona Sequence,Plum,3 emails,"1. Corporate gifting - Buyer: Head of Marketing / HR / Procurement | Champion: Field marketing / HR ops / admin | Influencer/User: Employees, clients, prospects, partners
2. Festive / festival gifting - Buyer: Head of HR / Marketing / Admin | Champion: HR ops / admin | Influencer/User: Employees, clients, channel partners",P1_ABM_ICPSEQ-ADMIN-PLUM_ROW_EMAIL-LI_abmteam_24FEB27,admin (Plum) buyer segment (2 use cases spanning Plum),Planned,,,"Job-title cluster - every use case mentioning 'admin' anywhere in Buyer/Champion/Influencer is included, even if this title appears only once overall. Only use cases whose Target Geographies name this region are listed here (0 of 2 excluded as not applicable to this region). Needs account list built + Apollo enrichment before send."
,24-Feb-2027,Wed,ABM Team,Global,Europe,admin (Plum),P1,ICP Persona Sequence,Plum,3 emails,"1. Corporate gifting - Buyer: Head of Marketing / HR / Procurement | Champion: Field marketing / HR ops / admin | Influencer/User: Employees, clients, prospects, partners
2. Festive / festival gifting - Buyer: Head of HR / Marketing / Admin | Champion: HR ops / admin | Influencer/User: Employees, clients, channel partners",P1_ABM_ICPSEQ-ADMIN-PLUM_GLOBAL_EMAIL-LI_abmteam_24FEB27,admin (Plum) buyer segment (2 use cases spanning Plum),Planned,,,"Job-title cluster - every use case mentioning 'admin' anywhere in Buyer/Champion/Influencer is included, even if this title appears only once overall. Only use cases whose Target Geographies name this region are listed here (0 of 2 excluded as not applicable to this region). Needs account list built + Apollo enrichment before send."
,25-Feb-2027,Thu,ABM Team,US,USA,ABM (Plum),P1,ICP Persona Sequence,Plum,1 emails,"1. ABM rewards & gifting - Buyer: Head of Demand Gen / ABM | Champion: ABM / field marketing manager | Influencer/User: Named-account contacts, prospects",P1_ABM_ICPSEQ-ABM-PLUM_US_EMAIL-LI_abmteam_25FEB27,ABM (Plum) buyer segment (1 use cases spanning Plum),Planned,,,"Job-title cluster - every use case mentioning 'ABM' anywhere in Buyer/Champion/Influencer is included, even if this title appears only once overall. Only use cases whose Target Geographies name this region are listed here (0 of 1 excluded as not applicable to this region). Needs account list built + Apollo enrichment before send."
,25-Feb-2027,Thu,ABM Team,ROW,"India, Middle East",ABM (Plum),P1,ICP Persona Sequence,Plum,1 emails,"1. ABM rewards & gifting - Buyer: Head of Demand Gen / ABM | Champion: ABM / field marketing manager | Influencer/User: Named-account contacts, prospects",P1_ABM_ICPSEQ-ABM-PLUM_ROW_EMAIL-LI_abmteam_25FEB27,ABM (Plum) buyer segment (1 use cases spanning Plum),Planned,,,"Job-title cluster - every use case mentioning 'ABM' anywhere in Buyer/Champion/Influencer is included, even if this title appears only once overall. Only use cases whose Target Geographies name this region are listed here (0 of 1 excluded as not applicable to this region). Needs account list built + Apollo enrichment before send."
,25-Feb-2027,Thu,ABM Team,Global,Europe,ABM (Plum),P1,ICP Persona Sequence,Plum,1 emails,"1. ABM rewards & gifting - Buyer: Head of Demand Gen / ABM | Champion: ABM / field marketing manager | Influencer/User: Named-account contacts, prospects",P1_ABM_ICPSEQ-ABM-PLUM_GLOBAL_EMAIL-LI_abmteam_25FEB27,ABM (Plum) buyer segment (1 use cases spanning Plum),Planned,,,"Job-title cluster - every use case mentioning 'ABM' anywhere in Buyer/Champion/Influencer is included, even if this title appears only once overall. Only use cases whose Target Geographies name this region are listed here (0 of 1 excluded as not applicable to this region). Needs account list built + Apollo enrichment before send."
,26-Feb-2027,Fri,ABM Team,US,USA,AP lead (Plum),P1,ICP Persona Sequence,Plum,1 emails,"1. Supplier / vendor / B2B rebate payouts - Buyer: CFO / AP lead | Champion: Finance ops | Influencer/User: Suppliers, vendors, B2B partners",P1_ABM_ICPSEQ-AP-LEAD-PLUM_US_EMAIL-LI_abmteam_26FEB27,AP lead (Plum) buyer segment (1 use cases spanning Plum),Planned,,,"Job-title cluster - every use case mentioning 'AP lead' anywhere in Buyer/Champion/Influencer is included, even if this title appears only once overall. Only use cases whose Target Geographies name this region are listed here (0 of 1 excluded as not applicable to this region). Needs account list built + Apollo enrichment before send."
,26-Feb-2027,Fri,ABM Team,ROW,"India, Middle East, SEA, Africa",AP lead (Plum),P1,ICP Persona Sequence,Plum,1 emails,"1. Supplier / vendor / B2B rebate payouts - Buyer: CFO / AP lead | Champion: Finance ops | Influencer/User: Suppliers, vendors, B2B partners",P1_ABM_ICPSEQ-AP-LEAD-PLUM_ROW_EMAIL-LI_abmteam_26FEB27,AP lead (Plum) buyer segment (1 use cases spanning Plum),Planned,,,"Job-title cluster - every use case mentioning 'AP lead' anywhere in Buyer/Champion/Influencer is included, even if this title appears only once overall. Only use cases whose Target Geographies name this region are listed here (0 of 1 excluded as not applicable to this region). Needs account list built + Apollo enrichment before send."
,26-Feb-2027,Fri,ABM Team,Global,Europe + rest of world,AP lead (Plum),P1,ICP Persona Sequence,Plum,1 emails,"1. Supplier / vendor / B2B rebate payouts - Buyer: CFO / AP lead | Champion: Finance ops | Influencer/User: Suppliers, vendors, B2B partners",P1_ABM_ICPSEQ-AP-LEAD-PLUM_GLOBAL_EMAIL-LI_abmteam_26FEB27,AP lead (Plum) buyer segment (1 use cases spanning Plum),Planned,,,"Job-title cluster - every use case mentioning 'AP lead' anywhere in Buyer/Champion/Influencer is included, even if this title appears only once overall. Only use cases whose Target Geographies name this region are listed here (0 of 1 excluded as not applicable to this region). Needs account list built + Apollo enrichment before send."
,01-Mar-2027,Mon,ABM Team,US,USA,Affiliate manager (Plum),P1,ICP Persona Sequence,Plum,1 emails,"1. Affiliate & partner payouts - Buyer: Head of Partnerships | Champion: Affiliate manager | Influencer/User: Affiliates, partners",P1_ABM_ICPSEQ-AFFILIATE-MANAGER-PL_US_EMAIL-LI_abmteam_01MAR27,Affiliate manager (Plum) buyer segment (1 use cases spanning Plum),Planned,,,"Job-title cluster - every use case mentioning 'Affiliate manager' anywhere in Buyer/Champion/Influencer is included, even if this title appears only once overall. Only use cases whose Target Geographies name this region are listed here (0 of 1 excluded as not applicable to this region). Needs account list built + Apollo enrichment before send."
,01-Mar-2027,Mon,ABM Team,ROW,India,Affiliate manager (Plum),P1,ICP Persona Sequence,Plum,1 emails,"1. Affiliate & partner payouts - Buyer: Head of Partnerships | Champion: Affiliate manager | Influencer/User: Affiliates, partners",P1_ABM_ICPSEQ-AFFILIATE-MANAGER-PL_ROW_EMAIL-LI_abmteam_01MAR27,Affiliate manager (Plum) buyer segment (1 use cases spanning Plum),Planned,,,"Job-title cluster - every use case mentioning 'Affiliate manager' anywhere in Buyer/Champion/Influencer is included, even if this title appears only once overall. Only use cases whose Target Geographies name this region are listed here (0 of 1 excluded as not applicable to this region). Needs account list built + Apollo enrichment before send."
,01-Mar-2027,Mon,ABM Team,Global,Europe,Affiliate manager (Plum),P1,ICP Persona Sequence,Plum,1 emails,"1. Affiliate & partner payouts - Buyer: Head of Partnerships | Champion: Affiliate manager | Influencer/User: Affiliates, partners",P1_ABM_ICPSEQ-AFFILIATE-MANAGER-PL_GLOBAL_EMAIL-LI_abmteam_01MAR27,Affiliate manager (Plum) buyer segment (1 use cases spanning Plum),Planned,,,"Job-title cluster - every use case mentioning 'Affiliate manager' anywhere in Buyer/Champion/Influencer is included, even if this title appears only once overall. Only use cases whose Target Geographies name this region are listed here (0 of 1 excluded as not applicable to this region). Needs account list built + Apollo enrichment before send."
,02-Mar-2027,Tue,ABM Team,US,USA,CHRO (Plum),P1,ICP Persona Sequence,Plum,1 emails,1. Employee gifting - Buyer: CHRO / Head of Total Rewards | Champion: HR ops | Influencer/User: Employees,P1_ABM_ICPSEQ-CHRO-PLUM_US_EMAIL-LI_abmteam_02MAR27,CHRO (Plum) buyer segment (1 use cases spanning Plum),Planned,,,"Job-title cluster - every use case mentioning 'CHRO' anywhere in Buyer/Champion/Influencer is included, even if this title appears only once overall. Only use cases whose Target Geographies name this region are listed here (0 of 1 excluded as not applicable to this region). Needs account list built + Apollo enrichment before send."
,02-Mar-2027,Tue,ABM Team,ROW,"India, Middle East, SEA, Africa",CHRO (Plum),P1,ICP Persona Sequence,Plum,1 emails,1. Employee gifting - Buyer: CHRO / Head of Total Rewards | Champion: HR ops | Influencer/User: Employees,P1_ABM_ICPSEQ-CHRO-PLUM_ROW_EMAIL-LI_abmteam_02MAR27,CHRO (Plum) buyer segment (1 use cases spanning Plum),Planned,,,"Job-title cluster - every use case mentioning 'CHRO' anywhere in Buyer/Champion/Influencer is included, even if this title appears only once overall. Only use cases whose Target Geographies name this region are listed here (0 of 1 excluded as not applicable to this region). Needs account list built + Apollo enrichment before send."
,02-Mar-2027,Tue,ABM Team,Global,Europe + rest of world,CHRO (Plum),P1,ICP Persona Sequence,Plum,1 emails,1. Employee gifting - Buyer: CHRO / Head of Total Rewards | Champion: HR ops | Influencer/User: Employees,P1_ABM_ICPSEQ-CHRO-PLUM_GLOBAL_EMAIL-LI_abmteam_02MAR27,CHRO (Plum) buyer segment (1 use cases spanning Plum),Planned,,,"Job-title cluster - every use case mentioning 'CHRO' anywhere in Buyer/Champion/Influencer is included, even if this title appears only once overall. Only use cases whose Target Geographies name this region are listed here (0 of 1 excluded as not applicable to this region). Needs account list built + Apollo enrichment before send."
,03-Mar-2027,Wed,ABM Team,US,USA,COO (Plum),P1,ICP Persona Sequence,Plum,1 emails,"1. Insurance claims & benefit disbursements - Buyer: Head of Claims / COO | Champion: Claims ops | Influencer/User: Claimants, policyholders",P1_ABM_ICPSEQ-COO-PLUM_US_EMAIL-LI_abmteam_03MAR27,COO (Plum) buyer segment (1 use cases spanning Plum),Planned,,,"Job-title cluster - every use case mentioning 'COO' anywhere in Buyer/Champion/Influencer is included, even if this title appears only once overall. Only use cases whose Target Geographies name this region are listed here (0 of 1 excluded as not applicable to this region). Needs account list built + Apollo enrichment before send."
,03-Mar-2027,Wed,ABM Team,ROW,"India, Middle East",COO (Plum),P1,ICP Persona Sequence,Plum,1 emails,"1. Insurance claims & benefit disbursements - Buyer: Head of Claims / COO | Champion: Claims ops | Influencer/User: Claimants, policyholders",P1_ABM_ICPSEQ-COO-PLUM_ROW_EMAIL-LI_abmteam_03MAR27,COO (Plum) buyer segment (1 use cases spanning Plum),Planned,,,"Job-title cluster - every use case mentioning 'COO' anywhere in Buyer/Champion/Influencer is included, even if this title appears only once overall. Only use cases whose Target Geographies name this region are listed here (0 of 1 excluded as not applicable to this region). Needs account list built + Apollo enrichment before send."
,04-Mar-2027,Thu,ABM Team,US,USA,CPO (Plum),P1,ICP Persona Sequence,Plum,1 emails,"1. Fintech app rewards - Buyer: Head of Growth / CPO | Champion: Lifecycle manager | Influencer/User: App users (payments, lending, investing)",P1_ABM_ICPSEQ-CPO-PLUM_US_EMAIL-LI_abmteam_04MAR27,CPO (Plum) buyer segment (1 use cases spanning Plum),Planned,,,"Job-title cluster - every use case mentioning 'CPO' anywhere in Buyer/Champion/Influencer is included, even if this title appears only once overall. Only use cases whose Target Geographies name this region are listed here (0 of 1 excluded as not applicable to this region). Needs account list built + Apollo enrichment before send."
,04-Mar-2027,Thu,ABM Team,ROW,"India, Middle East, SEA",CPO (Plum),P1,ICP Persona Sequence,Plum,1 emails,"1. Fintech app rewards - Buyer: Head of Growth / CPO | Champion: Lifecycle manager | Influencer/User: App users (payments, lending, investing)",P1_ABM_ICPSEQ-CPO-PLUM_ROW_EMAIL-LI_abmteam_04MAR27,CPO (Plum) buyer segment (1 use cases spanning Plum),Planned,,,"Job-title cluster - every use case mentioning 'CPO' anywhere in Buyer/Champion/Influencer is included, even if this title appears only once overall. Only use cases whose Target Geographies name this region are listed here (0 of 1 excluded as not applicable to this region). Needs account list built + Apollo enrichment before send."
,05-Mar-2027,Fri,ABM Team,US,USA,CRM (Plum),P1,ICP Persona Sequence,Plum,1 emails,"1. Casino / iGaming player rewards - Buyer: Head of CRM / VIP (operator) | Champion: CRM / VIP manager | Influencer/User: Casino/betting players, VIPs",P1_ABM_ICPSEQ-CRM-PLUM_US_EMAIL-LI_abmteam_05MAR27,CRM (Plum) buyer segment (1 use cases spanning Plum),Planned,,,"Job-title cluster - every use case mentioning 'CRM' anywhere in Buyer/Champion/Influencer is included, even if this title appears only once overall. Only use cases whose Target Geographies name this region are listed here (0 of 1 excluded as not applicable to this region). Needs account list built + Apollo enrichment before send."
,05-Mar-2027,Fri,ABM Team,Global,"Europe, LatAm",CRM (Plum),P1,ICP Persona Sequence,Plum,1 emails,"1. Casino / iGaming player rewards - Buyer: Head of CRM / VIP (operator) | Champion: CRM / VIP manager | Influencer/User: Casino/betting players, VIPs",P1_ABM_ICPSEQ-CRM-PLUM_GLOBAL_EMAIL-LI_abmteam_05MAR27,CRM (Plum) buyer segment (1 use cases spanning Plum),Planned,,,"Job-title cluster - every use case mentioning 'CRM' anywhere in Buyer/Champion/Influencer is included, even if this title appears only once overall. Only use cases whose Target Geographies name this region are listed here (0 of 1 excluded as not applicable to this region). Needs account list built + Apollo enrichment before send."
,08-Mar-2027,Mon,ABM Team,US,USA,CS (Plum),P1,ICP Persona Sequence,Plum,1 emails,"1. Client / customer gifting - Buyer: Head of Customer Success / Sales | Champion: CS / account manager | Influencer/User: Customers, key accounts",P1_ABM_ICPSEQ-CS-PLUM_US_EMAIL-LI_abmteam_08MAR27,CS (Plum) buyer segment (1 use cases spanning Plum),Planned,,,"Job-title cluster - every use case mentioning 'CS' anywhere in Buyer/Champion/Influencer is included, even if this title appears only once overall. Only use cases whose Target Geographies name this region are listed here (0 of 1 excluded as not applicable to this region). Needs account list built + Apollo enrichment before send."
,08-Mar-2027,Mon,ABM Team,ROW,"India, Middle East",CS (Plum),P1,ICP Persona Sequence,Plum,1 emails,"1. Client / customer gifting - Buyer: Head of Customer Success / Sales | Champion: CS / account manager | Influencer/User: Customers, key accounts",P1_ABM_ICPSEQ-CS-PLUM_ROW_EMAIL-LI_abmteam_08MAR27,CS (Plum) buyer segment (1 use cases spanning Plum),Planned,,,"Job-title cluster - every use case mentioning 'CS' anywhere in Buyer/Champion/Influencer is included, even if this title appears only once overall. Only use cases whose Target Geographies name this region are listed here (0 of 1 excluded as not applicable to this region). Needs account list built + Apollo enrichment before send."
,08-Mar-2027,Mon,ABM Team,Global,Europe,CS (Plum),P1,ICP Persona Sequence,Plum,1 emails,"1. Client / customer gifting - Buyer: Head of Customer Success / Sales | Champion: CS / account manager | Influencer/User: Customers, key accounts",P1_ABM_ICPSEQ-CS-PLUM_GLOBAL_EMAIL-LI_abmteam_08MAR27,CS (Plum) buyer segment (1 use cases spanning Plum),Planned,,,"Job-title cluster - every use case mentioning 'CS' anywhere in Buyer/Champion/Influencer is included, even if this title appears only once overall. Only use cases whose Target Geographies name this region are listed here (0 of 1 excluded as not applicable to this region). Needs account list built + Apollo enrichment before send."
,09-Mar-2027,Tue,ABM Team,US,USA,Claims ops (Plum),P1,ICP Persona Sequence,Plum,1 emails,"1. Insurance claims & benefit disbursements - Buyer: Head of Claims / COO | Champion: Claims ops | Influencer/User: Claimants, policyholders",P1_ABM_ICPSEQ-CLAIMS-OPS-PLUM_US_EMAIL-LI_abmteam_09MAR27,Claims ops (Plum) buyer segment (1 use cases spanning Plum),Planned,,,"Job-title cluster - every use case mentioning 'Claims ops' anywhere in Buyer/Champion/Influencer is included, even if this title appears only once overall. Only use cases whose Target Geographies name this region are listed here (0 of 1 excluded as not applicable to this region). Needs account list built + Apollo enrichment before send."
,09-Mar-2027,Tue,ABM Team,ROW,"India, Middle East",Claims ops (Plum),P1,ICP Persona Sequence,Plum,1 emails,"1. Insurance claims & benefit disbursements - Buyer: Head of Claims / COO | Champion: Claims ops | Influencer/User: Claimants, policyholders",P1_ABM_ICPSEQ-CLAIMS-OPS-PLUM_ROW_EMAIL-LI_abmteam_09MAR27,Claims ops (Plum) buyer segment (1 use cases spanning Plum),Planned,,,"Job-title cluster - every use case mentioning 'Claims ops' anywhere in Buyer/Champion/Influencer is included, even if this title appears only once overall. Only use cases whose Target Geographies name this region are listed here (0 of 1 excluded as not applicable to this region). Needs account list built + Apollo enrichment before send."
,10-Mar-2027,Wed,ABM Team,US,USA,Clinical ops lead (Plum),P1,ICP Persona Sequence,Plum,1 emails,"1. Clinical trial & healthcare participant incentives - Buyer: Clinical ops lead / Patient Engagement | Champion: Trial coordinator | Influencer/User: Trial participants, patients",P1_ABM_ICPSEQ-CLINICAL-OPS-LEAD-PL_US_EMAIL-LI_abmteam_10MAR27,Clinical ops lead (Plum) buyer segment (1 use cases spanning Plum),Planned,,,"Job-title cluster - every use case mentioning 'Clinical ops lead' anywhere in Buyer/Champion/Influencer is included, even if this title appears only once overall. Only use cases whose Target Geographies name this region are listed here (0 of 1 excluded as not applicable to this region). Needs account list built + Apollo enrichment before send."
,10-Mar-2027,Wed,ABM Team,Global,Europe,Clinical ops lead (Plum),P1,ICP Persona Sequence,Plum,1 emails,"1. Clinical trial & healthcare participant incentives - Buyer: Clinical ops lead / Patient Engagement | Champion: Trial coordinator | Influencer/User: Trial participants, patients",P1_ABM_ICPSEQ-CLINICAL-OPS-LEAD-PL_GLOBAL_EMAIL-LI_abmteam_10MAR27,Clinical ops lead (Plum) buyer segment (1 use cases spanning Plum),Planned,,,"Job-title cluster - every use case mentioning 'Clinical ops lead' anywhere in Buyer/Champion/Influencer is included, even if this title appears only once overall. Only use cases whose Target Geographies name this region are listed here (0 of 1 excluded as not applicable to this region). Needs account list built + Apollo enrichment before send."
,11-Mar-2027,Thu,ABM Team,US,USA,Community (Plum),P1,ICP Persona Sequence,Plum,1 emails,"1. Crypto / Web3 & digital-asset rewards - Buyer: Head of Growth / Community | Champion: Community manager | Influencer/User: Users, community members",P1_ABM_ICPSEQ-COMMUNITY-PLUM_US_EMAIL-LI_abmteam_11MAR27,Community (Plum) buyer segment (1 use cases spanning Plum),Planned,,,"Job-title cluster - every use case mentioning 'Community' anywhere in Buyer/Champion/Influencer is included, even if this title appears only once overall. Only use cases whose Target Geographies name this region are listed here (0 of 1 excluded as not applicable to this region). Needs account list built + Apollo enrichment before send."
,11-Mar-2027,Thu,ABM Team,ROW,"India, Middle East, SEA, Africa",Community (Plum),P1,ICP Persona Sequence,Plum,1 emails,"1. Crypto / Web3 & digital-asset rewards - Buyer: Head of Growth / Community | Champion: Community manager | Influencer/User: Users, community members",P1_ABM_ICPSEQ-COMMUNITY-PLUM_ROW_EMAIL-LI_abmteam_11MAR27,Community (Plum) buyer segment (1 use cases spanning Plum),Planned,,,"Job-title cluster - every use case mentioning 'Community' anywhere in Buyer/Champion/Influencer is included, even if this title appears only once overall. Only use cases whose Target Geographies name this region are listed here (0 of 1 excluded as not applicable to this region). Needs account list built + Apollo enrichment before send."
,11-Mar-2027,Thu,ABM Team,Global,Europe + rest of world,Community (Plum),P1,ICP Persona Sequence,Plum,1 emails,"1. Crypto / Web3 & digital-asset rewards - Buyer: Head of Growth / Community | Champion: Community manager | Influencer/User: Users, community members",P1_ABM_ICPSEQ-COMMUNITY-PLUM_GLOBAL_EMAIL-LI_abmteam_11MAR27,Community (Plum) buyer segment (1 use cases spanning Plum),Planned,,,"Job-title cluster - every use case mentioning 'Community' anywhere in Buyer/Champion/Influencer is included, even if this title appears only once overall. Only use cases whose Target Geographies name this region are listed here (0 of 1 excluded as not applicable to this region). Needs account list built + Apollo enrichment before send."
,12-Mar-2027,Fri,ABM Team,US,USA,Event marketing manager (Plum),P1,ICP Persona Sequence,Plum,1 emails,"1. Events & conference gifting - Buyer: Head of Events / Field Marketing | Champion: Event marketing manager | Influencer/User: Event attendees, webinar registrants",P1_ABM_ICPSEQ-EVENT-MARKETING-MANA_US_EMAIL-LI_abmteam_12MAR27,Event marketing manager (Plum) buyer segment (1 use cases spanning Plum),Planned,,,"Job-title cluster - every use case mentioning 'Event marketing manager' anywhere in Buyer/Champion/Influencer is included, even if this title appears only once overall. Only use cases whose Target Geographies name this region are listed here (0 of 1 excluded as not applicable to this region). Needs account list built + Apollo enrichment before send."
,12-Mar-2027,Fri,ABM Team,ROW,"India, Middle East",Event marketing manager (Plum),P1,ICP Persona Sequence,Plum,1 emails,"1. Events & conference gifting - Buyer: Head of Events / Field Marketing | Champion: Event marketing manager | Influencer/User: Event attendees, webinar registrants",P1_ABM_ICPSEQ-EVENT-MARKETING-MANA_ROW_EMAIL-LI_abmteam_12MAR27,Event marketing manager (Plum) buyer segment (1 use cases spanning Plum),Planned,,,"Job-title cluster - every use case mentioning 'Event marketing manager' anywhere in Buyer/Champion/Influencer is included, even if this title appears only once overall. Only use cases whose Target Geographies name this region are listed here (0 of 1 excluded as not applicable to this region). Needs account list built + Apollo enrichment before send."
,12-Mar-2027,Fri,ABM Team,Global,Europe,Event marketing manager (Plum),P1,ICP Persona Sequence,Plum,1 emails,"1. Events & conference gifting - Buyer: Head of Events / Field Marketing | Champion: Event marketing manager | Influencer/User: Event attendees, webinar registrants",P1_ABM_ICPSEQ-EVENT-MARKETING-MANA_GLOBAL_EMAIL-LI_abmteam_12MAR27,Event marketing manager (Plum) buyer segment (1 use cases spanning Plum),Planned,,,"Job-title cluster - every use case mentioning 'Event marketing manager' anywhere in Buyer/Champion/Influencer is included, even if this title appears only once overall. Only use cases whose Target Geographies name this region are listed here (0 of 1 excluded as not applicable to this region). Needs account list built + Apollo enrichment before send."
,15-Mar-2027,Mon,ABM Team,US,USA,Exec assistant (Plum),P1,ICP Persona Sequence,Plum,1 emails,"1. VIP / executive gifting - Buyer: Head of Marketing / Exec office | Champion: Exec assistant / marketing | Influencer/User: Executives, top clients, key partners",P1_ABM_ICPSEQ-EXEC-ASSISTANT-PLUM_US_EMAIL-LI_abmteam_15MAR27,Exec assistant (Plum) buyer segment (1 use cases spanning Plum),Planned,,,"Job-title cluster - every use case mentioning 'Exec assistant' anywhere in Buyer/Champion/Influencer is included, even if this title appears only once overall. Only use cases whose Target Geographies name this region are listed here (0 of 1 excluded as not applicable to this region). Needs account list built + Apollo enrichment before send."
,15-Mar-2027,Mon,ABM Team,ROW,Middle East,Exec assistant (Plum),P1,ICP Persona Sequence,Plum,1 emails,"1. VIP / executive gifting - Buyer: Head of Marketing / Exec office | Champion: Exec assistant / marketing | Influencer/User: Executives, top clients, key partners",P1_ABM_ICPSEQ-EXEC-ASSISTANT-PLUM_ROW_EMAIL-LI_abmteam_15MAR27,Exec assistant (Plum) buyer segment (1 use cases spanning Plum),Planned,,,"Job-title cluster - every use case mentioning 'Exec assistant' anywhere in Buyer/Champion/Influencer is included, even if this title appears only once overall. Only use cases whose Target Geographies name this region are listed here (0 of 1 excluded as not applicable to this region). Needs account list built + Apollo enrichment before send."
,15-Mar-2027,Mon,ABM Team,Global,Europe,Exec assistant (Plum),P1,ICP Persona Sequence,Plum,1 emails,"1. VIP / executive gifting - Buyer: Head of Marketing / Exec office | Champion: Exec assistant / marketing | Influencer/User: Executives, top clients, key partners",P1_ABM_ICPSEQ-EXEC-ASSISTANT-PLUM_GLOBAL_EMAIL-LI_abmteam_15MAR27,Exec assistant (Plum) buyer segment (1 use cases spanning Plum),Planned,,,"Job-title cluster - every use case mentioning 'Exec assistant' anywhere in Buyer/Champion/Influencer is included, even if this title appears only once overall. Only use cases whose Target Geographies name this region are listed here (0 of 1 excluded as not applicable to this region). Needs account list built + Apollo enrichment before send."
,16-Mar-2027,Tue,ABM Team,US,USA,Exec office (Plum),P1,ICP Persona Sequence,Plum,1 emails,"1. VIP / executive gifting - Buyer: Head of Marketing / Exec office | Champion: Exec assistant / marketing | Influencer/User: Executives, top clients, key partners",P1_ABM_ICPSEQ-EXEC-OFFICE-PLUM_US_EMAIL-LI_abmteam_16MAR27,Exec office (Plum) buyer segment (1 use cases spanning Plum),Planned,,,"Job-title cluster - every use case mentioning 'Exec office' anywhere in Buyer/Champion/Influencer is included, even if this title appears only once overall. Only use cases whose Target Geographies name this region are listed here (0 of 1 excluded as not applicable to this region). Needs account list built + Apollo enrichment before send."
,16-Mar-2027,Tue,ABM Team,ROW,Middle East,Exec office (Plum),P1,ICP Persona Sequence,Plum,1 emails,"1. VIP / executive gifting - Buyer: Head of Marketing / Exec office | Champion: Exec assistant / marketing | Influencer/User: Executives, top clients, key partners",P1_ABM_ICPSEQ-EXEC-OFFICE-PLUM_ROW_EMAIL-LI_abmteam_16MAR27,Exec office (Plum) buyer segment (1 use cases spanning Plum),Planned,,,"Job-title cluster - every use case mentioning 'Exec office' anywhere in Buyer/Champion/Influencer is included, even if this title appears only once overall. Only use cases whose Target Geographies name this region are listed here (0 of 1 excluded as not applicable to this region). Needs account list built + Apollo enrichment before send."
,16-Mar-2027,Tue,ABM Team,Global,Europe,Exec office (Plum),P1,ICP Persona Sequence,Plum,1 emails,"1. VIP / executive gifting - Buyer: Head of Marketing / Exec office | Champion: Exec assistant / marketing | Influencer/User: Executives, top clients, key partners",P1_ABM_ICPSEQ-EXEC-OFFICE-PLUM_GLOBAL_EMAIL-LI_abmteam_16MAR27,Exec office (Plum) buyer segment (1 use cases spanning Plum),Planned,,,"Job-title cluster - every use case mentioning 'Exec office' anywhere in Buyer/Champion/Influencer is included, even if this title appears only once overall. Only use cases whose Target Geographies name this region are listed here (0 of 1 excluded as not applicable to this region). Needs account list built + Apollo enrichment before send."
,17-Mar-2027,Wed,ABM Team,US,USA,Finance (Plum),P1,ICP Persona Sequence,Plum,1 emails,"1. Gig / creator / freelancer payouts - Buyer: Head of Ops / Finance | Champion: Payments PM | Influencer/User: Gig workers, creators, freelancers",P1_ABM_ICPSEQ-FINANCE-PLUM_US_EMAIL-LI_abmteam_17MAR27,Finance (Plum) buyer segment (1 use cases spanning Plum),Planned,,,"Job-title cluster - every use case mentioning 'Finance' anywhere in Buyer/Champion/Influencer is included, even if this title appears only once overall. Only use cases whose Target Geographies name this region are listed here (0 of 1 excluded as not applicable to this region). Needs account list built + Apollo enrichment before send."
,17-Mar-2027,Wed,ABM Team,ROW,"India, SEA",Finance (Plum),P1,ICP Persona Sequence,Plum,1 emails,"1. Gig / creator / freelancer payouts - Buyer: Head of Ops / Finance | Champion: Payments PM | Influencer/User: Gig workers, creators, freelancers",P1_ABM_ICPSEQ-FINANCE-PLUM_ROW_EMAIL-LI_abmteam_17MAR27,Finance (Plum) buyer segment (1 use cases spanning Plum),Planned,,,"Job-title cluster - every use case mentioning 'Finance' anywhere in Buyer/Champion/Influencer is included, even if this title appears only once overall. Only use cases whose Target Geographies name this region are listed here (0 of 1 excluded as not applicable to this region). Needs account list built + Apollo enrichment before send."
,17-Mar-2027,Wed,ABM Team,Global,Europe,Finance (Plum),P1,ICP Persona Sequence,Plum,1 emails,"1. Gig / creator / freelancer payouts - Buyer: Head of Ops / Finance | Champion: Payments PM | Influencer/User: Gig workers, creators, freelancers",P1_ABM_ICPSEQ-FINANCE-PLUM_GLOBAL_EMAIL-LI_abmteam_17MAR27,Finance (Plum) buyer segment (1 use cases spanning Plum),Planned,,,"Job-title cluster - every use case mentioning 'Finance' anywhere in Buyer/Champion/Influencer is included, even if this title appears only once overall. Only use cases whose Target Geographies name this region are listed here (0 of 1 excluded as not applicable to this region). Needs account list built + Apollo enrichment before send."
,18-Mar-2027,Thu,ABM Team,US,USA,Growth (Plum),P1,ICP Persona Sequence,Plum,1 emails,"1. Learning / training completion incentives - Buyer: Head of L&D / (edtech) Growth | Champion: Program manager | Influencer/User: Learners, employees, edtech users",P1_ABM_ICPSEQ-GROWTH-PLUM_US_EMAIL-LI_abmteam_18MAR27,Growth (Plum) buyer segment (1 use cases spanning Plum),Planned,,,"Job-title cluster - every use case mentioning 'Growth' anywhere in Buyer/Champion/Influencer is included, even if this title appears only once overall. Only use cases whose Target Geographies name this region are listed here (0 of 1 excluded as not applicable to this region). Needs account list built + Apollo enrichment before send."
,18-Mar-2027,Thu,ABM Team,ROW,"India, SEA",Growth (Plum),P1,ICP Persona Sequence,Plum,1 emails,"1. Learning / training completion incentives - Buyer: Head of L&D / (edtech) Growth | Champion: Program manager | Influencer/User: Learners, employees, edtech users",P1_ABM_ICPSEQ-GROWTH-PLUM_ROW_EMAIL-LI_abmteam_18MAR27,Growth (Plum) buyer segment (1 use cases spanning Plum),Planned,,,"Job-title cluster - every use case mentioning 'Growth' anywhere in Buyer/Champion/Influencer is included, even if this title appears only once overall. Only use cases whose Target Geographies name this region are listed here (0 of 1 excluded as not applicable to this region). Needs account list built + Apollo enrichment before send."
,19-Mar-2027,Fri,ABM Team,US,USA,Head of CRM (Plum),P1,ICP Persona Sequence,Plum,1 emails,"1. Casino / iGaming player rewards - Buyer: Head of CRM / VIP (operator) | Champion: CRM / VIP manager | Influencer/User: Casino/betting players, VIPs",P1_ABM_ICPSEQ-HEAD-OF-CRM-PLUM_US_EMAIL-LI_abmteam_19MAR27,Head of CRM (Plum) buyer segment (1 use cases spanning Plum),Planned,,,"Job-title cluster - every use case mentioning 'Head of CRM' anywhere in Buyer/Champion/Influencer is included, even if this title appears only once overall. Only use cases whose Target Geographies name this region are listed here (0 of 1 excluded as not applicable to this region). Needs account list built + Apollo enrichment before send."
,19-Mar-2027,Fri,ABM Team,Global,"Europe, LatAm",Head of CRM (Plum),P1,ICP Persona Sequence,Plum,1 emails,"1. Casino / iGaming player rewards - Buyer: Head of CRM / VIP (operator) | Champion: CRM / VIP manager | Influencer/User: Casino/betting players, VIPs",P1_ABM_ICPSEQ-HEAD-OF-CRM-PLUM_GLOBAL_EMAIL-LI_abmteam_19MAR27,Head of CRM (Plum) buyer segment (1 use cases spanning Plum),Planned,,,"Job-title cluster - every use case mentioning 'Head of CRM' anywhere in Buyer/Champion/Influencer is included, even if this title appears only once overall. Only use cases whose Target Geographies name this region are listed here (0 of 1 excluded as not applicable to this region). Needs account list built + Apollo enrichment before send."
,22-Mar-2027,Mon,ABM Team,US,USA,Head of Claims (Plum),P1,ICP Persona Sequence,Plum,1 emails,"1. Insurance claims & benefit disbursements - Buyer: Head of Claims / COO | Champion: Claims ops | Influencer/User: Claimants, policyholders",P1_ABM_ICPSEQ-HEAD-OF-CLAIMS-PLUM_US_EMAIL-LI_abmteam_22MAR27,Head of Claims (Plum) buyer segment (1 use cases spanning Plum),Planned,,,"Job-title cluster - every use case mentioning 'Head of Claims' anywhere in Buyer/Champion/Influencer is included, even if this title appears only once overall. Only use cases whose Target Geographies name this region are listed here (0 of 1 excluded as not applicable to this region). Needs account list built + Apollo enrichment before send."
,22-Mar-2027,Mon,ABM Team,ROW,"India, Middle East",Head of Claims (Plum),P1,ICP Persona Sequence,Plum,1 emails,"1. Insurance claims & benefit disbursements - Buyer: Head of Claims / COO | Champion: Claims ops | Influencer/User: Claimants, policyholders",P1_ABM_ICPSEQ-HEAD-OF-CLAIMS-PLUM_ROW_EMAIL-LI_abmteam_22MAR27,Head of Claims (Plum) buyer segment (1 use cases spanning Plum),Planned,,,"Job-title cluster - every use case mentioning 'Head of Claims' anywhere in Buyer/Champion/Influencer is included, even if this title appears only once overall. Only use cases whose Target Geographies name this region are listed here (0 of 1 excluded as not applicable to this region). Needs account list built + Apollo enrichment before send."
,23-Mar-2027,Tue,ABM Team,US,USA,Head of Customer Success (Plum),P1,ICP Persona Sequence,Plum,1 emails,"1. Client / customer gifting - Buyer: Head of Customer Success / Sales | Champion: CS / account manager | Influencer/User: Customers, key accounts",P1_ABM_ICPSEQ-HEAD-OF-CUSTOMER-SUC_US_EMAIL-LI_abmteam_23MAR27,Head of Customer Success (Plum) buyer segment (1 use cases spanning Plum),Planned,,,"Job-title cluster - every use case mentioning 'Head of Customer Success' anywhere in Buyer/Champion/Influencer is included, even if this title appears only once overall. Only use cases whose Target Geographies name this region are listed here (0 of 1 excluded as not applicable to this region). Needs account list built + Apollo enrichment before send."
,23-Mar-2027,Tue,ABM Team,ROW,"India, Middle East",Head of Customer Success (Plum),P1,ICP Persona Sequence,Plum,1 emails,"1. Client / customer gifting - Buyer: Head of Customer Success / Sales | Champion: CS / account manager | Influencer/User: Customers, key accounts",P1_ABM_ICPSEQ-HEAD-OF-CUSTOMER-SUC_ROW_EMAIL-LI_abmteam_23MAR27,Head of Customer Success (Plum) buyer segment (1 use cases spanning Plum),Planned,,,"Job-title cluster - every use case mentioning 'Head of Customer Success' anywhere in Buyer/Champion/Influencer is included, even if this title appears only once overall. Only use cases whose Target Geographies name this region are listed here (0 of 1 excluded as not applicable to this region). Needs account list built + Apollo enrichment before send."
,23-Mar-2027,Tue,ABM Team,Global,Europe,Head of Customer Success (Plum),P1,ICP Persona Sequence,Plum,1 emails,"1. Client / customer gifting - Buyer: Head of Customer Success / Sales | Champion: CS / account manager | Influencer/User: Customers, key accounts",P1_ABM_ICPSEQ-HEAD-OF-CUSTOMER-SUC_GLOBAL_EMAIL-LI_abmteam_23MAR27,Head of Customer Success (Plum) buyer segment (1 use cases spanning Plum),Planned,,,"Job-title cluster - every use case mentioning 'Head of Customer Success' anywhere in Buyer/Champion/Influencer is included, even if this title appears only once overall. Only use cases whose Target Geographies name this region are listed here (0 of 1 excluded as not applicable to this region). Needs account list built + Apollo enrichment before send."
,24-Mar-2027,Wed,ABM Team,US,USA,Head of Events (Plum),P1,ICP Persona Sequence,Plum,1 emails,"1. Events & conference gifting - Buyer: Head of Events / Field Marketing | Champion: Event marketing manager | Influencer/User: Event attendees, webinar registrants",P1_ABM_ICPSEQ-HEAD-OF-EVENTS-PLUM_US_EMAIL-LI_abmteam_24MAR27,Head of Events (Plum) buyer segment (1 use cases spanning Plum),Planned,,,"Job-title cluster - every use case mentioning 'Head of Events' anywhere in Buyer/Champion/Influencer is included, even if this title appears only once overall. Only use cases whose Target Geographies name this region are listed here (0 of 1 excluded as not applicable to this region). Needs account list built + Apollo enrichment before send."
,24-Mar-2027,Wed,ABM Team,ROW,"India, Middle East",Head of Events (Plum),P1,ICP Persona Sequence,Plum,1 emails,"1. Events & conference gifting - Buyer: Head of Events / Field Marketing | Champion: Event marketing manager | Influencer/User: Event attendees, webinar registrants",P1_ABM_ICPSEQ-HEAD-OF-EVENTS-PLUM_ROW_EMAIL-LI_abmteam_24MAR27,Head of Events (Plum) buyer segment (1 use cases spanning Plum),Planned,,,"Job-title cluster - every use case mentioning 'Head of Events' anywhere in Buyer/Champion/Influencer is included, even if this title appears only once overall. Only use cases whose Target Geographies name this region are listed here (0 of 1 excluded as not applicable to this region). Needs account list built + Apollo enrichment before send."
,24-Mar-2027,Wed,ABM Team,Global,Europe,Head of Events (Plum),P1,ICP Persona Sequence,Plum,1 emails,"1. Events & conference gifting - Buyer: Head of Events / Field Marketing | Champion: Event marketing manager | Influencer/User: Event attendees, webinar registrants",P1_ABM_ICPSEQ-HEAD-OF-EVENTS-PLUM_GLOBAL_EMAIL-LI_abmteam_24MAR27,Head of Events (Plum) buyer segment (1 use cases spanning Plum),Planned,,,"Job-title cluster - every use case mentioning 'Head of Events' anywhere in Buyer/Champion/Influencer is included, even if this title appears only once overall. Only use cases whose Target Geographies name this region are listed here (0 of 1 excluded as not applicable to this region). Needs account list built + Apollo enrichment before send."
,25-Mar-2027,Thu,ABM Team,US,USA,Head of HR (Plum),P1,ICP Persona Sequence,Plum,1 emails,"1. Festive / festival gifting - Buyer: Head of HR / Marketing / Admin | Champion: HR ops / admin | Influencer/User: Employees, clients, channel partners",P1_ABM_ICPSEQ-HEAD-OF-HR-PLUM_US_EMAIL-LI_abmteam_25MAR27,Head of HR (Plum) buyer segment (1 use cases spanning Plum),Planned,,,"Job-title cluster - every use case mentioning 'Head of HR' anywhere in Buyer/Champion/Influencer is included, even if this title appears only once overall. Only use cases whose Target Geographies name this region are listed here (0 of 1 excluded as not applicable to this region). Needs account list built + Apollo enrichment before send."
,25-Mar-2027,Thu,ABM Team,ROW,"India, Middle East, SEA",Head of HR (Plum),P1,ICP Persona Sequence,Plum,1 emails,"1. Festive / festival gifting - Buyer: Head of HR / Marketing / Admin | Champion: HR ops / admin | Influencer/User: Employees, clients, channel partners",P1_ABM_ICPSEQ-HEAD-OF-HR-PLUM_ROW_EMAIL-LI_abmteam_25MAR27,Head of HR (Plum) buyer segment (1 use cases spanning Plum),Planned,,,"Job-title cluster - every use case mentioning 'Head of HR' anywhere in Buyer/Champion/Influencer is included, even if this title appears only once overall. Only use cases whose Target Geographies name this region are listed here (0 of 1 excluded as not applicable to this region). Needs account list built + Apollo enrichment before send."
,25-Mar-2027,Thu,ABM Team,Global,Europe,Head of HR (Plum),P1,ICP Persona Sequence,Plum,1 emails,"1. Festive / festival gifting - Buyer: Head of HR / Marketing / Admin | Champion: HR ops / admin | Influencer/User: Employees, clients, channel partners",P1_ABM_ICPSEQ-HEAD-OF-HR-PLUM_GLOBAL_EMAIL-LI_abmteam_25MAR27,Head of HR (Plum) buyer segment (1 use cases spanning Plum),Planned,,,"Job-title cluster - every use case mentioning 'Head of HR' anywhere in Buyer/Champion/Influencer is included, even if this title appears only once overall. Only use cases whose Target Geographies name this region are listed here (0 of 1 excluded as not applicable to this region). Needs account list built + Apollo enrichment before send."
,26-Mar-2027,Fri,ABM Team,US,USA,Head of L&D (Plum),P1,ICP Persona Sequence,Plum,1 emails,"1. Learning / training completion incentives - Buyer: Head of L&D / (edtech) Growth | Champion: Program manager | Influencer/User: Learners, employees, edtech users",P1_ABM_ICPSEQ-HEAD-OF-L-D-PLUM_US_EMAIL-LI_abmteam_26MAR27,Head of L&D (Plum) buyer segment (1 use cases spanning Plum),Planned,,,"Job-title cluster - every use case mentioning 'Head of L&D' anywhere in Buyer/Champion/Influencer is included, even if this title appears only once overall. Only use cases whose Target Geographies name this region are listed here (0 of 1 excluded as not applicable to this region). Needs account list built + Apollo enrichment before send."
,26-Mar-2027,Fri,ABM Team,ROW,"India, SEA",Head of L&D (Plum),P1,ICP Persona Sequence,Plum,1 emails,"1. Learning / training completion incentives - Buyer: Head of L&D / (edtech) Growth | Champion: Program manager | Influencer/User: Learners, employees, edtech users",P1_ABM_ICPSEQ-HEAD-OF-L-D-PLUM_ROW_EMAIL-LI_abmteam_26MAR27,Head of L&D (Plum) buyer segment (1 use cases spanning Plum),Planned,,,"Job-title cluster - every use case mentioning 'Head of L&D' anywhere in Buyer/Champion/Influencer is included, even if this title appears only once overall. Only use cases whose Target Geographies name this region are listed here (0 of 1 excluded as not applicable to this region). Needs account list built + Apollo enrichment before send."
,29-Mar-2027,Mon,ABM Team,US,USA,Head of Loyalty (Plum),P1,ICP Persona Sequence,Plum,1 emails,"1. Real estate / resident rewards - Buyer: Head of Loyalty (proptech) / multifamily operator marketing | Champion: Resident-experience manager | Influencer/User: Renters, residents, tenants",P1_ABM_ICPSEQ-HEAD-OF-LOYALTY-PLUM_US_EMAIL-LI_abmteam_29MAR27,Head of Loyalty (Plum) buyer segment (1 use cases spanning Plum),Planned,,,"Job-title cluster - every use case mentioning 'Head of Loyalty' anywhere in Buyer/Champion/Influencer is included, even if this title appears only once overall. Only use cases whose Target Geographies name this region are listed here (0 of 1 excluded as not applicable to this region). Needs account list built + Apollo enrichment before send."
,29-Mar-2027,Mon,ABM Team,Global,Europe,Head of Loyalty (Plum),P1,ICP Persona Sequence,Plum,1 emails,"1. Real estate / resident rewards - Buyer: Head of Loyalty (proptech) / multifamily operator marketing | Champion: Resident-experience manager | Influencer/User: Renters, residents, tenants",P1_ABM_ICPSEQ-HEAD-OF-LOYALTY-PLUM_GLOBAL_EMAIL-LI_abmteam_29MAR27,Head of Loyalty (Plum) buyer segment (1 use cases spanning Plum),Planned,,,"Job-title cluster - every use case mentioning 'Head of Loyalty' anywhere in Buyer/Champion/Influencer is included, even if this title appears only once overall. Only use cases whose Target Geographies name this region are listed here (0 of 1 excluded as not applicable to this region). Needs account list built + Apollo enrichment before send."
,30-Mar-2027,Tue,ABM Team,US,USA,Head of Monetization (Plum),P1,ICP Persona Sequence,Plum,1 emails,"1. Gaming rewards - Buyer: Head of Monetization / Live-ops | Champion: Live-ops manager | Influencer/User: Players, gamers, esports participants",P1_ABM_ICPSEQ-HEAD-OF-MONETIZATION_US_EMAIL-LI_abmteam_30MAR27,Head of Monetization (Plum) buyer segment (1 use cases spanning Plum),Planned,,,"Job-title cluster - every use case mentioning 'Head of Monetization' anywhere in Buyer/Champion/Influencer is included, even if this title appears only once overall. Only use cases whose Target Geographies name this region are listed here (0 of 1 excluded as not applicable to this region). Needs account list built + Apollo enrichment before send."
,30-Mar-2027,Tue,ABM Team,ROW,"India, Middle East, SEA, Africa",Head of Monetization (Plum),P1,ICP Persona Sequence,Plum,1 emails,"1. Gaming rewards - Buyer: Head of Monetization / Live-ops | Champion: Live-ops manager | Influencer/User: Players, gamers, esports participants",P1_ABM_ICPSEQ-HEAD-OF-MONETIZATION_ROW_EMAIL-LI_abmteam_30MAR27,Head of Monetization (Plum) buyer segment (1 use cases spanning Plum),Planned,,,"Job-title cluster - every use case mentioning 'Head of Monetization' anywhere in Buyer/Champion/Influencer is included, even if this title appears only once overall. Only use cases whose Target Geographies name this region are listed here (0 of 1 excluded as not applicable to this region). Needs account list built + Apollo enrichment before send."
,30-Mar-2027,Tue,ABM Team,Global,Europe + rest of world,Head of Monetization (Plum),P1,ICP Persona Sequence,Plum,1 emails,"1. Gaming rewards - Buyer: Head of Monetization / Live-ops | Champion: Live-ops manager | Influencer/User: Players, gamers, esports participants",P1_ABM_ICPSEQ-HEAD-OF-MONETIZATION_GLOBAL_EMAIL-LI_abmteam_30MAR27,Head of Monetization (Plum) buyer segment (1 use cases spanning Plum),Planned,,,"Job-title cluster - every use case mentioning 'Head of Monetization' anywhere in Buyer/Champion/Influencer is included, even if this title appears only once overall. Only use cases whose Target Geographies name this region are listed here (0 of 1 excluded as not applicable to this region). Needs account list built + Apollo enrichment before send."
,31-Mar-2027,Wed,ABM Team,US,USA,Head of Ops (Plum),P1,ICP Persona Sequence,Plum,1 emails,"1. Gig / creator / freelancer payouts - Buyer: Head of Ops / Finance | Champion: Payments PM | Influencer/User: Gig workers, creators, freelancers",P1_ABM_ICPSEQ-HEAD-OF-OPS-PLUM_US_EMAIL-LI_abmteam_31MAR27,Head of Ops (Plum) buyer segment (1 use cases spanning Plum),Planned,,,"Job-title cluster - every use case mentioning 'Head of Ops' anywhere in Buyer/Champion/Influencer is included, even if this title appears only once overall. Only use cases whose Target Geographies name this region are listed here (0 of 1 excluded as not applicable to this region). Needs account list built + Apollo enrichment before send."
,31-Mar-2027,Wed,ABM Team,ROW,"India, SEA",Head of Ops (Plum),P1,ICP Persona Sequence,Plum,1 emails,"1. Gig / creator / freelancer payouts - Buyer: Head of Ops / Finance | Champion: Payments PM | Influencer/User: Gig workers, creators, freelancers",P1_ABM_ICPSEQ-HEAD-OF-OPS-PLUM_ROW_EMAIL-LI_abmteam_31MAR27,Head of Ops (Plum) buyer segment (1 use cases spanning Plum),Planned,,,"Job-title cluster - every use case mentioning 'Head of Ops' anywhere in Buyer/Champion/Influencer is included, even if this title appears only once overall. Only use cases whose Target Geographies name this region are listed here (0 of 1 excluded as not applicable to this region). Needs account list built + Apollo enrichment before send."
,31-Mar-2027,Wed,ABM Team,Global,Europe,Head of Ops (Plum),P1,ICP Persona Sequence,Plum,1 emails,"1. Gig / creator / freelancer payouts - Buyer: Head of Ops / Finance | Champion: Payments PM | Influencer/User: Gig workers, creators, freelancers",P1_ABM_ICPSEQ-HEAD-OF-OPS-PLUM_GLOBAL_EMAIL-LI_abmteam_31MAR27,Head of Ops (Plum) buyer segment (1 use cases spanning Plum),Planned,,,"Job-title cluster - every use case mentioning 'Head of Ops' anywhere in Buyer/Champion/Influencer is included, even if this title appears only once overall. Only use cases whose Target Geographies name this region are listed here (0 of 1 excluded as not applicable to this region). Needs account list built + Apollo enrichment before send."
,01-Apr-2027,Thu,ABM Team,US,USA,Head of Partnerships (Plum),P1,ICP Persona Sequence,Plum,1 emails,"1. Affiliate & partner payouts - Buyer: Head of Partnerships | Champion: Affiliate manager | Influencer/User: Affiliates, partners",P1_ABM_ICPSEQ-HEAD-OF-PARTNERSHIPS_US_EMAIL-LI_abmteam_01APR27,Head of Partnerships (Plum) buyer segment (1 use cases spanning Plum),Planned,,,"Job-title cluster - every use case mentioning 'Head of Partnerships' anywhere in Buyer/Champion/Influencer is included, even if this title appears only once overall. Only use cases whose Target Geographies name this region are listed here (0 of 1 excluded as not applicable to this region). Needs account list built + Apollo enrichment before send."
,01-Apr-2027,Thu,ABM Team,ROW,India,Head of Partnerships (Plum),P1,ICP Persona Sequence,Plum,1 emails,"1. Affiliate & partner payouts - Buyer: Head of Partnerships | Champion: Affiliate manager | Influencer/User: Affiliates, partners",P1_ABM_ICPSEQ-HEAD-OF-PARTNERSHIPS_ROW_EMAIL-LI_abmteam_01APR27,Head of Partnerships (Plum) buyer segment (1 use cases spanning Plum),Planned,,,"Job-title cluster - every use case mentioning 'Head of Partnerships' anywhere in Buyer/Champion/Influencer is included, even if this title appears only once overall. Only use cases whose Target Geographies name this region are listed here (0 of 1 excluded as not applicable to this region). Needs account list built + Apollo enrichment before send."
,01-Apr-2027,Thu,ABM Team,Global,Europe,Head of Partnerships (Plum),P1,ICP Persona Sequence,Plum,1 emails,"1. Affiliate & partner payouts - Buyer: Head of Partnerships | Champion: Affiliate manager | Influencer/User: Affiliates, partners",P1_ABM_ICPSEQ-HEAD-OF-PARTNERSHIPS_GLOBAL_EMAIL-LI_abmteam_01APR27,Head of Partnerships (Plum) buyer segment (1 use cases spanning Plum),Planned,,,"Job-title cluster - every use case mentioning 'Head of Partnerships' anywhere in Buyer/Champion/Influencer is included, even if this title appears only once overall. Only use cases whose Target Geographies name this region are listed here (0 of 1 excluded as not applicable to this region). Needs account list built + Apollo enrichment before send."
,02-Apr-2027,Fri,ABM Team,US,USA,Head of Payments (Plum),P1,ICP Persona Sequence,Plum,1 emails,1. Global payouts (choice-based) - Buyer: CFO / Head of Payments | Champion: Finance ops | Influencer/User: Mixed recipients worldwide,P1_ABM_ICPSEQ-HEAD-OF-PAYMENTS-PLU_US_EMAIL-LI_abmteam_02APR27,Head of Payments (Plum) buyer segment (1 use cases spanning Plum),Planned,,,"Job-title cluster - every use case mentioning 'Head of Payments' anywhere in Buyer/Champion/Influencer is included, even if this title appears only once overall. Only use cases whose Target Geographies name this region are listed here (0 of 1 excluded as not applicable to this region). Needs account list built + Apollo enrichment before send."
,02-Apr-2027,Fri,ABM Team,ROW,"India, Middle East, SEA, Africa",Head of Payments (Plum),P1,ICP Persona Sequence,Plum,1 emails,1. Global payouts (choice-based) - Buyer: CFO / Head of Payments | Champion: Finance ops | Influencer/User: Mixed recipients worldwide,P1_ABM_ICPSEQ-HEAD-OF-PAYMENTS-PLU_ROW_EMAIL-LI_abmteam_02APR27,Head of Payments (Plum) buyer segment (1 use cases spanning Plum),Planned,,,"Job-title cluster - every use case mentioning 'Head of Payments' anywhere in Buyer/Champion/Influencer is included, even if this title appears only once overall. Only use cases whose Target Geographies name this region are listed here (0 of 1 excluded as not applicable to this region). Needs account list built + Apollo enrichment before send."
,02-Apr-2027,Fri,ABM Team,Global,Europe + rest of world,Head of Payments (Plum),P1,ICP Persona Sequence,Plum,1 emails,1. Global payouts (choice-based) - Buyer: CFO / Head of Payments | Champion: Finance ops | Influencer/User: Mixed recipients worldwide,P1_ABM_ICPSEQ-HEAD-OF-PAYMENTS-PLU_GLOBAL_EMAIL-LI_abmteam_02APR27,Head of Payments (Plum) buyer segment (1 use cases spanning Plum),Planned,,,"Job-title cluster - every use case mentioning 'Head of Payments' anywhere in Buyer/Champion/Influencer is included, even if this title appears only once overall. Only use cases whose Target Geographies name this region are listed here (0 of 1 excluded as not applicable to this region). Needs account list built + Apollo enrichment before send."
,05-Apr-2027,Mon,ABM Team,US,USA,Head of Total Rewards (Plum),P1,ICP Persona Sequence,Plum,1 emails,1. Employee gifting - Buyer: CHRO / Head of Total Rewards | Champion: HR ops | Influencer/User: Employees,P1_ABM_ICPSEQ-HEAD-OF-TOTAL-REWARD_US_EMAIL-LI_abmteam_05APR27,Head of Total Rewards (Plum) buyer segment (1 use cases spanning Plum),Planned,,,"Job-title cluster - every use case mentioning 'Head of Total Rewards' anywhere in Buyer/Champion/Influencer is included, even if this title appears only once overall. Only use cases whose Target Geographies name this region are listed here (0 of 1 excluded as not applicable to this region). Needs account list built + Apollo enrichment before send."
,05-Apr-2027,Mon,ABM Team,ROW,"India, Middle East, SEA, Africa",Head of Total Rewards (Plum),P1,ICP Persona Sequence,Plum,1 emails,1. Employee gifting - Buyer: CHRO / Head of Total Rewards | Champion: HR ops | Influencer/User: Employees,P1_ABM_ICPSEQ-HEAD-OF-TOTAL-REWARD_ROW_EMAIL-LI_abmteam_05APR27,Head of Total Rewards (Plum) buyer segment (1 use cases spanning Plum),Planned,,,"Job-title cluster - every use case mentioning 'Head of Total Rewards' anywhere in Buyer/Champion/Influencer is included, even if this title appears only once overall. Only use cases whose Target Geographies name this region are listed here (0 of 1 excluded as not applicable to this region). Needs account list built + Apollo enrichment before send."
,05-Apr-2027,Mon,ABM Team,Global,Europe + rest of world,Head of Total Rewards (Plum),P1,ICP Persona Sequence,Plum,1 emails,1. Employee gifting - Buyer: CHRO / Head of Total Rewards | Champion: HR ops | Influencer/User: Employees,P1_ABM_ICPSEQ-HEAD-OF-TOTAL-REWARD_GLOBAL_EMAIL-LI_abmteam_05APR27,Head of Total Rewards (Plum) buyer segment (1 use cases spanning Plum),Planned,,,"Job-title cluster - every use case mentioning 'Head of Total Rewards' anywhere in Buyer/Champion/Influencer is included, even if this title appears only once overall. Only use cases whose Target Geographies name this region are listed here (0 of 1 excluded as not applicable to this region). Needs account list built + Apollo enrichment before send."
,06-Apr-2027,Tue,ABM Team,US,USA,Head of UX Research (Plum),P1,ICP Persona Sequence,Plum,1 emails,"1. UX / product research incentives - Buyer: Head of UX Research / Product Ops | Champion: Research ops | Influencer/User: Research participants, testers",P1_ABM_ICPSEQ-HEAD-OF-UX-RESEARCH_US_EMAIL-LI_abmteam_06APR27,Head of UX Research (Plum) buyer segment (1 use cases spanning Plum),Planned,,,"Job-title cluster - every use case mentioning 'Head of UX Research' anywhere in Buyer/Champion/Influencer is included, even if this title appears only once overall. Only use cases whose Target Geographies name this region are listed here (0 of 1 excluded as not applicable to this region). Needs account list built + Apollo enrichment before send."
,06-Apr-2027,Tue,ABM Team,ROW,India,Head of UX Research (Plum),P1,ICP Persona Sequence,Plum,1 emails,"1. UX / product research incentives - Buyer: Head of UX Research / Product Ops | Champion: Research ops | Influencer/User: Research participants, testers",P1_ABM_ICPSEQ-HEAD-OF-UX-RESEARCH_ROW_EMAIL-LI_abmteam_06APR27,Head of UX Research (Plum) buyer segment (1 use cases spanning Plum),Planned,,,"Job-title cluster - every use case mentioning 'Head of UX Research' anywhere in Buyer/Champion/Influencer is included, even if this title appears only once overall. Only use cases whose Target Geographies name this region are listed here (0 of 1 excluded as not applicable to this region). Needs account list built + Apollo enrichment before send."
,06-Apr-2027,Tue,ABM Team,Global,Europe,Head of UX Research (Plum),P1,ICP Persona Sequence,Plum,1 emails,"1. UX / product research incentives - Buyer: Head of UX Research / Product Ops | Champion: Research ops | Influencer/User: Research participants, testers",P1_ABM_ICPSEQ-HEAD-OF-UX-RESEARCH_GLOBAL_EMAIL-LI_abmteam_06APR27,Head of UX Research (Plum) buyer segment (1 use cases spanning Plum),Planned,,,"Job-title cluster - every use case mentioning 'Head of UX Research' anywhere in Buyer/Champion/Influencer is included, even if this title appears only once overall. Only use cases whose Target Geographies name this region are listed here (0 of 1 excluded as not applicable to this region). Needs account list built + Apollo enrichment before send."
,07-Apr-2027,Wed,ABM Team,US,USA,Head of Wellbeing (Plum),P1,ICP Persona Sequence,Plum,1 emails,1. Employee wellness & health incentives - Buyer: Head of Wellbeing / (insurer) Member Engagement | Champion: Wellness program manager | Influencer/User: Employees; insurer members,P1_ABM_ICPSEQ-HEAD-OF-WELLBEING-PL_US_EMAIL-LI_abmteam_07APR27,Head of Wellbeing (Plum) buyer segment (1 use cases spanning Plum),Planned,,,"Job-title cluster - every use case mentioning 'Head of Wellbeing' anywhere in Buyer/Champion/Influencer is included, even if this title appears only once overall. Only use cases whose Target Geographies name this region are listed here (0 of 1 excluded as not applicable to this region). Needs account list built + Apollo enrichment before send."
,07-Apr-2027,Wed,ABM Team,ROW,"India, Middle East",Head of Wellbeing (Plum),P1,ICP Persona Sequence,Plum,1 emails,1. Employee wellness & health incentives - Buyer: Head of Wellbeing / (insurer) Member Engagement | Champion: Wellness program manager | Influencer/User: Employees; insurer members,P1_ABM_ICPSEQ-HEAD-OF-WELLBEING-PL_ROW_EMAIL-LI_abmteam_07APR27,Head of Wellbeing (Plum) buyer segment (1 use cases spanning Plum),Planned,,,"Job-title cluster - every use case mentioning 'Head of Wellbeing' anywhere in Buyer/Champion/Influencer is included, even if this title appears only once overall. Only use cases whose Target Geographies name this region are listed here (0 of 1 excluded as not applicable to this region). Needs account list built + Apollo enrichment before send."
,07-Apr-2027,Wed,ABM Team,Global,Europe,Head of Wellbeing (Plum),P1,ICP Persona Sequence,Plum,1 emails,1. Employee wellness & health incentives - Buyer: Head of Wellbeing / (insurer) Member Engagement | Champion: Wellness program manager | Influencer/User: Employees; insurer members,P1_ABM_ICPSEQ-HEAD-OF-WELLBEING-PL_GLOBAL_EMAIL-LI_abmteam_07APR27,Head of Wellbeing (Plum) buyer segment (1 use cases spanning Plum),Planned,,,"Job-title cluster - every use case mentioning 'Head of Wellbeing' anywhere in Buyer/Champion/Influencer is included, even if this title appears only once overall. Only use cases whose Target Geographies name this region are listed here (0 of 1 excluded as not applicable to this region). Needs account list built + Apollo enrichment before send."
,08-Apr-2027,Thu,ABM Team,US,USA,Legal ops (Plum),P1,ICP Persona Sequence,Plum,1 emails,1. Legal settlements / class-action payouts - Buyer: Settlement administrator / Legal ops | Champion: Ops manager | Influencer/User: Claimants,P1_ABM_ICPSEQ-LEGAL-OPS-PLUM_US_EMAIL-LI_abmteam_08APR27,Legal ops (Plum) buyer segment (1 use cases spanning Plum),Planned,,,"Job-title cluster - every use case mentioning 'Legal ops' anywhere in Buyer/Champion/Influencer is included, even if this title appears only once overall. Only use cases whose Target Geographies name this region are listed here (0 of 1 excluded as not applicable to this region). Needs account list built + Apollo enrichment before send."
,08-Apr-2027,Thu,ABM Team,Global,Europe,Legal ops (Plum),P1,ICP Persona Sequence,Plum,1 emails,1. Legal settlements / class-action payouts - Buyer: Settlement administrator / Legal ops | Champion: Ops manager | Influencer/User: Claimants,P1_ABM_ICPSEQ-LEGAL-OPS-PLUM_GLOBAL_EMAIL-LI_abmteam_08APR27,Legal ops (Plum) buyer segment (1 use cases spanning Plum),Planned,,,"Job-title cluster - every use case mentioning 'Legal ops' anywhere in Buyer/Champion/Influencer is included, even if this title appears only once overall. Only use cases whose Target Geographies name this region are listed here (0 of 1 excluded as not applicable to this region). Needs account list built + Apollo enrichment before send."
,09-Apr-2027,Fri,ABM Team,US,USA,Lifecycle (Plum),P1,ICP Persona Sequence,Plum,1 emails,"1. Referral rewards - Buyer: Head of Growth / CMO | Champion: Lifecycle / growth manager | Influencer/User: Referrers (customers, advocates)",P1_ABM_ICPSEQ-LIFECYCLE-PLUM_US_EMAIL-LI_abmteam_09APR27,Lifecycle (Plum) buyer segment (1 use cases spanning Plum),Planned,,,"Job-title cluster - every use case mentioning 'Lifecycle' anywhere in Buyer/Champion/Influencer is included, even if this title appears only once overall. Only use cases whose Target Geographies name this region are listed here (0 of 1 excluded as not applicable to this region). Needs account list built + Apollo enrichment before send."
,09-Apr-2027,Fri,ABM Team,ROW,"India, Middle East, SEA, Africa",Lifecycle (Plum),P1,ICP Persona Sequence,Plum,1 emails,"1. Referral rewards - Buyer: Head of Growth / CMO | Champion: Lifecycle / growth manager | Influencer/User: Referrers (customers, advocates)",P1_ABM_ICPSEQ-LIFECYCLE-PLUM_ROW_EMAIL-LI_abmteam_09APR27,Lifecycle (Plum) buyer segment (1 use cases spanning Plum),Planned,,,"Job-title cluster - every use case mentioning 'Lifecycle' anywhere in Buyer/Champion/Influencer is included, even if this title appears only once overall. Only use cases whose Target Geographies name this region are listed here (0 of 1 excluded as not applicable to this region). Needs account list built + Apollo enrichment before send."
,09-Apr-2027,Fri,ABM Team,Global,Europe + rest of world,Lifecycle (Plum),P1,ICP Persona Sequence,Plum,1 emails,"1. Referral rewards - Buyer: Head of Growth / CMO | Champion: Lifecycle / growth manager | Influencer/User: Referrers (customers, advocates)",P1_ABM_ICPSEQ-LIFECYCLE-PLUM_GLOBAL_EMAIL-LI_abmteam_09APR27,Lifecycle (Plum) buyer segment (1 use cases spanning Plum),Planned,,,"Job-title cluster - every use case mentioning 'Lifecycle' anywhere in Buyer/Champion/Influencer is included, even if this title appears only once overall. Only use cases whose Target Geographies name this region are listed here (0 of 1 excluded as not applicable to this region). Needs account list built + Apollo enrichment before send."
,12-Apr-2027,Mon,ABM Team,US,USA,Live-ops (Plum),P1,ICP Persona Sequence,Plum,1 emails,"1. Gaming rewards - Buyer: Head of Monetization / Live-ops | Champion: Live-ops manager | Influencer/User: Players, gamers, esports participants",P1_ABM_ICPSEQ-LIVE-OPS-PLUM_US_EMAIL-LI_abmteam_12APR27,Live-ops (Plum) buyer segment (1 use cases spanning Plum),Planned,,,"Job-title cluster - every use case mentioning 'Live-ops' anywhere in Buyer/Champion/Influencer is included, even if this title appears only once overall. Only use cases whose Target Geographies name this region are listed here (0 of 1 excluded as not applicable to this region). Needs account list built + Apollo enrichment before send."
,12-Apr-2027,Mon,ABM Team,ROW,"India, Middle East, SEA, Africa",Live-ops (Plum),P1,ICP Persona Sequence,Plum,1 emails,"1. Gaming rewards - Buyer: Head of Monetization / Live-ops | Champion: Live-ops manager | Influencer/User: Players, gamers, esports participants",P1_ABM_ICPSEQ-LIVE-OPS-PLUM_ROW_EMAIL-LI_abmteam_12APR27,Live-ops (Plum) buyer segment (1 use cases spanning Plum),Planned,,,"Job-title cluster - every use case mentioning 'Live-ops' anywhere in Buyer/Champion/Influencer is included, even if this title appears only once overall. Only use cases whose Target Geographies name this region are listed here (0 of 1 excluded as not applicable to this region). Needs account list built + Apollo enrichment before send."
,12-Apr-2027,Mon,ABM Team,Global,Europe + rest of world,Live-ops (Plum),P1,ICP Persona Sequence,Plum,1 emails,"1. Gaming rewards - Buyer: Head of Monetization / Live-ops | Champion: Live-ops manager | Influencer/User: Players, gamers, esports participants",P1_ABM_ICPSEQ-LIVE-OPS-PLUM_GLOBAL_EMAIL-LI_abmteam_12APR27,Live-ops (Plum) buyer segment (1 use cases spanning Plum),Planned,,,"Job-title cluster - every use case mentioning 'Live-ops' anywhere in Buyer/Champion/Influencer is included, even if this title appears only once overall. Only use cases whose Target Geographies name this region are listed here (0 of 1 excluded as not applicable to this region). Needs account list built + Apollo enrichment before send."
,13-Apr-2027,Tue,ABM Team,US,USA,Live-ops manager (Plum),P1,ICP Persona Sequence,Plum,1 emails,"1. Gaming rewards - Buyer: Head of Monetization / Live-ops | Champion: Live-ops manager | Influencer/User: Players, gamers, esports participants",P1_ABM_ICPSEQ-LIVE-OPS-MANAGER-PLU_US_EMAIL-LI_abmteam_13APR27,Live-ops manager (Plum) buyer segment (1 use cases spanning Plum),Planned,,,"Job-title cluster - every use case mentioning 'Live-ops manager' anywhere in Buyer/Champion/Influencer is included, even if this title appears only once overall. Only use cases whose Target Geographies name this region are listed here (0 of 1 excluded as not applicable to this region). Needs account list built + Apollo enrichment before send."
,13-Apr-2027,Tue,ABM Team,ROW,"India, Middle East, SEA, Africa",Live-ops manager (Plum),P1,ICP Persona Sequence,Plum,1 emails,"1. Gaming rewards - Buyer: Head of Monetization / Live-ops | Champion: Live-ops manager | Influencer/User: Players, gamers, esports participants",P1_ABM_ICPSEQ-LIVE-OPS-MANAGER-PLU_ROW_EMAIL-LI_abmteam_13APR27,Live-ops manager (Plum) buyer segment (1 use cases spanning Plum),Planned,,,"Job-title cluster - every use case mentioning 'Live-ops manager' anywhere in Buyer/Champion/Influencer is included, even if this title appears only once overall. Only use cases whose Target Geographies name this region are listed here (0 of 1 excluded as not applicable to this region). Needs account list built + Apollo enrichment before send."
,13-Apr-2027,Tue,ABM Team,Global,Europe + rest of world,Live-ops manager (Plum),P1,ICP Persona Sequence,Plum,1 emails,"1. Gaming rewards - Buyer: Head of Monetization / Live-ops | Champion: Live-ops manager | Influencer/User: Players, gamers, esports participants",P1_ABM_ICPSEQ-LIVE-OPS-MANAGER-PLU_GLOBAL_EMAIL-LI_abmteam_13APR27,Live-ops manager (Plum) buyer segment (1 use cases spanning Plum),Planned,,,"Job-title cluster - every use case mentioning 'Live-ops manager' anywhere in Buyer/Champion/Influencer is included, even if this title appears only once overall. Only use cases whose Target Geographies name this region are listed here (0 of 1 excluded as not applicable to this region). Needs account list built + Apollo enrichment before send."
,14-Apr-2027,Wed,ABM Team,US,USA,Marketing ops (Plum),P1,ICP Persona Sequence,Plum,1 emails,1. Demo / meeting / webinar incentives - Buyer: Head of Demand Gen / SDR leadership | Champion: Marketing ops | Influencer/User: Prospects who book/attend,P1_ABM_ICPSEQ-MARKETING-OPS-PLUM_US_EMAIL-LI_abmteam_14APR27,Marketing ops (Plum) buyer segment (1 use cases spanning Plum),Planned,,,"Job-title cluster - every use case mentioning 'Marketing ops' anywhere in Buyer/Champion/Influencer is included, even if this title appears only once overall. Only use cases whose Target Geographies name this region are listed here (0 of 1 excluded as not applicable to this region). Needs account list built + Apollo enrichment before send."
,14-Apr-2027,Wed,ABM Team,ROW,India,Marketing ops (Plum),P1,ICP Persona Sequence,Plum,1 emails,1. Demo / meeting / webinar incentives - Buyer: Head of Demand Gen / SDR leadership | Champion: Marketing ops | Influencer/User: Prospects who book/attend,P1_ABM_ICPSEQ-MARKETING-OPS-PLUM_ROW_EMAIL-LI_abmteam_14APR27,Marketing ops (Plum) buyer segment (1 use cases spanning Plum),Planned,,,"Job-title cluster - every use case mentioning 'Marketing ops' anywhere in Buyer/Champion/Influencer is included, even if this title appears only once overall. Only use cases whose Target Geographies name this region are listed here (0 of 1 excluded as not applicable to this region). Needs account list built + Apollo enrichment before send."
,14-Apr-2027,Wed,ABM Team,Global,Europe,Marketing ops (Plum),P1,ICP Persona Sequence,Plum,1 emails,1. Demo / meeting / webinar incentives - Buyer: Head of Demand Gen / SDR leadership | Champion: Marketing ops | Influencer/User: Prospects who book/attend,P1_ABM_ICPSEQ-MARKETING-OPS-PLUM_GLOBAL_EMAIL-LI_abmteam_14APR27,Marketing ops (Plum) buyer segment (1 use cases spanning Plum),Planned,,,"Job-title cluster - every use case mentioning 'Marketing ops' anywhere in Buyer/Champion/Influencer is included, even if this title appears only once overall. Only use cases whose Target Geographies name this region are listed here (0 of 1 excluded as not applicable to this region). Needs account list built + Apollo enrichment before send."
,15-Apr-2027,Thu,ABM Team,US,USA,Member Engagement (Plum),P1,ICP Persona Sequence,Plum,1 emails,1. Employee wellness & health incentives - Buyer: Head of Wellbeing / (insurer) Member Engagement | Champion: Wellness program manager | Influencer/User: Employees; insurer members,P1_ABM_ICPSEQ-MEMBER-ENGAGEMENT-PL_US_EMAIL-LI_abmteam_15APR27,Member Engagement (Plum) buyer segment (1 use cases spanning Plum),Planned,,,"Job-title cluster - every use case mentioning 'Member Engagement' anywhere in Buyer/Champion/Influencer is included, even if this title appears only once overall. Only use cases whose Target Geographies name this region are listed here (0 of 1 excluded as not applicable to this region). Needs account list built + Apollo enrichment before send."
,15-Apr-2027,Thu,ABM Team,ROW,"India, Middle East",Member Engagement (Plum),P1,ICP Persona Sequence,Plum,1 emails,1. Employee wellness & health incentives - Buyer: Head of Wellbeing / (insurer) Member Engagement | Champion: Wellness program manager | Influencer/User: Employees; insurer members,P1_ABM_ICPSEQ-MEMBER-ENGAGEMENT-PL_ROW_EMAIL-LI_abmteam_15APR27,Member Engagement (Plum) buyer segment (1 use cases spanning Plum),Planned,,,"Job-title cluster - every use case mentioning 'Member Engagement' anywhere in Buyer/Champion/Influencer is included, even if this title appears only once overall. Only use cases whose Target Geographies name this region are listed here (0 of 1 excluded as not applicable to this region). Needs account list built + Apollo enrichment before send."
,15-Apr-2027,Thu,ABM Team,Global,Europe,Member Engagement (Plum),P1,ICP Persona Sequence,Plum,1 emails,1. Employee wellness & health incentives - Buyer: Head of Wellbeing / (insurer) Member Engagement | Champion: Wellness program manager | Influencer/User: Employees; insurer members,P1_ABM_ICPSEQ-MEMBER-ENGAGEMENT-PL_GLOBAL_EMAIL-LI_abmteam_15APR27,Member Engagement (Plum) buyer segment (1 use cases spanning Plum),Planned,,,"Job-title cluster - every use case mentioning 'Member Engagement' anywhere in Buyer/Champion/Influencer is included, even if this title appears only once overall. Only use cases whose Target Geographies name this region are listed here (0 of 1 excluded as not applicable to this region). Needs account list built + Apollo enrichment before send."
,16-Apr-2027,Fri,ABM Team,US,USA,Ops manager (Plum),P1,ICP Persona Sequence,Plum,1 emails,1. Legal settlements / class-action payouts - Buyer: Settlement administrator / Legal ops | Champion: Ops manager | Influencer/User: Claimants,P1_ABM_ICPSEQ-OPS-MANAGER-PLUM_US_EMAIL-LI_abmteam_16APR27,Ops manager (Plum) buyer segment (1 use cases spanning Plum),Planned,,,"Job-title cluster - every use case mentioning 'Ops manager' anywhere in Buyer/Champion/Influencer is included, even if this title appears only once overall. Only use cases whose Target Geographies name this region are listed here (0 of 1 excluded as not applicable to this region). Needs account list built + Apollo enrichment before send."
,16-Apr-2027,Fri,ABM Team,Global,Europe,Ops manager (Plum),P1,ICP Persona Sequence,Plum,1 emails,1. Legal settlements / class-action payouts - Buyer: Settlement administrator / Legal ops | Champion: Ops manager | Influencer/User: Claimants,P1_ABM_ICPSEQ-OPS-MANAGER-PLUM_GLOBAL_EMAIL-LI_abmteam_16APR27,Ops manager (Plum) buyer segment (1 use cases spanning Plum),Planned,,,"Job-title cluster - every use case mentioning 'Ops manager' anywhere in Buyer/Champion/Influencer is included, even if this title appears only once overall. Only use cases whose Target Geographies name this region are listed here (0 of 1 excluded as not applicable to this region). Needs account list built + Apollo enrichment before send."
,19-Apr-2027,Mon,ABM Team,US,USA,Panel (Plum),P1,ICP Persona Sequence,Plum,1 emails,"1. Market research & survey incentives - Buyer: VP Insights / Research Director | Champion: Panel / fieldwork manager | Influencer/User: Survey respondents, panelists",P1_ABM_ICPSEQ-PANEL-PLUM_US_EMAIL-LI_abmteam_19APR27,Panel (Plum) buyer segment (1 use cases spanning Plum),Planned,,,"Job-title cluster - every use case mentioning 'Panel' anywhere in Buyer/Champion/Influencer is included, even if this title appears only once overall. Only use cases whose Target Geographies name this region are listed here (0 of 1 excluded as not applicable to this region). Needs account list built + Apollo enrichment before send."
,19-Apr-2027,Mon,ABM Team,ROW,India,Panel (Plum),P1,ICP Persona Sequence,Plum,1 emails,"1. Market research & survey incentives - Buyer: VP Insights / Research Director | Champion: Panel / fieldwork manager | Influencer/User: Survey respondents, panelists",P1_ABM_ICPSEQ-PANEL-PLUM_ROW_EMAIL-LI_abmteam_19APR27,Panel (Plum) buyer segment (1 use cases spanning Plum),Planned,,,"Job-title cluster - every use case mentioning 'Panel' anywhere in Buyer/Champion/Influencer is included, even if this title appears only once overall. Only use cases whose Target Geographies name this region are listed here (0 of 1 excluded as not applicable to this region). Needs account list built + Apollo enrichment before send."
,19-Apr-2027,Mon,ABM Team,Global,Europe,Panel (Plum),P1,ICP Persona Sequence,Plum,1 emails,"1. Market research & survey incentives - Buyer: VP Insights / Research Director | Champion: Panel / fieldwork manager | Influencer/User: Survey respondents, panelists",P1_ABM_ICPSEQ-PANEL-PLUM_GLOBAL_EMAIL-LI_abmteam_19APR27,Panel (Plum) buyer segment (1 use cases spanning Plum),Planned,,,"Job-title cluster - every use case mentioning 'Panel' anywhere in Buyer/Champion/Influencer is included, even if this title appears only once overall. Only use cases whose Target Geographies name this region are listed here (0 of 1 excluded as not applicable to this region). Needs account list built + Apollo enrichment before send."
,20-Apr-2027,Tue,ABM Team,US,USA,Patient Engagement (Plum),P1,ICP Persona Sequence,Plum,1 emails,"1. Clinical trial & healthcare participant incentives - Buyer: Clinical ops lead / Patient Engagement | Champion: Trial coordinator | Influencer/User: Trial participants, patients",P1_ABM_ICPSEQ-PATIENT-ENGAGEMENT-P_US_EMAIL-LI_abmteam_20APR27,Patient Engagement (Plum) buyer segment (1 use cases spanning Plum),Planned,,,"Job-title cluster - every use case mentioning 'Patient Engagement' anywhere in Buyer/Champion/Influencer is included, even if this title appears only once overall. Only use cases whose Target Geographies name this region are listed here (0 of 1 excluded as not applicable to this region). Needs account list built + Apollo enrichment before send."
,20-Apr-2027,Tue,ABM Team,Global,Europe,Patient Engagement (Plum),P1,ICP Persona Sequence,Plum,1 emails,"1. Clinical trial & healthcare participant incentives - Buyer: Clinical ops lead / Patient Engagement | Champion: Trial coordinator | Influencer/User: Trial participants, patients",P1_ABM_ICPSEQ-PATIENT-ENGAGEMENT-P_GLOBAL_EMAIL-LI_abmteam_20APR27,Patient Engagement (Plum) buyer segment (1 use cases spanning Plum),Planned,,,"Job-title cluster - every use case mentioning 'Patient Engagement' anywhere in Buyer/Champion/Influencer is included, even if this title appears only once overall. Only use cases whose Target Geographies name this region are listed here (0 of 1 excluded as not applicable to this region). Needs account list built + Apollo enrichment before send."
,21-Apr-2027,Wed,ABM Team,US,USA,Payments PM (Plum),P1,ICP Persona Sequence,Plum,1 emails,"1. Gig / creator / freelancer payouts - Buyer: Head of Ops / Finance | Champion: Payments PM | Influencer/User: Gig workers, creators, freelancers",P1_ABM_ICPSEQ-PAYMENTS-PM-PLUM_US_EMAIL-LI_abmteam_21APR27,Payments PM (Plum) buyer segment (1 use cases spanning Plum),Planned,,,"Job-title cluster - every use case mentioning 'Payments PM' anywhere in Buyer/Champion/Influencer is included, even if this title appears only once overall. Only use cases whose Target Geographies name this region are listed here (0 of 1 excluded as not applicable to this region). Needs account list built + Apollo enrichment before send."
,21-Apr-2027,Wed,ABM Team,ROW,"India, SEA",Payments PM (Plum),P1,ICP Persona Sequence,Plum,1 emails,"1. Gig / creator / freelancer payouts - Buyer: Head of Ops / Finance | Champion: Payments PM | Influencer/User: Gig workers, creators, freelancers",P1_ABM_ICPSEQ-PAYMENTS-PM-PLUM_ROW_EMAIL-LI_abmteam_21APR27,Payments PM (Plum) buyer segment (1 use cases spanning Plum),Planned,,,"Job-title cluster - every use case mentioning 'Payments PM' anywhere in Buyer/Champion/Influencer is included, even if this title appears only once overall. Only use cases whose Target Geographies name this region are listed here (0 of 1 excluded as not applicable to this region). Needs account list built + Apollo enrichment before send."
,21-Apr-2027,Wed,ABM Team,Global,Europe,Payments PM (Plum),P1,ICP Persona Sequence,Plum,1 emails,"1. Gig / creator / freelancer payouts - Buyer: Head of Ops / Finance | Champion: Payments PM | Influencer/User: Gig workers, creators, freelancers",P1_ABM_ICPSEQ-PAYMENTS-PM-PLUM_GLOBAL_EMAIL-LI_abmteam_21APR27,Payments PM (Plum) buyer segment (1 use cases spanning Plum),Planned,,,"Job-title cluster - every use case mentioning 'Payments PM' anywhere in Buyer/Champion/Influencer is included, even if this title appears only once overall. Only use cases whose Target Geographies name this region are listed here (0 of 1 excluded as not applicable to this region). Needs account list built + Apollo enrichment before send."
,22-Apr-2027,Thu,ABM Team,US,USA,Performance marketing (Plum),P1,ICP Persona Sequence,Plum,1 emails,1. Customer acquisition / sign-up rewards - Buyer: Head of Growth / CMO | Champion: Performance marketing | Influencer/User: New customers / app users,P1_ABM_ICPSEQ-PERFORMANCE-MARKETIN_US_EMAIL-LI_abmteam_22APR27,Performance marketing (Plum) buyer segment (1 use cases spanning Plum),Planned,,,"Job-title cluster - every use case mentioning 'Performance marketing' anywhere in Buyer/Champion/Influencer is included, even if this title appears only once overall. Only use cases whose Target Geographies name this region are listed here (0 of 1 excluded as not applicable to this region). Needs account list built + Apollo enrichment before send."
,22-Apr-2027,Thu,ABM Team,ROW,"India, Middle East, SEA",Performance marketing (Plum),P1,ICP Persona Sequence,Plum,1 emails,1. Customer acquisition / sign-up rewards - Buyer: Head of Growth / CMO | Champion: Performance marketing | Influencer/User: New customers / app users,P1_ABM_ICPSEQ-PERFORMANCE-MARKETIN_ROW_EMAIL-LI_abmteam_22APR27,Performance marketing (Plum) buyer segment (1 use cases spanning Plum),Planned,,,"Job-title cluster - every use case mentioning 'Performance marketing' anywhere in Buyer/Champion/Influencer is included, even if this title appears only once overall. Only use cases whose Target Geographies name this region are listed here (0 of 1 excluded as not applicable to this region). Needs account list built + Apollo enrichment before send."
,23-Apr-2027,Fri,ABM Team,US,USA,Procurement (Plum),P1,ICP Persona Sequence,Plum,1 emails,"1. Corporate gifting - Buyer: Head of Marketing / HR / Procurement | Champion: Field marketing / HR ops / admin | Influencer/User: Employees, clients, prospects, partners",P1_ABM_ICPSEQ-PROCUREMENT-PLUM_US_EMAIL-LI_abmteam_23APR27,Procurement (Plum) buyer segment (1 use cases spanning Plum),Planned,,,"Job-title cluster - every use case mentioning 'Procurement' anywhere in Buyer/Champion/Influencer is included, even if this title appears only once overall. Only use cases whose Target Geographies name this region are listed here (0 of 1 excluded as not applicable to this region). Needs account list built + Apollo enrichment before send."
,23-Apr-2027,Fri,ABM Team,ROW,"India, Middle East, SEA",Procurement (Plum),P1,ICP Persona Sequence,Plum,1 emails,"1. Corporate gifting - Buyer: Head of Marketing / HR / Procurement | Champion: Field marketing / HR ops / admin | Influencer/User: Employees, clients, prospects, partners",P1_ABM_ICPSEQ-PROCUREMENT-PLUM_ROW_EMAIL-LI_abmteam_23APR27,Procurement (Plum) buyer segment (1 use cases spanning Plum),Planned,,,"Job-title cluster - every use case mentioning 'Procurement' anywhere in Buyer/Champion/Influencer is included, even if this title appears only once overall. Only use cases whose Target Geographies name this region are listed here (0 of 1 excluded as not applicable to this region). Needs account list built + Apollo enrichment before send."
,23-Apr-2027,Fri,ABM Team,Global,Europe,Procurement (Plum),P1,ICP Persona Sequence,Plum,1 emails,"1. Corporate gifting - Buyer: Head of Marketing / HR / Procurement | Champion: Field marketing / HR ops / admin | Influencer/User: Employees, clients, prospects, partners",P1_ABM_ICPSEQ-PROCUREMENT-PLUM_GLOBAL_EMAIL-LI_abmteam_23APR27,Procurement (Plum) buyer segment (1 use cases spanning Plum),Planned,,,"Job-title cluster - every use case mentioning 'Procurement' anywhere in Buyer/Champion/Influencer is included, even if this title appears only once overall. Only use cases whose Target Geographies name this region are listed here (0 of 1 excluded as not applicable to this region). Needs account list built + Apollo enrichment before send."
,26-Apr-2027,Mon,ABM Team,US,USA,Product Ops (Plum),P1,ICP Persona Sequence,Plum,1 emails,"1. UX / product research incentives - Buyer: Head of UX Research / Product Ops | Champion: Research ops | Influencer/User: Research participants, testers",P1_ABM_ICPSEQ-PRODUCT-OPS-PLUM_US_EMAIL-LI_abmteam_26APR27,Product Ops (Plum) buyer segment (1 use cases spanning Plum),Planned,,,"Job-title cluster - every use case mentioning 'Product Ops' anywhere in Buyer/Champion/Influencer is included, even if this title appears only once overall. Only use cases whose Target Geographies name this region are listed here (0 of 1 excluded as not applicable to this region). Needs account list built + Apollo enrichment before send."
,26-Apr-2027,Mon,ABM Team,ROW,India,Product Ops (Plum),P1,ICP Persona Sequence,Plum,1 emails,"1. UX / product research incentives - Buyer: Head of UX Research / Product Ops | Champion: Research ops | Influencer/User: Research participants, testers",P1_ABM_ICPSEQ-PRODUCT-OPS-PLUM_ROW_EMAIL-LI_abmteam_26APR27,Product Ops (Plum) buyer segment (1 use cases spanning Plum),Planned,,,"Job-title cluster - every use case mentioning 'Product Ops' anywhere in Buyer/Champion/Influencer is included, even if this title appears only once overall. Only use cases whose Target Geographies name this region are listed here (0 of 1 excluded as not applicable to this region). Needs account list built + Apollo enrichment before send."
,26-Apr-2027,Mon,ABM Team,Global,Europe,Product Ops (Plum),P1,ICP Persona Sequence,Plum,1 emails,"1. UX / product research incentives - Buyer: Head of UX Research / Product Ops | Champion: Research ops | Influencer/User: Research participants, testers",P1_ABM_ICPSEQ-PRODUCT-OPS-PLUM_GLOBAL_EMAIL-LI_abmteam_26APR27,Product Ops (Plum) buyer segment (1 use cases spanning Plum),Planned,,,"Job-title cluster - every use case mentioning 'Product Ops' anywhere in Buyer/Champion/Influencer is included, even if this title appears only once overall. Only use cases whose Target Geographies name this region are listed here (0 of 1 excluded as not applicable to this region). Needs account list built + Apollo enrichment before send."
,28-Apr-2027,Wed,ABM Team,US,USA,Program coordinator (Plum),P1,ICP Persona Sequence,Plum,1 emails,"1. Academic / community / panel incentives - Buyer: Research lead / Community manager | Champion: Program coordinator | Influencer/User: Study participants, community members",P1_ABM_ICPSEQ-PROGRAM-COORDINATOR_US_EMAIL-LI_abmteam_28APR27,Program coordinator (Plum) buyer segment (1 use cases spanning Plum),Planned,,,"Job-title cluster - every use case mentioning 'Program coordinator' anywhere in Buyer/Champion/Influencer is included, even if this title appears only once overall. Only use cases whose Target Geographies name this region are listed here (0 of 1 excluded as not applicable to this region). Needs account list built + Apollo enrichment before send."
,28-Apr-2027,Wed,ABM Team,ROW,India,Program coordinator (Plum),P1,ICP Persona Sequence,Plum,1 emails,"1. Academic / community / panel incentives - Buyer: Research lead / Community manager | Champion: Program coordinator | Influencer/User: Study participants, community members",P1_ABM_ICPSEQ-PROGRAM-COORDINATOR_ROW_EMAIL-LI_abmteam_28APR27,Program coordinator (Plum) buyer segment (1 use cases spanning Plum),Planned,,,"Job-title cluster - every use case mentioning 'Program coordinator' anywhere in Buyer/Champion/Influencer is included, even if this title appears only once overall. Only use cases whose Target Geographies name this region are listed here (0 of 1 excluded as not applicable to this region). Needs account list built + Apollo enrichment before send."
,28-Apr-2027,Wed,ABM Team,Global,Europe,Program coordinator (Plum),P1,ICP Persona Sequence,Plum,1 emails,"1. Academic / community / panel incentives - Buyer: Research lead / Community manager | Champion: Program coordinator | Influencer/User: Study participants, community members",P1_ABM_ICPSEQ-PROGRAM-COORDINATOR_GLOBAL_EMAIL-LI_abmteam_28APR27,Program coordinator (Plum) buyer segment (1 use cases spanning Plum),Planned,,,"Job-title cluster - every use case mentioning 'Program coordinator' anywhere in Buyer/Champion/Influencer is included, even if this title appears only once overall. Only use cases whose Target Geographies name this region are listed here (0 of 1 excluded as not applicable to this region). Needs account list built + Apollo enrichment before send."
,29-Apr-2027,Thu,ABM Team,US,USA,Program manager (Plum),P1,ICP Persona Sequence,Plum,1 emails,"1. Learning / training completion incentives - Buyer: Head of L&D / (edtech) Growth | Champion: Program manager | Influencer/User: Learners, employees, edtech users",P1_ABM_ICPSEQ-PROGRAM-MANAGER-PLUM_US_EMAIL-LI_abmteam_29APR27,Program manager (Plum) buyer segment (1 use cases spanning Plum),Planned,,,"Job-title cluster - every use case mentioning 'Program manager' anywhere in Buyer/Champion/Influencer is included, even if this title appears only once overall. Only use cases whose Target Geographies name this region are listed here (0 of 1 excluded as not applicable to this region). Needs account list built + Apollo enrichment before send."
,29-Apr-2027,Thu,ABM Team,ROW,"India, SEA",Program manager (Plum),P1,ICP Persona Sequence,Plum,1 emails,"1. Learning / training completion incentives - Buyer: Head of L&D / (edtech) Growth | Champion: Program manager | Influencer/User: Learners, employees, edtech users",P1_ABM_ICPSEQ-PROGRAM-MANAGER-PLUM_ROW_EMAIL-LI_abmteam_29APR27,Program manager (Plum) buyer segment (1 use cases spanning Plum),Planned,,,"Job-title cluster - every use case mentioning 'Program manager' anywhere in Buyer/Champion/Influencer is included, even if this title appears only once overall. Only use cases whose Target Geographies name this region are listed here (0 of 1 excluded as not applicable to this region). Needs account list built + Apollo enrichment before send."
,30-Apr-2027,Fri,ABM Team,US,USA,Promotions manager (Plum),P1,ICP Persona Sequence,Plum,1 emails,"1. Rebates & cashback fulfilment - Buyer: VP Marketing / Trade Marketing | Champion: Promotions manager | Influencer/User: Consumers, buyers",P1_ABM_ICPSEQ-PROMOTIONS-MANAGER-P_US_EMAIL-LI_abmteam_30APR27,Promotions manager (Plum) buyer segment (1 use cases spanning Plum),Planned,,,"Job-title cluster - every use case mentioning 'Promotions manager' anywhere in Buyer/Champion/Influencer is included, even if this title appears only once overall. Only use cases whose Target Geographies name this region are listed here (0 of 1 excluded as not applicable to this region). Needs account list built + Apollo enrichment before send."
,30-Apr-2027,Fri,ABM Team,ROW,"India, Middle East",Promotions manager (Plum),P1,ICP Persona Sequence,Plum,1 emails,"1. Rebates & cashback fulfilment - Buyer: VP Marketing / Trade Marketing | Champion: Promotions manager | Influencer/User: Consumers, buyers",P1_ABM_ICPSEQ-PROMOTIONS-MANAGER-P_ROW_EMAIL-LI_abmteam_30APR27,Promotions manager (Plum) buyer segment (1 use cases spanning Plum),Planned,,,"Job-title cluster - every use case mentioning 'Promotions manager' anywhere in Buyer/Champion/Influencer is included, even if this title appears only once overall. Only use cases whose Target Geographies name this region are listed here (0 of 1 excluded as not applicable to this region). Needs account list built + Apollo enrichment before send."
,30-Apr-2027,Fri,ABM Team,Global,Europe,Promotions manager (Plum),P1,ICP Persona Sequence,Plum,1 emails,"1. Rebates & cashback fulfilment - Buyer: VP Marketing / Trade Marketing | Champion: Promotions manager | Influencer/User: Consumers, buyers",P1_ABM_ICPSEQ-PROMOTIONS-MANAGER-P_GLOBAL_EMAIL-LI_abmteam_30APR27,Promotions manager (Plum) buyer segment (1 use cases spanning Plum),Planned,,,"Job-title cluster - every use case mentioning 'Promotions manager' anywhere in Buyer/Champion/Influencer is included, even if this title appears only once overall. Only use cases whose Target Geographies name this region are listed here (0 of 1 excluded as not applicable to this region). Needs account list built + Apollo enrichment before send."
,03-May-2027,Mon,ABM Team,US,USA,Research Director (Plum),P1,ICP Persona Sequence,Plum,1 emails,"1. Market research & survey incentives - Buyer: VP Insights / Research Director | Champion: Panel / fieldwork manager | Influencer/User: Survey respondents, panelists",P1_ABM_ICPSEQ-RESEARCH-DIRECTOR-PL_US_EMAIL-LI_abmteam_03MAY27,Research Director (Plum) buyer segment (1 use cases spanning Plum),Planned,,,"Job-title cluster - every use case mentioning 'Research Director' anywhere in Buyer/Champion/Influencer is included, even if this title appears only once overall. Only use cases whose Target Geographies name this region are listed here (0 of 1 excluded as not applicable to this region). Needs account list built + Apollo enrichment before send."
,03-May-2027,Mon,ABM Team,ROW,India,Research Director (Plum),P1,ICP Persona Sequence,Plum,1 emails,"1. Market research & survey incentives - Buyer: VP Insights / Research Director | Champion: Panel / fieldwork manager | Influencer/User: Survey respondents, panelists",P1_ABM_ICPSEQ-RESEARCH-DIRECTOR-PL_ROW_EMAIL-LI_abmteam_03MAY27,Research Director (Plum) buyer segment (1 use cases spanning Plum),Planned,,,"Job-title cluster - every use case mentioning 'Research Director' anywhere in Buyer/Champion/Influencer is included, even if this title appears only once overall. Only use cases whose Target Geographies name this region are listed here (0 of 1 excluded as not applicable to this region). Needs account list built + Apollo enrichment before send."
,03-May-2027,Mon,ABM Team,Global,Europe,Research Director (Plum),P1,ICP Persona Sequence,Plum,1 emails,"1. Market research & survey incentives - Buyer: VP Insights / Research Director | Champion: Panel / fieldwork manager | Influencer/User: Survey respondents, panelists",P1_ABM_ICPSEQ-RESEARCH-DIRECTOR-PL_GLOBAL_EMAIL-LI_abmteam_03MAY27,Research Director (Plum) buyer segment (1 use cases spanning Plum),Planned,,,"Job-title cluster - every use case mentioning 'Research Director' anywhere in Buyer/Champion/Influencer is included, even if this title appears only once overall. Only use cases whose Target Geographies name this region are listed here (0 of 1 excluded as not applicable to this region). Needs account list built + Apollo enrichment before send."
,04-May-2027,Tue,ABM Team,US,USA,Research lead (Plum),P1,ICP Persona Sequence,Plum,1 emails,"1. Academic / community / panel incentives - Buyer: Research lead / Community manager | Champion: Program coordinator | Influencer/User: Study participants, community members",P1_ABM_ICPSEQ-RESEARCH-LEAD-PLUM_US_EMAIL-LI_abmteam_04MAY27,Research lead (Plum) buyer segment (1 use cases spanning Plum),Planned,,,"Job-title cluster - every use case mentioning 'Research lead' anywhere in Buyer/Champion/Influencer is included, even if this title appears only once overall. Only use cases whose Target Geographies name this region are listed here (0 of 1 excluded as not applicable to this region). Needs account list built + Apollo enrichment before send."
,04-May-2027,Tue,ABM Team,ROW,India,Research lead (Plum),P1,ICP Persona Sequence,Plum,1 emails,"1. Academic / community / panel incentives - Buyer: Research lead / Community manager | Champion: Program coordinator | Influencer/User: Study participants, community members",P1_ABM_ICPSEQ-RESEARCH-LEAD-PLUM_ROW_EMAIL-LI_abmteam_04MAY27,Research lead (Plum) buyer segment (1 use cases spanning Plum),Planned,,,"Job-title cluster - every use case mentioning 'Research lead' anywhere in Buyer/Champion/Influencer is included, even if this title appears only once overall. Only use cases whose Target Geographies name this region are listed here (0 of 1 excluded as not applicable to this region). Needs account list built + Apollo enrichment before send."
,04-May-2027,Tue,ABM Team,Global,Europe,Research lead (Plum),P1,ICP Persona Sequence,Plum,1 emails,"1. Academic / community / panel incentives - Buyer: Research lead / Community manager | Champion: Program coordinator | Influencer/User: Study participants, community members",P1_ABM_ICPSEQ-RESEARCH-LEAD-PLUM_GLOBAL_EMAIL-LI_abmteam_04MAY27,Research lead (Plum) buyer segment (1 use cases spanning Plum),Planned,,,"Job-title cluster - every use case mentioning 'Research lead' anywhere in Buyer/Champion/Influencer is included, even if this title appears only once overall. Only use cases whose Target Geographies name this region are listed here (0 of 1 excluded as not applicable to this region). Needs account list built + Apollo enrichment before send."
,05-May-2027,Wed,ABM Team,US,USA,Research ops (Plum),P1,ICP Persona Sequence,Plum,1 emails,"1. UX / product research incentives - Buyer: Head of UX Research / Product Ops | Champion: Research ops | Influencer/User: Research participants, testers",P1_ABM_ICPSEQ-RESEARCH-OPS-PLUM_US_EMAIL-LI_abmteam_05MAY27,Research ops (Plum) buyer segment (1 use cases spanning Plum),Planned,,,"Job-title cluster - every use case mentioning 'Research ops' anywhere in Buyer/Champion/Influencer is included, even if this title appears only once overall. Only use cases whose Target Geographies name this region are listed here (0 of 1 excluded as not applicable to this region). Needs account list built + Apollo enrichment before send."
,05-May-2027,Wed,ABM Team,ROW,India,Research ops (Plum),P1,ICP Persona Sequence,Plum,1 emails,"1. UX / product research incentives - Buyer: Head of UX Research / Product Ops | Champion: Research ops | Influencer/User: Research participants, testers",P1_ABM_ICPSEQ-RESEARCH-OPS-PLUM_ROW_EMAIL-LI_abmteam_05MAY27,Research ops (Plum) buyer segment (1 use cases spanning Plum),Planned,,,"Job-title cluster - every use case mentioning 'Research ops' anywhere in Buyer/Champion/Influencer is included, even if this title appears only once overall. Only use cases whose Target Geographies name this region are listed here (0 of 1 excluded as not applicable to this region). Needs account list built + Apollo enrichment before send."
,05-May-2027,Wed,ABM Team,Global,Europe,Research ops (Plum),P1,ICP Persona Sequence,Plum,1 emails,"1. UX / product research incentives - Buyer: Head of UX Research / Product Ops | Champion: Research ops | Influencer/User: Research participants, testers",P1_ABM_ICPSEQ-RESEARCH-OPS-PLUM_GLOBAL_EMAIL-LI_abmteam_05MAY27,Research ops (Plum) buyer segment (1 use cases spanning Plum),Planned,,,"Job-title cluster - every use case mentioning 'Research ops' anywhere in Buyer/Champion/Influencer is included, even if this title appears only once overall. Only use cases whose Target Geographies name this region are listed here (0 of 1 excluded as not applicable to this region). Needs account list built + Apollo enrichment before send."
,06-May-2027,Thu,ABM Team,US,USA,Resident-experience manager (Plum),P1,ICP Persona Sequence,Plum,1 emails,"1. Real estate / resident rewards - Buyer: Head of Loyalty (proptech) / multifamily operator marketing | Champion: Resident-experience manager | Influencer/User: Renters, residents, tenants",P1_ABM_ICPSEQ-RESIDENT-EXPERIENCE_US_EMAIL-LI_abmteam_06MAY27,Resident-experience manager (Plum) buyer segment (1 use cases spanning Plum),Planned,,,"Job-title cluster - every use case mentioning 'Resident-experience manager' anywhere in Buyer/Champion/Influencer is included, even if this title appears only once overall. Only use cases whose Target Geographies name this region are listed here (0 of 1 excluded as not applicable to this region). Needs account list built + Apollo enrichment before send."
,06-May-2027,Thu,ABM Team,Global,Europe,Resident-experience manager (Plum),P1,ICP Persona Sequence,Plum,1 emails,"1. Real estate / resident rewards - Buyer: Head of Loyalty (proptech) / multifamily operator marketing | Champion: Resident-experience manager | Influencer/User: Renters, residents, tenants",P1_ABM_ICPSEQ-RESIDENT-EXPERIENCE_GLOBAL_EMAIL-LI_abmteam_06MAY27,Resident-experience manager (Plum) buyer segment (1 use cases spanning Plum),Planned,,,"Job-title cluster - every use case mentioning 'Resident-experience manager' anywhere in Buyer/Champion/Influencer is included, even if this title appears only once overall. Only use cases whose Target Geographies name this region are listed here (0 of 1 excluded as not applicable to this region). Needs account list built + Apollo enrichment before send."
,07-May-2027,Fri,ABM Team,US,USA,SDR leadership (Plum),P1,ICP Persona Sequence,Plum,1 emails,1. Demo / meeting / webinar incentives - Buyer: Head of Demand Gen / SDR leadership | Champion: Marketing ops | Influencer/User: Prospects who book/attend,P1_ABM_ICPSEQ-SDR-LEADERSHIP-PLUM_US_EMAIL-LI_abmteam_07MAY27,SDR leadership (Plum) buyer segment (1 use cases spanning Plum),Planned,,,"Job-title cluster - every use case mentioning 'SDR leadership' anywhere in Buyer/Champion/Influencer is included, even if this title appears only once overall. Only use cases whose Target Geographies name this region are listed here (0 of 1 excluded as not applicable to this region). Needs account list built + Apollo enrichment before send."
,07-May-2027,Fri,ABM Team,ROW,India,SDR leadership (Plum),P1,ICP Persona Sequence,Plum,1 emails,1. Demo / meeting / webinar incentives - Buyer: Head of Demand Gen / SDR leadership | Champion: Marketing ops | Influencer/User: Prospects who book/attend,P1_ABM_ICPSEQ-SDR-LEADERSHIP-PLUM_ROW_EMAIL-LI_abmteam_07MAY27,SDR leadership (Plum) buyer segment (1 use cases spanning Plum),Planned,,,"Job-title cluster - every use case mentioning 'SDR leadership' anywhere in Buyer/Champion/Influencer is included, even if this title appears only once overall. Only use cases whose Target Geographies name this region are listed here (0 of 1 excluded as not applicable to this region). Needs account list built + Apollo enrichment before send."
,07-May-2027,Fri,ABM Team,Global,Europe,SDR leadership (Plum),P1,ICP Persona Sequence,Plum,1 emails,1. Demo / meeting / webinar incentives - Buyer: Head of Demand Gen / SDR leadership | Champion: Marketing ops | Influencer/User: Prospects who book/attend,P1_ABM_ICPSEQ-SDR-LEADERSHIP-PLUM_GLOBAL_EMAIL-LI_abmteam_07MAY27,SDR leadership (Plum) buyer segment (1 use cases spanning Plum),Planned,,,"Job-title cluster - every use case mentioning 'SDR leadership' anywhere in Buyer/Champion/Influencer is included, even if this title appears only once overall. Only use cases whose Target Geographies name this region are listed here (0 of 1 excluded as not applicable to this region). Needs account list built + Apollo enrichment before send."
,10-May-2027,Mon,ABM Team,US,USA,Sales (Plum),P1,ICP Persona Sequence,Plum,1 emails,"1. Client / customer gifting - Buyer: Head of Customer Success / Sales | Champion: CS / account manager | Influencer/User: Customers, key accounts",P1_ABM_ICPSEQ-SALES-PLUM_US_EMAIL-LI_abmteam_10MAY27,Sales (Plum) buyer segment (1 use cases spanning Plum),Planned,,,"Job-title cluster - every use case mentioning 'Sales' anywhere in Buyer/Champion/Influencer is included, even if this title appears only once overall. Only use cases whose Target Geographies name this region are listed here (0 of 1 excluded as not applicable to this region). Needs account list built + Apollo enrichment before send."
,10-May-2027,Mon,ABM Team,ROW,"India, Middle East",Sales (Plum),P1,ICP Persona Sequence,Plum,1 emails,"1. Client / customer gifting - Buyer: Head of Customer Success / Sales | Champion: CS / account manager | Influencer/User: Customers, key accounts",P1_ABM_ICPSEQ-SALES-PLUM_ROW_EMAIL-LI_abmteam_10MAY27,Sales (Plum) buyer segment (1 use cases spanning Plum),Planned,,,"Job-title cluster - every use case mentioning 'Sales' anywhere in Buyer/Champion/Influencer is included, even if this title appears only once overall. Only use cases whose Target Geographies name this region are listed here (0 of 1 excluded as not applicable to this region). Needs account list built + Apollo enrichment before send."
,10-May-2027,Mon,ABM Team,Global,Europe,Sales (Plum),P1,ICP Persona Sequence,Plum,1 emails,"1. Client / customer gifting - Buyer: Head of Customer Success / Sales | Champion: CS / account manager | Influencer/User: Customers, key accounts",P1_ABM_ICPSEQ-SALES-PLUM_GLOBAL_EMAIL-LI_abmteam_10MAY27,Sales (Plum) buyer segment (1 use cases spanning Plum),Planned,,,"Job-title cluster - every use case mentioning 'Sales' anywhere in Buyer/Champion/Influencer is included, even if this title appears only once overall. Only use cases whose Target Geographies name this region are listed here (0 of 1 excluded as not applicable to this region). Needs account list built + Apollo enrichment before send."
,11-May-2027,Tue,ABM Team,US,USA,Settlement administrator (Plum),P1,ICP Persona Sequence,Plum,1 emails,1. Legal settlements / class-action payouts - Buyer: Settlement administrator / Legal ops | Champion: Ops manager | Influencer/User: Claimants,P1_ABM_ICPSEQ-SETTLEMENT-ADMINISTR_US_EMAIL-LI_abmteam_11MAY27,Settlement administrator (Plum) buyer segment (1 use cases spanning Plum),Planned,,,"Job-title cluster - every use case mentioning 'Settlement administrator' anywhere in Buyer/Champion/Influencer is included, even if this title appears only once overall. Only use cases whose Target Geographies name this region are listed here (0 of 1 excluded as not applicable to this region). Needs account list built + Apollo enrichment before send."
,11-May-2027,Tue,ABM Team,Global,Europe,Settlement administrator (Plum),P1,ICP Persona Sequence,Plum,1 emails,1. Legal settlements / class-action payouts - Buyer: Settlement administrator / Legal ops | Champion: Ops manager | Influencer/User: Claimants,P1_ABM_ICPSEQ-SETTLEMENT-ADMINISTR_GLOBAL_EMAIL-LI_abmteam_11MAY27,Settlement administrator (Plum) buyer segment (1 use cases spanning Plum),Planned,,,"Job-title cluster - every use case mentioning 'Settlement administrator' anywhere in Buyer/Champion/Influencer is included, even if this title appears only once overall. Only use cases whose Target Geographies name this region are listed here (0 of 1 excluded as not applicable to this region). Needs account list built + Apollo enrichment before send."
,12-May-2027,Wed,ABM Team,US,USA,Trade Marketing (Plum),P1,ICP Persona Sequence,Plum,1 emails,"1. Rebates & cashback fulfilment - Buyer: VP Marketing / Trade Marketing | Champion: Promotions manager | Influencer/User: Consumers, buyers",P1_ABM_ICPSEQ-TRADE-MARKETING-PLUM_US_EMAIL-LI_abmteam_12MAY27,Trade Marketing (Plum) buyer segment (1 use cases spanning Plum),Planned,,,"Job-title cluster - every use case mentioning 'Trade Marketing' anywhere in Buyer/Champion/Influencer is included, even if this title appears only once overall. Only use cases whose Target Geographies name this region are listed here (0 of 1 excluded as not applicable to this region). Needs account list built + Apollo enrichment before send."
,12-May-2027,Wed,ABM Team,ROW,"India, Middle East",Trade Marketing (Plum),P1,ICP Persona Sequence,Plum,1 emails,"1. Rebates & cashback fulfilment - Buyer: VP Marketing / Trade Marketing | Champion: Promotions manager | Influencer/User: Consumers, buyers",P1_ABM_ICPSEQ-TRADE-MARKETING-PLUM_ROW_EMAIL-LI_abmteam_12MAY27,Trade Marketing (Plum) buyer segment (1 use cases spanning Plum),Planned,,,"Job-title cluster - every use case mentioning 'Trade Marketing' anywhere in Buyer/Champion/Influencer is included, even if this title appears only once overall. Only use cases whose Target Geographies name this region are listed here (0 of 1 excluded as not applicable to this region). Needs account list built + Apollo enrichment before send."
,12-May-2027,Wed,ABM Team,Global,Europe,Trade Marketing (Plum),P1,ICP Persona Sequence,Plum,1 emails,"1. Rebates & cashback fulfilment - Buyer: VP Marketing / Trade Marketing | Champion: Promotions manager | Influencer/User: Consumers, buyers",P1_ABM_ICPSEQ-TRADE-MARKETING-PLUM_GLOBAL_EMAIL-LI_abmteam_12MAY27,Trade Marketing (Plum) buyer segment (1 use cases spanning Plum),Planned,,,"Job-title cluster - every use case mentioning 'Trade Marketing' anywhere in Buyer/Champion/Influencer is included, even if this title appears only once overall. Only use cases whose Target Geographies name this region are listed here (0 of 1 excluded as not applicable to this region). Needs account list built + Apollo enrichment before send."
,13-May-2027,Thu,ABM Team,US,USA,Trial coordinator (Plum),P1,ICP Persona Sequence,Plum,1 emails,"1. Clinical trial & healthcare participant incentives - Buyer: Clinical ops lead / Patient Engagement | Champion: Trial coordinator | Influencer/User: Trial participants, patients",P1_ABM_ICPSEQ-TRIAL-COORDINATOR-PL_US_EMAIL-LI_abmteam_13MAY27,Trial coordinator (Plum) buyer segment (1 use cases spanning Plum),Planned,,,"Job-title cluster - every use case mentioning 'Trial coordinator' anywhere in Buyer/Champion/Influencer is included, even if this title appears only once overall. Only use cases whose Target Geographies name this region are listed here (0 of 1 excluded as not applicable to this region). Needs account list built + Apollo enrichment before send."
,13-May-2027,Thu,ABM Team,Global,Europe,Trial coordinator (Plum),P1,ICP Persona Sequence,Plum,1 emails,"1. Clinical trial & healthcare participant incentives - Buyer: Clinical ops lead / Patient Engagement | Champion: Trial coordinator | Influencer/User: Trial participants, patients",P1_ABM_ICPSEQ-TRIAL-COORDINATOR-PL_GLOBAL_EMAIL-LI_abmteam_13MAY27,Trial coordinator (Plum) buyer segment (1 use cases spanning Plum),Planned,,,"Job-title cluster - every use case mentioning 'Trial coordinator' anywhere in Buyer/Champion/Influencer is included, even if this title appears only once overall. Only use cases whose Target Geographies name this region are listed here (0 of 1 excluded as not applicable to this region). Needs account list built + Apollo enrichment before send."
,14-May-2027,Fri,ABM Team,US,USA,VIP (Plum),P1,ICP Persona Sequence,Plum,1 emails,"1. Casino / iGaming player rewards - Buyer: Head of CRM / VIP (operator) | Champion: CRM / VIP manager | Influencer/User: Casino/betting players, VIPs",P1_ABM_ICPSEQ-VIP-PLUM_US_EMAIL-LI_abmteam_14MAY27,VIP (Plum) buyer segment (1 use cases spanning Plum),Planned,,,"Job-title cluster - every use case mentioning 'VIP' anywhere in Buyer/Champion/Influencer is included, even if this title appears only once overall. Only use cases whose Target Geographies name this region are listed here (0 of 1 excluded as not applicable to this region). Needs account list built + Apollo enrichment before send."
,14-May-2027,Fri,ABM Team,Global,"Europe, LatAm",VIP (Plum),P1,ICP Persona Sequence,Plum,1 emails,"1. Casino / iGaming player rewards - Buyer: Head of CRM / VIP (operator) | Champion: CRM / VIP manager | Influencer/User: Casino/betting players, VIPs",P1_ABM_ICPSEQ-VIP-PLUM_GLOBAL_EMAIL-LI_abmteam_14MAY27,VIP (Plum) buyer segment (1 use cases spanning Plum),Planned,,,"Job-title cluster - every use case mentioning 'VIP' anywhere in Buyer/Champion/Influencer is included, even if this title appears only once overall. Only use cases whose Target Geographies name this region are listed here (0 of 1 excluded as not applicable to this region). Needs account list built + Apollo enrichment before send."
,17-May-2027,Mon,ABM Team,US,USA,VIP manager (Plum),P1,ICP Persona Sequence,Plum,1 emails,"1. Casino / iGaming player rewards - Buyer: Head of CRM / VIP (operator) | Champion: CRM / VIP manager | Influencer/User: Casino/betting players, VIPs",P1_ABM_ICPSEQ-VIP-MANAGER-PLUM_US_EMAIL-LI_abmteam_17MAY27,VIP manager (Plum) buyer segment (1 use cases spanning Plum),Planned,,,"Job-title cluster - every use case mentioning 'VIP manager' anywhere in Buyer/Champion/Influencer is included, even if this title appears only once overall. Only use cases whose Target Geographies name this region are listed here (0 of 1 excluded as not applicable to this region). Needs account list built + Apollo enrichment before send."
,17-May-2027,Mon,ABM Team,Global,"Europe, LatAm",VIP manager (Plum),P1,ICP Persona Sequence,Plum,1 emails,"1. Casino / iGaming player rewards - Buyer: Head of CRM / VIP (operator) | Champion: CRM / VIP manager | Influencer/User: Casino/betting players, VIPs",P1_ABM_ICPSEQ-VIP-MANAGER-PLUM_GLOBAL_EMAIL-LI_abmteam_17MAY27,VIP manager (Plum) buyer segment (1 use cases spanning Plum),Planned,,,"Job-title cluster - every use case mentioning 'VIP manager' anywhere in Buyer/Champion/Influencer is included, even if this title appears only once overall. Only use cases whose Target Geographies name this region are listed here (0 of 1 excluded as not applicable to this region). Needs account list built + Apollo enrichment before send."
,18-May-2027,Tue,ABM Team,US,USA,VP Insights (Plum),P1,ICP Persona Sequence,Plum,1 emails,"1. Market research & survey incentives - Buyer: VP Insights / Research Director | Champion: Panel / fieldwork manager | Influencer/User: Survey respondents, panelists",P1_ABM_ICPSEQ-VP-INSIGHTS-PLUM_US_EMAIL-LI_abmteam_18MAY27,VP Insights (Plum) buyer segment (1 use cases spanning Plum),Planned,,,"Job-title cluster - every use case mentioning 'VP Insights' anywhere in Buyer/Champion/Influencer is included, even if this title appears only once overall. Only use cases whose Target Geographies name this region are listed here (0 of 1 excluded as not applicable to this region). Needs account list built + Apollo enrichment before send."
,18-May-2027,Tue,ABM Team,ROW,India,VP Insights (Plum),P1,ICP Persona Sequence,Plum,1 emails,"1. Market research & survey incentives - Buyer: VP Insights / Research Director | Champion: Panel / fieldwork manager | Influencer/User: Survey respondents, panelists",P1_ABM_ICPSEQ-VP-INSIGHTS-PLUM_ROW_EMAIL-LI_abmteam_18MAY27,VP Insights (Plum) buyer segment (1 use cases spanning Plum),Planned,,,"Job-title cluster - every use case mentioning 'VP Insights' anywhere in Buyer/Champion/Influencer is included, even if this title appears only once overall. Only use cases whose Target Geographies name this region are listed here (0 of 1 excluded as not applicable to this region). Needs account list built + Apollo enrichment before send."
,18-May-2027,Tue,ABM Team,Global,Europe,VP Insights (Plum),P1,ICP Persona Sequence,Plum,1 emails,"1. Market research & survey incentives - Buyer: VP Insights / Research Director | Champion: Panel / fieldwork manager | Influencer/User: Survey respondents, panelists",P1_ABM_ICPSEQ-VP-INSIGHTS-PLUM_GLOBAL_EMAIL-LI_abmteam_18MAY27,VP Insights (Plum) buyer segment (1 use cases spanning Plum),Planned,,,"Job-title cluster - every use case mentioning 'VP Insights' anywhere in Buyer/Champion/Influencer is included, even if this title appears only once overall. Only use cases whose Target Geographies name this region are listed here (0 of 1 excluded as not applicable to this region). Needs account list built + Apollo enrichment before send."
,19-May-2027,Wed,ABM Team,US,USA,VP Marketing (Plum),P1,ICP Persona Sequence,Plum,1 emails,"1. Rebates & cashback fulfilment - Buyer: VP Marketing / Trade Marketing | Champion: Promotions manager | Influencer/User: Consumers, buyers",P1_ABM_ICPSEQ-VP-MARKETING-PLUM_US_EMAIL-LI_abmteam_19MAY27,VP Marketing (Plum) buyer segment (1 use cases spanning Plum),Planned,,,"Job-title cluster - every use case mentioning 'VP Marketing' anywhere in Buyer/Champion/Influencer is included, even if this title appears only once overall. Only use cases whose Target Geographies name this region are listed here (0 of 1 excluded as not applicable to this region). Needs account list built + Apollo enrichment before send."
,19-May-2027,Wed,ABM Team,ROW,"India, Middle East",VP Marketing (Plum),P1,ICP Persona Sequence,Plum,1 emails,"1. Rebates & cashback fulfilment - Buyer: VP Marketing / Trade Marketing | Champion: Promotions manager | Influencer/User: Consumers, buyers",P1_ABM_ICPSEQ-VP-MARKETING-PLUM_ROW_EMAIL-LI_abmteam_19MAY27,VP Marketing (Plum) buyer segment (1 use cases spanning Plum),Planned,,,"Job-title cluster - every use case mentioning 'VP Marketing' anywhere in Buyer/Champion/Influencer is included, even if this title appears only once overall. Only use cases whose Target Geographies name this region are listed here (0 of 1 excluded as not applicable to this region). Needs account list built + Apollo enrichment before send."
,19-May-2027,Wed,ABM Team,Global,Europe,VP Marketing (Plum),P1,ICP Persona Sequence,Plum,1 emails,"1. Rebates & cashback fulfilment - Buyer: VP Marketing / Trade Marketing | Champion: Promotions manager | Influencer/User: Consumers, buyers",P1_ABM_ICPSEQ-VP-MARKETING-PLUM_GLOBAL_EMAIL-LI_abmteam_19MAY27,VP Marketing (Plum) buyer segment (1 use cases spanning Plum),Planned,,,"Job-title cluster - every use case mentioning 'VP Marketing' anywhere in Buyer/Champion/Influencer is included, even if this title appears only once overall. Only use cases whose Target Geographies name this region are listed here (0 of 1 excluded as not applicable to this region). Needs account list built + Apollo enrichment before send."
,20-May-2027,Thu,ABM Team,US,USA,Wellness program manager (Plum),P1,ICP Persona Sequence,Plum,1 emails,1. Employee wellness & health incentives - Buyer: Head of Wellbeing / (insurer) Member Engagement | Champion: Wellness program manager | Influencer/User: Employees; insurer members,P1_ABM_ICPSEQ-WELLNESS-PROGRAM-MAN_US_EMAIL-LI_abmteam_20MAY27,Wellness program manager (Plum) buyer segment (1 use cases spanning Plum),Planned,,,"Job-title cluster - every use case mentioning 'Wellness program manager' anywhere in Buyer/Champion/Influencer is included, even if this title appears only once overall. Only use cases whose Target Geographies name this region are listed here (0 of 1 excluded as not applicable to this region). Needs account list built + Apollo enrichment before send."
,20-May-2027,Thu,ABM Team,ROW,"India, Middle East",Wellness program manager (Plum),P1,ICP Persona Sequence,Plum,1 emails,1. Employee wellness & health incentives - Buyer: Head of Wellbeing / (insurer) Member Engagement | Champion: Wellness program manager | Influencer/User: Employees; insurer members,P1_ABM_ICPSEQ-WELLNESS-PROGRAM-MAN_ROW_EMAIL-LI_abmteam_20MAY27,Wellness program manager (Plum) buyer segment (1 use cases spanning Plum),Planned,,,"Job-title cluster - every use case mentioning 'Wellness program manager' anywhere in Buyer/Champion/Influencer is included, even if this title appears only once overall. Only use cases whose Target Geographies name this region are listed here (0 of 1 excluded as not applicable to this region). Needs account list built + Apollo enrichment before send."
,20-May-2027,Thu,ABM Team,Global,Europe,Wellness program manager (Plum),P1,ICP Persona Sequence,Plum,1 emails,1. Employee wellness & health incentives - Buyer: Head of Wellbeing / (insurer) Member Engagement | Champion: Wellness program manager | Influencer/User: Employees; insurer members,P1_ABM_ICPSEQ-WELLNESS-PROGRAM-MAN_GLOBAL_EMAIL-LI_abmteam_20MAY27,Wellness program manager (Plum) buyer segment (1 use cases spanning Plum),Planned,,,"Job-title cluster - every use case mentioning 'Wellness program manager' anywhere in Buyer/Champion/Influencer is included, even if this title appears only once overall. Only use cases whose Target Geographies name this region are listed here (0 of 1 excluded as not applicable to this region). Needs account list built + Apollo enrichment before send."
,21-May-2027,Fri,ABM Team,US,USA (US Master Calendar),,P1,D. Dream Account,Cross-product,,,P1_ABM_DREAMACCT-SARAH_US_EMAIL-LI_sarah_03AUG26,Sarah's dream account list,Not Started,,,"Ready structurally; needs Apollo enrichment for contacts/titles + HubSpot suppression (closed-won/active excluded, closed-lost >3mo eligible) before send."
,21-May-2027,Fri,ABM Team,ROW,,,,,,,,,,Not Started,,,
,21-May-2027,Fri,ABM Team,Global,,,,,,,,,,Not Started,,,
,24-May-2027,Mon,ABM Team,US,USA (US Master Calendar),,P1,D. Dream Account,Cross-product,,,P1_ABM_DREAMACCT-AUSTIN_US_EMAIL-LI_austin_04AUG26,Austin's dream account list,Not Started,,,Same as above - Apollo enrichment + suppression pending.
,24-May-2027,Mon,ABM Team,ROW,,,,,,,,,,Not Started,,,
,24-May-2027,Mon,ABM Team,Global,,,,,,,,,,Not Started,,,
,25-May-2027,Tue,ABM Team,US,USA (US Master Calendar),,P1,D. Dream Account,Cross-product,,,P1_ABM_DREAMACCT-SRINIDHI_US_EMAIL-LI_srinidhi_05AUG26,Srinidhi's dream account list,Not Started,,,Same as above - Apollo enrichment + suppression pending.
,25-May-2027,Tue,ABM Team,ROW,,,,,,,,,,Not Started,,,
,25-May-2027,Tue,ABM Team,Global,,,,,,,,,,Not Started,,,
,26-May-2027,Wed,ABM Team,US,USA (US Master Calendar),,P1,D. Dream Account,Cross-product,,,P1_ABM_DREAMACCT-JAMES-1_US_EMAIL-LI_james_06AUG26,"James's dream account list - batch 1 of 3 (largest AE list, split to respect send-volume + no-repeat-touch pacing)",Not Started,,,"1,601 accounts total - split into 3 batches across 3 weeks. Apollo enrichment + suppression pending."
,26-May-2027,Wed,ABM Team,ROW,,,,,,,,,,Not Started,,,
,26-May-2027,Wed,ABM Team,Global,,,,,,,,,,Not Started,,,
,27-May-2027,Thu,ABM Team,US,USA (US Master Calendar),,P1,A. Competitor Displacement,Cross-product,,,P1_ABM_CUSTOM-COMPETITOR-2_US_EMAIL-LI_rakesh_07AUG26,Motivosity / Vantage / Advantage Club / Nectar customer accounts (battlecard framing),Blocked,,,BLOCKED: waiting on rakesh's competitor client export. Cross-check vs 21-Jul CUSTOM-COMPETITOR send (Reward Gateway/AwardCo/Bonusly/Achievers) so no account is double-touched.
,27-May-2027,Thu,ABM Team,ROW,,,,,,,,,,Not Started,,,
,27-May-2027,Thu,ABM Team,Global,,,,,,,,,,Not Started,,,
,28-May-2027,Fri,ABM Team,US,USA (US Master Calendar),,P1,B. Event Leads Re-run,Cross-product,,,P1_ABM_EVENTLEAD-RERUN_US_EMAIL-LI_rakesh_10AUG26,"All event leads captured Jan 2026 - present, re-engagement sequence",Blocked,,,"BLOCKED: needs HubSpot pull of all event-sourced leads Jan-Jul 2026, deduped against active/closed-won deals."
,28-May-2027,Fri,ABM Team,ROW,,,,,,,,,,Not Started,,,
,28-May-2027,Fri,ABM Team,Global,,,,,,,,,,Not Started,,,
,31-May-2027,Mon,ABM Team,US,USA (US Master Calendar),,P2,C. Industry Cluster,Cross-product,,,P2_ABM_CLUSTER-RETAIL-GROCERY_US_EMAIL-LI_rakesh_11AUG26,"Retail & Grocery - top 20 enterprise + SMB cohort, no overlap w/ dream accts",Not Started,,,Needs industry classification pass on master domain list (no industry column currently exists) - tag via Apollo enrichment.
,31-May-2027,Mon,ABM Team,ROW,,,,,,,,,,Not Started,,,
,31-May-2027,Mon,ABM Team,Global,,,,,,,,,,Not Started,,,
,01-Jun-2027,Tue,ABM Team,US,USA (US Master Calendar),,P2,C. Industry Cluster,Cross-product,,,P2_ABM_CLUSTER-HEALTHCARE_US_EMAIL-LI_rakesh_12AUG26,Healthcare/Hospital systems - top 20 enterprise + SMB cohort,Not Started,,,Same as above.
,01-Jun-2027,Tue,ABM Team,ROW,,,,,,,,,,Not Started,,,
,01-Jun-2027,Tue,ABM Team,Global,,,,,,,,,,Not Started,,,
,02-Jun-2027,Wed,ABM Team,US,USA (US Master Calendar),,P1,D. Dream Account,Cross-product,,,P1_ABM_DREAMACCT-JAMES-2_US_EMAIL-LI_james_13AUG26,James's dream account list - batch 2 of 3,Not Started,,,Scheduled 1 week after batch 1 to avoid overlap with any shared accounts touched elsewhere.
,02-Jun-2027,Wed,ABM Team,ROW,,,,,,,,,,Not Started,,,
,02-Jun-2027,Wed,ABM Team,Global,,,,,,,,,,Not Started,,,
,03-Jun-2027,Thu,ABM Team,US,USA (US Master Calendar),,P2,C. Industry Cluster,Cross-product,,,P2_ABM_CLUSTER-MANUFACTURING_US_EMAIL-LI_rakesh_14AUG26,Manufacturing/Industrial - top 20 enterprise + SMB cohort,Not Started,,,Same as above.
,03-Jun-2027,Thu,ABM Team,ROW,,,,,,,,,,Not Started,,,
,03-Jun-2027,Thu,ABM Team,Global,,,,,,,,,,Not Started,,,
,04-Jun-2027,Fri,ABM Team,US,USA (US Master Calendar),,P2,C. Industry Cluster,Cross-product,,,P2_ABM_CLUSTER-TECH-SAAS_US_EMAIL-LI_rakesh_17AUG26,Tech/SaaS - top 20 enterprise + SMB cohort,Not Started,,,Same as above.
,04-Jun-2027,Fri,ABM Team,ROW,,,,,,,,,,Not Started,,,
,04-Jun-2027,Fri,ABM Team,Global,,,,,,,,,,Not Started,,,
,07-Jun-2027,Mon,ABM Team,US,USA (US Master Calendar),,P2,C. Industry Cluster,Cross-product,,,P2_ABM_CLUSTER-FINANCIAL-SERVICES_US_EMAIL-LI_rakesh_18AUG26,Financial Services/Insurance - top 20 enterprise + SMB cohort,Not Started,,,Same as above.
,07-Jun-2027,Mon,ABM Team,ROW,,,,,,,,,,Not Started,,,
,07-Jun-2027,Mon,ABM Team,Global,,,,,,,,,,Not Started,,,
,08-Jun-2027,Tue,ABM Team,US,USA (US Master Calendar),,P3,C. Industry Cluster,Cross-product,,,P3_ABM_CLUSTER-REALESTATE-2_US_EMAIL-LI_rakesh_19AUG26,Real Estate & Property Management - remaining accounts not covered by 31-Jul send,Not Started,,,Must dedupe against 31-Jul-26 P3_ABM_CUSTOM-PROPMGMT send (291 companies) to avoid double touch.
,08-Jun-2027,Tue,ABM Team,ROW,,,,,,,,,,Not Started,,,
,08-Jun-2027,Tue,ABM Team,Global,,,,,,,,,,Not Started,,,
,09-Jun-2027,Wed,ABM Team,US,USA (US Master Calendar),,P1,D. Dream Account,Cross-product,,,P1_ABM_DREAMACCT-JAMES-3_US_EMAIL-LI_james_20AUG26,James's dream account list - batch 3 of 3,Not Started,,,Final batch.
,09-Jun-2027,Wed,ABM Team,ROW,,,,,,,,,,Not Started,,,
,09-Jun-2027,Wed,ABM Team,Global,,,,,,,,,,Not Started,,,
,10-Jun-2027,Thu,ABM Team,ROW,,,,,,,,,,Not Started,,,
,10-Jun-2027,Thu,ABM Team,Global,,,,,,,,,,Not Started,,,
,11-Jun-2027,Fri,ABM Team,US,USA (US Master Calendar),,P2,E. Event-based (C&S),Cross-product,,,P2_ABM_EVENT-HRTECH_US_EMAIL-LI_rakesh_24AUG26,Attendees/prospects tied to next major HR Tech / Total Rewards conference (US),Blocked,,,"BLOCKED: need the specific upcoming HR/Total Rewards/Loyalty/Market Research events (name, date, city) you want to target - will slot pre-event (LI) + post-event (email) touches once confirmed."
,11-Jun-2027,Fri,ABM Team,ROW,,,,,,,,,,Not Started,,,
,11-Jun-2027,Fri,ABM Team,Global,,,,,,,,,,Not Started,,,
,14-Jun-2027,Mon,ABM Team,US,USA (US Master Calendar),,P2,E. Event-based (C&S),Cross-product,,,P2_ABM_EVENT-LOYALTY_US_EMAIL-LI_rakesh_25AUG26,Attendees/prospects tied to next major Loyalty/Market Research conference (US),Not Started,,,Same blocker as above - pending your event list.
,14-Jun-2027,Mon,ABM Team,ROW,,,,,,,,,,Not Started,,,
,14-Jun-2027,Mon,ABM Team,Global,,,,,,,,,,Not Started,,,
,15-Jun-2027,Tue,ABM Team,US,USA (US Master Calendar),,P2,F. Product Use-Case,Empuls,,,P2_ABM_USECASE-RECOGNITION_US_EMAIL-LI_rakesh_26AUG26,"Buyer: CHRO/CPO | Champion: VP HR / Head of Total Rewards | Influencer: HRBP, Comp & Benefits mgr - large distributed US enterprises",Not Started,,,Displacement framing vs Awardco/Workhuman/Achievers/Motivosity/Vantage/Bonusly/Nectar; dedupe against 21-Jul competitor send.
,15-Jun-2027,Tue,ABM Team,ROW,,,,,,,,,,Not Started,,,
,15-Jun-2027,Tue,ABM Team,Global,,,,,,,,,,Not Started,,,
,16-Jun-2027,Wed,ABM Team,US,USA (US Master Calendar),,P2,F. Product Use-Case,Empuls,,,P2_ABM_USECASE-TRSTRATEGY_US_EMAIL-LI_rakesh_27AUG26,"Buyer: CHRO/CPO | Champion: Head of Total Rewards / Comp & Benefits | Influencer: VP HR, HR Head",Not Started,,,Pair with CHRO/CPO cohort already flagged in 22-27 Jul CUSTOM-CHRO sends (SF/Chicago/Dallas/Seattle) - dedupe.
,16-Jun-2027,Wed,ABM Team,ROW,,,,,,,,,,Not Started,,,
,16-Jun-2027,Wed,ABM Team,Global,,,,,,,,,,Not Started,,,
,17-Jun-2027,Thu,ABM Team,US,USA (US Master Calendar),,P2,F. Product Use-Case,Empuls,,,P2_ABM_USECASE-FRINGEBENEFITS_US_EMAIL-LI_rakesh_28AUG26,"Buyer: Head of Total Rewards/CHRO | Champion: Benefits Head/Manager | Influencer: Comp & benefits, Finance/payroll - US enterprises only (LSA is US/EU-specific)",Not Started,,,"Competitors: Benepass, Forma, Fringe, Perkbox, Reward Gateway - battlecard framing. NOTE: this is NOT Long Service Awards (LSA acronym reused in industry) - that's a separate use case, see 29-Aug row."
,17-Jun-2027,Thu,ABM Team,ROW,,,,,,,,,,Not Started,,,
,17-Jun-2027,Thu,ABM Team,Global,,,,,,,,,,Not Started,,,
,18-Jun-2027,Fri,ABM Team,US,USA (US Master Calendar),,P2,F. Product Use-Case,Empuls,,,P2_ABM_USECASE-WELLBEING_US_EMAIL-LI_rakesh_31AUG26,Buyer: CHRO/Head of Total Rewards | Champion: Head of Wellbeing/Benefits | Influencer: Benefits manager,Not Started,,,"Competitors: Wellhub/Gympass, Personify Health, Calm/Headspace for Business, Wellable."
,18-Jun-2027,Fri,ABM Team,ROW,,,,,,,,,,Not Started,,,
,18-Jun-2027,Fri,ABM Team,Global,,,,,,,,,,Not Started,,,
,21-Jun-2027,Mon,ABM Team,US,USA (US Master Calendar),,P2,F. Product Use-Case,Empuls,,,P2_ABM_USECASE-ENGAGEMENT-EX_US_EMAIL-LI_rakesh_01SEP26,"Buyer: CHRO/CPO | Champion: Head of EX/People & Culture | Influencer: HRBP, engagement managers",Not Started,,,"Competitors: Culture Amp, Lattice, Leapsome, Workleap, Qualtrics EX."
,21-Jun-2027,Mon,ABM Team,ROW,,,,,,,,,,Not Started,,,
,21-Jun-2027,Mon,ABM Team,Global,,,,,,,,,,Not Started,,,
,22-Jun-2027,Tue,ABM Team,US,USA (US Master Calendar),,P2,F. Product Use-Case,Empuls,,,P2_ABM_USECASE-LONGSERVICE_US_EMAIL-LI_rakesh_01SEP26,"Buyer: CHRO/Head of Total Rewards | Champion: HR Ops lead | Influencer: Procurement head, HR admin/manager - US/EU tenure-heavy enterprises",Not Started,,,"Competitors: O.C. Tanner, Workhuman, Awardco, Terryberry - LSA/service-award category is O.C. Tanner's core turf; use direct displacement framing. Distinct from the Fringe Benefits row (28-Aug) despite both sometimes abbreviated 'LSA'."
,22-Jun-2027,Tue,ABM Team,ROW,,,,,,,,,,Not Started,,,
,22-Jun-2027,Tue,ABM Team,Global,,,,,,,,,,Not Started,,,
,23-Jun-2027,Wed,ABM Team,US,USA (US Master Calendar),,P3,F. Product Use-Case,Empuls,,,P3_ABM_USECASE-FRONTLINE_US_EMAIL-LI_rakesh_02SEP26,"Buyer: COO/Ops Head (CHRO co-sign) | Champion: VP People/People Ops | Influencer: HR Director, site/field managers",Not Started,,,"New angle for US retail/logistics/manufacturing with deskless staff. Competitors: Axonify, Beekeeper, Blink, Nudge, Workvivo."
,23-Jun-2027,Wed,ABM Team,ROW,,,,,,,,,,Not Started,,,
,23-Jun-2027,Wed,ABM Team,Global,,,,,,,,,,Not Started,,,
,24-Jun-2027,Thu,ABM Team,US,USA (US Master Calendar),,P2,F. Product Use-Case,Empuls,,,P2_ABM_USECASE-SALES-ICM_US_EMAIL-LI_rakesh_03SEP26,"Buyer: CFO/CRO | Champion: Head of RevOps/Sales Ops | Influencer: ICM manager, Finance, VP Sales",Not Started,,,"Competitors: Everstage, CaptivateIQ, QuotaPath, Varicent, Xactly, Spiff. Different buyer (Finance/RevOps) than HR-led streams - separate cadence."
,24-Jun-2027,Thu,ABM Team,ROW,,,,,,,,,,Not Started,,,
,24-Jun-2027,Thu,ABM Team,Global,,,,,,,,,,Not Started,,,
,25-Jun-2027,Fri,ABM Team,US,USA (US Master Calendar),,P2,F. Product Use-Case,Loyalife,,,P2_ABM_USECASE-RETAIL-LOYALTY_US_EMAIL-LI_rakesh_04SEP26,Buyer: CMO/Head of Loyalty | Champion: CRM/loyalty program manager - US retail & apparel chains,Not Started,,,"Different buyer persona (Marketing, not HR) - schedule independently of Empuls sends to the same parent company if any."
,25-Jun-2027,Fri,ABM Team,ROW,,,,,,,,,,Not Started,,,
,25-Jun-2027,Fri,ABM Team,Global,,,,,,,,,,Not Started,,,
,28-Jun-2027,Mon,ABM Team,US,USA (US Master Calendar),,P2,F. Product Use-Case,Loyalife,,,P2_ABM_USECASE-QSR-LOYALTY_US_EMAIL-LI_rakesh_07SEP26,Buyer: CMO/Head of Digital | Champion: Loyalty/app product manager - US QSR & restaurant chains,Not Started,,,"Crowded/specialist-owned (Punchh, Paytronix, Thanx, Como, Spendgo) - displacement framing needed."
,28-Jun-2027,Mon,ABM Team,ROW,,,,,,,,,,Not Started,,,
,28-Jun-2027,Mon,ABM Team,Global,,,,,,,,,,Not Started,,,
,29-Jun-2027,Tue,ABM Team,US,USA (US Master Calendar),,P3,F. Product Use-Case,Loyalife,,,P3_ABM_USECASE-TRAVEL-AIRHOTEL_US_EMAIL-LI_rakesh_08SEP26,Buyer: VP Loyalty/CCO | Champion: FFP/Loyalty program manager - US airlines & hotel groups,Not Started,,,"Mature/incumbent-heavy category - position Plum/Loyalife as redemption-catalogue layer, not the core engine. Treat as experimental (P3)."
,29-Jun-2027,Tue,ABM Team,ROW,,,,,,,,,,Not Started,,,
,29-Jun-2027,Tue,ABM Team,Global,,,,,,,,,,Not Started,,,
,30-Jun-2027,Wed,ABM Team,US,USA (US Master Calendar),,P3,F. Product Use-Case,Loyalife,,,P3_ABM_USECASE-FUEL-UTILITIES_US_EMAIL-LI_rakesh_09SEP26,"Buyer: Head of Retail/Loyalty (fuel), Head of Customer/CMO (utilities) | Champion: Loyalty/Retention manager",Not Started,,,Two adjacent verticals bundled into one send due to buyer-persona overlap; split if response data suggests otherwise.
,30-Jun-2027,Wed,ABM Team,ROW,,,,,,,,,,Not Started,,,
,30-Jun-2027,Wed,ABM Team,Global,,,,,,,,,,Not Started,,,
,01-Jul-2027,Thu,ABM Team,US,USA (US Master Calendar),,P2,F. Product Use-Case,Loyalife,,,P2_ABM_USECASE-ECOM-D2C_US_EMAIL-LI_rakesh_10SEP26,Buyer: Head of Growth/CMO | Champion: CRM/retention manager - US D2C & e-commerce brands,Not Started,,,High-velocity vertical; pairs well with performance-marketing-literate messaging.
,01-Jul-2027,Thu,ABM Team,ROW,,,,,,,,,,Not Started,,,
,01-Jul-2027,Thu,ABM Team,Global,,,,,,,,,,Not Started,,,
,02-Jul-2027,Fri,ABM Team,US,USA (US Master Calendar),,P3,F. Product Use-Case,Loyalife,,,P3_ABM_USECASE-FINTECH-CONSUMER_US_EMAIL-LI_rakesh_11SEP26,Buyer: Head of Growth/CPO | Champion: Lifecycle/CRM manager - US fintech/neobank apps,Not Started,,,"New vertical, treat as experimental (P3)."
,02-Jul-2027,Fri,ABM Team,ROW,,,,,,,,,,Not Started,,,
,02-Jul-2027,Fri,ABM Team,Global,,,,,,,,,,Not Started,,,
,05-Jul-2027,Mon,ABM Team,US,USA (US Master Calendar),,P3,F. Product Use-Case,Loyalife,,,P3_ABM_USECASE-TECH-CHANNEL_US_EMAIL-LI_rakesh_14SEP26,Buyer: Head of Channel/Partner Marketing | Champion: Partner program manager - US tech vendors with VAR/SI/MSP networks,Not Started,,,Distinct from Empuls HR buyer - targets partner/channel org within tech companies already in the master list.
,05-Jul-2027,Mon,ABM Team,ROW,,,,,,,,,,Not Started,,,
,05-Jul-2027,Mon,ABM Team,Global,,,,,,,,,,Not Started,,,
,06-Jul-2027,Tue,ABM Team,US,USA (US Master Calendar),,P2,F. Product Use-Case,Plum,,,P2_ABM_USECASE-CORPGIFTING_US_EMAIL-LI_rakesh_15SEP26,Buyer: Head of Marketing/HR/Procurement | Champion: Field marketing/HR ops/admin,Not Started,,,"Competitors: Sendoso, Reachdesk, Goody, Snappy, Tremendous. Angle: digital breadth, no warehousing/minimums vs Sendoso's physical-heavy model."
,06-Jul-2027,Tue,ABM Team,ROW,,,,,,,,,,Not Started,,,
,06-Jul-2027,Tue,ABM Team,Global,,,,,,,,,,Not Started,,,
,07-Jul-2027,Wed,ABM Team,US,USA (US Master Calendar),,P1,F. Product Use-Case,Plum,,,P1_ABM_USECASE-ABMGIFTING_US_EMAIL-LI_rakesh_16SEP26,Buyer: Head of Demand Gen/ABM | Champion: ABM/field marketing manager - US B2B marketing teams running their own ABM,Not Started,,,"Meta angle: sell ABM gifting to marketers running ABM - practice-what-we-preach positioning. High-intent buyer, prioritize P1."
,07-Jul-2027,Wed,ABM Team,ROW,,,,,,,,,,Not Started,,,
,07-Jul-2027,Wed,ABM Team,Global,,,,,,,,,,Not Started,,,
,08-Jul-2027,Thu,ABM Team,US,USA (US Master Calendar),,P2,F. Product Use-Case,Plum,,,P2_ABM_USECASE-DEMOINCENTIVE_US_EMAIL-LI_rakesh_17SEP26,Buyer: Head of Demand Gen/SDR leadership | Champion: Marketing ops - US B2B SaaS with active SDR motions,Not Started,,,"Sell into the same SDR/demand-gen org as ABM gifting above - sequence 1 week apart, not same week, to avoid two touches on one buying group."
,08-Jul-2027,Thu,ABM Team,ROW,,,,,,,,,,Not Started,,,
,08-Jul-2027,Thu,ABM Team,Global,,,,,,,,,,Not Started,,,
,09-Jul-2027,Fri,ABM Team,US,USA (US Master Calendar),,P2,F. Product Use-Case,Plum,,,P2_ABM_USECASE-MARKETRESEARCH_US_EMAIL-LI_rakesh_18SEP26,"Buyer: VP Insights/Research Director (survey), Head of UX Research/Product Ops (UX) | Champion: Panel/fieldwork manager, Research ops",Not Started,,,"Distinct buyer org (Research/Insights, not Marketing or HR) - market research firms, panel companies, UX research teams at US enterprises."
,09-Jul-2027,Fri,ABM Team,ROW,,,,,,,,,,Not Started,,,
,09-Jul-2027,Fri,ABM Team,Global,,,,,,,,,,Not Started,,,
,12-Jul-2027,Mon,ABM Team,US,USA (US Master Calendar),,P3,F. Product Use-Case,Plum,,,P3_ABM_USECASE-REALESTATE-RESIDENT_US_EMAIL-LI_rakesh_21SEP26,Buyer: Head of Loyalty (proptech)/multifamily operator marketing | Champion: Resident-experience manager,Not Started,,,Direct answer to your original 'real estate use case' ask - distinct from 31-Jul CUSTOM-PROPMGMT send (that was property MANAGEMENT companies as gifting recipients; this is proptech/multifamily operators as a Plum reward-program buyer). No overlap expected but verify before send.
,12-Jul-2027,Mon,ABM Team,ROW,,,,,,,,,,Not Started,,,
,12-Jul-2027,Mon,ABM Team,Global,,,,,,,,,,Not Started,,,
,13-Jul-2027,Tue,ABM Team,US,USA (US Master Calendar),,P3,F. Product Use-Case,Plum,,,P3_ABM_USECASE-GIGPAYOUTS_US_EMAIL-LI_rakesh_22SEP26,"Buyer: Head of Ops/Finance | Champion: Payments PM - US gig-economy platforms, creator platforms, marketplaces",Not Started,,,"New vertical, treat as experimental (P3). Different buying motion (Ops/Finance, payments infra) - needs its own qualification questions in copy."
,13-Jul-2027,Tue,ABM Team,ROW,,,,,,,,,,Not Started,,,
,13-Jul-2027,Tue,ABM Team,Global,,,,,,,,,,Not Started,,,
,14-Jul-2027,Wed,ABM Team,US,USA (US Master Calendar),,P1,G. Integration/Tech-Stack Signal,Empuls,,,P1_ABM_TECHSTACK-WORKDAY_US_EMAIL-LI_rakesh_22SEP26,Buyer: CHRO/Head of HR | Champion: HR Ops/People Analytics - companies confirmed on Workday (good tech-stack signal per ICP doc),Not Started,,,"High-intent per ICP doc - Workday listed as a top HRIS signal. Lead with 'daily sync, zero manual onboarding' hook from the one-pager."
,14-Jul-2027,Wed,ABM Team,ROW,,,,,,,,,,Not Started,,,
,14-Jul-2027,Wed,ABM Team,Global,,,,,,,,,,Not Started,,,
,15-Jul-2027,Thu,ABM Team,US,USA (US Master Calendar),,P1,G. Integration/Tech-Stack Signal,Empuls,,,P1_ABM_TECHSTACK-MSTEAMS_US_EMAIL-LI_rakesh_23SEP26,Buyer: CHRO/CPO | Champion: Head of HR / IT (SSO) - companies on MS Teams + Azure AD SSO,Not Started,,,Removes 'another tool to learn' objection - recognition happens inside Teams they already use daily.
,15-Jul-2027,Thu,ABM Team,ROW,,,,,,,,,,Not Started,,,
,15-Jul-2027,Thu,ABM Team,Global,,,,,,,,,,Not Started,,,
,16-Jul-2027,Fri,ABM Team,US,USA (US Master Calendar),,P2,G. Integration/Tech-Stack Signal,Empuls,,,P2_ABM_TECHSTACK-UKG_US_EMAIL-LI_rakesh_24SEP26,Buyer: CHRO/VP HR | Champion: HRIS/HR Ops lead - companies on UKG,Not Started,,,Deck exists but no confirmed account list yet - needs tagging via Apollo/BuiltWith like the Workday stream.
,16-Jul-2027,Fri,ABM Team,ROW,,,,,,,,,,Not Started,,,
,16-Jul-2027,Fri,ABM Team,Global,,,,,,,,,,Not Started,,,
,19-Jul-2027,Mon,ABM Team,US,USA (US Master Calendar),,P1,G. Integration/Tech-Stack Signal,Empuls,,,P1_ABM_TECHSTACK-FRONTLINE_US_EMAIL-LI_rakesh_25SEP26,"Buyer: COO/Ops Head (CHRO co-sign) | Champion: VP People/People Ops - US retail, manufacturing, logistics, healthcare with shop-floor staff",Not Started,,,"Solves the 'no corporate email' blocker directly - strong differentiator vs Workhuman/Achievers who are desk-worker-first. Same vertical as the Stream F Frontline campaign (02-Sep) - this is the tech/feature angle version, dedupe or merge before send."
,19-Jul-2027,Mon,ABM Team,ROW,,,,,,,,,,Not Started,,,
,19-Jul-2027,Mon,ABM Team,Global,,,,,,,,,,Not Started,,,
,20-Jul-2027,Tue,ABM Team,US,USA (US Master Calendar),,P2,G. Integration/Tech-Stack Signal,Empuls,,,P2_ABM_TECHSTACK-GLOBALENTERPRISE_US_EMAIL-LI_rakesh_28SEP26,Buyer: CHRO/CXO | Champion: Head of Total Rewards (global) - US HQ'd companies with large international headcount,Not Started,,,"Differentiator angle: 'one platform, not 5 regional vendors' - strong for companies currently stitching together region-specific tools."
,20-Jul-2027,Tue,ABM Team,ROW,,,,,,,,,,Not Started,,,
,20-Jul-2027,Tue,ABM Team,Global,,,,,,,,,,Not Started,,,
,21-Jul-2027,Wed,ABM Team,US,USA (US Master Calendar),,P3,G. Integration/Tech-Stack Signal,Empuls,,,P3_ABM_TECHSTACK-LMS-LEARNING_US_EMAIL-LI_rakesh_29SEP26,Buyer: Head of L&D + CHRO (joint) | Champion: L&D manager - US enterprises with structured learning programs,Not Started,,,"New angle, treat as experimental (P3) - bridges L&D and HR buyer, may need a blended champion in copy."
,21-Jul-2027,Wed,ABM Team,ROW,,,,,,,,,,Not Started,,,
,21-Jul-2027,Wed,ABM Team,Global,,,,,,,,,,Not Started,,,
,22-Jul-2027,Thu,ABM Team,US,USA (US Master Calendar),,P2,G. Integration/Tech-Stack Signal,Empuls,,,P2_ABM_TECHSTACK-AIINSIGHTS_US_EMAIL-LI_rakesh_30SEP26,Buyer: CHRO/CPO | Champion: People Analytics lead - companies already invested in People Analytics/HR tech modernization,Not Started,,,Lead with predictive attrition-risk flagging - maps directly to the 'recent attrition spike' buying trigger in the ICP doc.
,22-Jul-2027,Thu,ABM Team,ROW,,,,,,,,,,Not Started,,,
,22-Jul-2027,Thu,ABM Team,Global,,,,,,,,,,Not Started,,,
